-10,-81.3452,-81.3508,-81.3562,-81.3615,-81.3666,-81.3716,-81.3764,-81.3811,-81.3857,-81.3901,-81.3944
-9,-81.3453,-81.3509,-81.3563,-81.3616,-81.3667,-81.3717,-81.3765,-81.3812,-81.3857,-81.3901,-81.3944
-8,-81.3453,-81.3509,-81.3563,-81.3616,-81.3667,-81.3717,-81.3765,-81.3812,-81.3858,-81.3902,-81.3945
-7,-81.3454,-81.351,-81.3564,-81.3617,-81.3668,-81.3718,-81.3766,-81.3813,-81.3858,-81.3902,-81.3945
-6,-81.3454,-81.351,-81.3565,-81.3617,-81.3669,-81.3718,-81.3767,-81.3813,-81.3859,-81.3903,-81.3946
-5,-81.3455,-81.3511,-81.3565,-81.3618,-81.3669,-81.3719,-81.3767,-81.3814,-81.3859,-81.3904,-81.3946
-4,-81.3455,-81.3511,-81.3566,-81.3618,-81.367,-81.3719,-81.3768,-81.3814,-81.386,-81.3904,-81.3947
-3,-81.3456,-81.3512,-81.3566,-81.3619,-81.367,-81.372,-81.3768,-81.3815,-81.386,-81.3905,-81.3947
-2,-81.3456,-81.3512,-81.3567,-81.3619,-81.3671,-81.372,-81.3769,-81.3816,-81.3861,-81.3905,-81.3948
-1,-81.3457,-81.3513,-81.3567,-81.362,-81.3671,-81.3721,-81.3769,-81.3816,-81.3862,-81.3906,-81.3949
0,-81.3457,-81.3511,-81.3567,-81.3617,-81.3667,-81.3716,-81.3767,-81.3816,-81.3853,-81.3903,-81.3948
1,-72.5279,-72.5334,-72.5395,-72.5445,-72.5491,-72.5545,-72.56,-72.5652,-72.5692,-72.5746,-72.5793
2,-64.1704,-64.1774,-64.1848,-64.1912,-64.197,-64.2037,-64.2106,-64.2171,-64.2221,-64.2287,-64.2347
3,-34.2499,-34.3721,-34.5055,-34.6144,-34.717,-34.8322,-34.9615,-35.0757,-35.1547,-35.2723,-35.3809
4,45.084,44.8221,44.5622,44.3057,44.0507,43.7975,43.5464,43.2985,43.0519,42.8072,42.5653
5,52.1524,51.1545,50.1769,49.2205,48.2814,47.3628,46.4616,45.5771,44.7127,43.8646,43.0343
6,49.2555,47.5232,45.8435,44.2262,42.6605,41.1532,39.691,38.2781,36.9217,35.6084,34.338
7,46.652,44.3935,42.2388,40.1933,38.2449,36.3964,34.6343,32.9595,31.3742,29.8654,28.43
8,44.3886,41.8113,39.392,37.1302,35.0113,33.0325,31.1785,29.445,27.8287,26.3143,24.8953
9,42.4472,39.7167,37.1938,34.8715,32.7307,30.7622,28.9471,27.275,25.7363,24.3135,22.9961
10,40.7941,38.0326,35.5191,33.2389,31.168,29.29,27.5816,26.0269,24.6111,23.3145,22.1237
11,39.3925,36.6851,34.2543,32.0778,30.1259,28.3761,26.8011,25.3806,24.0964,22.9277,21.8596
12,38.2066,35.6092,33.3046,31.2637,29.4519,27.8416,26.403,25.1132,23.952,22.8987,21.9381
13,37.2035,34.7495,32.5937,30.7007,29.0329,27.559,26.2482,25.0765,24.0232,23.0684,22.1974
14,36.3538,34.0607,32.0615,30.317,28.7873,27.4397,26.2434,25.1744,24.2128,23.3398,22.5416
15,35.6317,33.5054,31.6619,30.0593,28.6574,27.4232,26.327,25.3458,24.4608,23.6547,22.9149
16,35.0154,33.0541,31.3594,29.8888,28.6024,27.4685,26.4588,25.5518,24.7304,23.9787,23.2855
17,34.486,32.683,31.1275,29.7772,28.594,27.5477,26.6124,25.768,24.9991,24.2915,23.635
18,34.0278,32.3735,30.9458,29.704,28.6123,27.6424,26.7706,25.9788,25.2531,24.5807,23.9528
19,33.6277,32.1108,30.7993,29.6545,28.6432,27.7395,26.9219,26.1739,25.4833,24.8387,24.232
20,33.2748,31.8834,30.6764,29.6178,28.6769,27.8303,27.0585,26.3467,25.684,25.0601,24.4678
21,32.96,31.6822,30.5687,29.586,28.7065,27.9087,27.1751,26.4923,25.8506,25.2406,24.6559
22,32.6758,31.5001,30.4695,29.5535,28.7268,27.9702,27.2676,26.607,25.9793,25.376,24.7913
23,32.4162,31.3314,30.374,29.5159,28.7343,28.0115,27.3329,26.6873,26.0663,25.4619,24.8689
24,32.1759,31.1718,30.2783,29.4701,28.726,28.0299,27.368,26.7298,26.1074,25.4931,24.8826
25,31.9508,31.0175,30.1794,29.4133,28.6994,28.0228,27.3699,26.7307,26.0978,25.4639,24.8271
26,31.7372,30.8658,30.0751,29.3435,28.6525,27.9876,27.3354,26.6858,26.0323,25.3697,24.7007
27,31.5324,30.7143,29.9632,29.2589,28.5832,27.9216,27.2606,26.5904,25.9066,25.2094,24.5104
28,31.3336,30.5609,29.842,29.1574,28.4889,27.8215,27.1413,26.4403,25.7198,24.9903,24.2748
29,31.1388,30.4038,29.7099,29.0373,28.3672,27.6838,26.9736,26.234,25.4781,24.7303,24.0198
30,30.946,30.2415,29.565,28.8962,28.2148,27.5045,26.7552,25.976,25.1977,24.4541,23.7692
31,30.7534,30.0723,29.4057,28.7317,28.0284,27.2808,26.4882,25.6795,24.9013,24.1838,23.5368
32,30.5595,29.8946,29.2297,28.5408,27.8047,27.0122,26.1816,25.3648,24.6102,23.9323,23.3274
33,30.3626,29.7067,29.0348,28.3204,27.5415,26.7036,25.8524,25.0526,24.3376,23.7042,23.1404
34,30.1612,29.5065,28.8182,28.0676,27.2397,26.3666,25.52,24.7571,24.0885,23.4987,22.9728
35,29.9535,29.292,28.5771,27.7806,26.9053,26.0184,25.2005,24.4848,23.8627,23.3132,22.8214
36,29.7377,29.0607,28.3087,27.4604,26.5504,25.6759,24.9027,24.2364,23.6576,23.1444,22.6831
37,29.512,28.8099,28.0112,27.1126,26.1905,25.3512,24.6291,24.0098,23.4701,22.9892,22.5554
38,29.274,28.5369,27.6849,26.748,25.8404,25.0498,24.3786,23.8021,23.2971,22.8452,22.436
39,29.0214,28.2398,27.3338,26.3804,25.5097,24.7724,24.1485,23.6101,23.1361,22.7102,22.3233
40,28.7517,27.9177,26.9664,26.023,25.2024,24.5172,23.9359,23.4313,22.985,22.5826,22.216
41,28.4625,27.5725,26.5945,25.6844,24.9187,24.2815,23.7379,23.2636,22.8422,22.461,22.113
42,28.1523,27.2097,26.23,25.3687,24.6566,24.0624,23.5524,23.1051,22.7061,22.3442,22.0131
43,27.8209,26.8384,25.8822,25.0761,24.4136,23.8576,23.3774,22.9543,22.5757,22.2314,21.9157
44,27.4708,26.4693,25.5557,24.805,24.187,23.6648,23.2113,22.8101,22.45,22.1217,21.8201
45,27.1075,26.1121,25.2517,24.5529,23.9745,23.4823,23.0528,22.6714,22.3281,22.0144,21.7257
46,26.7396,25.7732,24.9693,24.3174,23.774,23.3087,22.9007,22.5372,22.2093,21.9089,21.6319
47,26.3763,25.4555,24.7062,24.0962,23.5838,23.1426,22.7542,22.407,22.0929,21.8046,21.5384
48,26.0258,25.1592,24.4602,23.8872,23.4025,22.983,22.6122,22.2798,21.9784,21.7012,21.4448
49,25.6933,24.8827,24.229,23.6889,23.229,22.829,22.4743,22.1553,21.8654,21.5983,21.3507
50,25.3809,24.624,24.0107,23.4998,23.0622,22.6799,22.3396,22.0328,21.7533,21.4954,21.256
51,25.0884,24.3811,23.8035,23.3187,22.9011,22.5348,22.2076,21.9119,21.6419,21.3923,21.1604
52,24.8147,24.1519,23.606,23.1446,22.7451,22.3931,22.0778,21.7921,21.5308,21.2888,21.0637
53,24.5578,23.9347,23.417,22.9766,22.5933,22.2543,21.9498,21.6732,21.4197,21.1847,20.9657
54,24.3158,23.7278,23.2353,22.8138,22.4451,22.118,21.8232,21.5548,21.3085,21.0797,20.8663
55,24.0868,23.5301,23.0601,22.6555,22.3001,21.9835,21.6975,21.4367,21.1968,20.9738,20.7655
56,23.8693,23.3403,22.8905,22.5011,22.1576,21.8507,21.5726,21.3185,21.0846,20.8667,20.6632
57,23.6616,23.1575,22.7258,22.3501,22.0173,21.719,21.4482,21.2002,20.9716,20.7585,20.5592
58,23.4627,22.9807,22.5653,22.2019,21.8787,21.5882,21.3239,21.0815,20.8577,20.6489,20.4535
59,23.2715,22.8093,22.4084,22.056,21.7415,21.4581,21.1996,20.9623,20.7429,20.538,20.3461
60,23.087,22.6424,22.2546,21.9121,21.6054,21.3283,21.0752,20.8424,20.627,20.4257,20.237
61,22.9083,22.4796,22.1034,21.7698,21.4701,21.1987,20.9504,20.7217,20.51,20.3119,20.1261
62,22.7348,22.3201,21.9544,21.6287,21.3353,21.0691,20.8251,20.6002,20.3917,20.1966,20.0134
63,22.5657,22.1636,21.8072,21.4886,21.2009,20.9393,20.6992,20.4777,20.2722,20.0798,19.899
64,22.4004,22.0096,21.6615,21.3493,21.0666,20.8091,20.5727,20.3542,20.1514,19.9614,19.7828
65,22.2385,21.8576,21.5169,21.2104,20.9322,20.6786,20.4453,20.2296,20.0293,19.8414,19.6648
66,22.0794,21.7074,21.3732,21.0718,20.7977,20.5474,20.317,20.1039,19.9058,19.7199,19.545
67,21.9227,21.5585,21.2302,20.9333,20.6629,20.4157,20.1879,19.977,19.7809,19.5967,19.4235
68,21.7679,21.4108,21.0876,20.7948,20.5276,20.2832,20.0577,19.8489,19.6545,19.472,19.3002
69,21.6149,21.2639,20.9453,20.656,20.3919,20.1498,19.9265,19.7195,19.5268,19.3457,19.1752
70,21.4632,21.1175,20.8031,20.517,20.2555,20.0157,19.7942,19.5889,19.3976,19.2179,19.0485
71,21.3125,20.9717,20.6608,20.3776,20.1184,19.8806,19.6609,19.457,19.267,19.0884,18.9201
72,21.1627,20.826,20.5184,20.2377,19.9806,19.7445,19.5263,19.3238,19.135,18.9574,18.79
73,21.0135,20.6805,20.3756,20.0972,19.842,19.6075,19.3907,19.1893,19.0016,18.8249,18.6583
74,20.8646,20.5348,20.2325,19.956,19.7025,19.4694,19.2538,19.0535,18.8667,18.6908,18.5249
75,20.7161,20.389,20.0888,19.8142,19.5621,19.3303,19.1158,18.9164,18.7304,18.5552,18.3899
76,20.5675,20.2429,19.9446,19.6715,19.4208,19.1901,18.9765,18.778,18.5927,18.4181,18.2534
77,20.419,20.0965,19.7998,19.5281,19.2785,19.0488,18.8361,18.6383,18.4536,18.2796,18.1153
78,20.2702,19.9495,19.6544,19.3838,19.1352,18.9064,18.6944,18.4972,18.3131,18.1395,17.9756
79,20.1212,19.8021,19.5082,19.2387,18.991,18.7629,18.5515,18.3549,18.1712,17.9981,17.8345
80,19.9719,19.654,19.3612,19.0926,18.8457,18.6182,18.4075,18.2113,18.028,17.8552,17.6919
81,19.822,19.5053,19.2134,18.9456,18.6993,18.4725,18.2622,18.0665,17.8835,17.7109,17.5478
82,19.6717,19.3559,19.0648,18.7977,18.552,18.3256,18.1157,17.9203,17.7376,17.5652,17.4023
83,19.5208,19.2058,18.9153,18.6488,18.4036,18.1776,17.9681,17.773,17.5904,17.4182,17.2554
84,19.3693,19.0549,18.765,18.4989,18.2541,18.0285,17.8192,17.6243,17.442,17.2699,17.1071
85,19.2171,18.9032,18.6138,18.3481,18.1036,17.8783,17.6693,17.4745,17.2923,17.1203,16.9575
86,19.0642,18.7507,18.4616,18.1962,17.9521,17.727,17.5181,17.3235,17.1413,16.9694,16.8066
87,18.9106,18.5974,18.3086,18.0434,17.7995,17.5746,17.3658,17.1713,16.9892,16.8172,16.6544
88,18.7563,18.4432,18.1546,17.8897,17.6459,17.4211,17.2124,17.018,16.8358,16.6638,16.501
89,18.6011,18.2882,17.9997,17.7349,17.4913,17.2665,17.058,16.8635,16.6813,16.5093,16.3463
90,18.4452,18.1323,17.8439,17.5792,17.3356,17.1109,16.9024,16.7079,16.5256,16.3535,16.1904
91,18.2884,17.9755,17.6871,17.4225,17.1789,16.9543,16.7457,16.5512,16.3689,16.1966,16.0333
92,18.1308,17.8179,17.5295,17.2648,17.0213,16.7966,16.588,16.3934,16.211,16.0386,15.8751
93,17.9724,17.6594,17.3709,17.1062,16.8627,16.638,16.4293,16.2345,16.052,15.8794,15.7158
94,17.8132,17.5,17.2114,16.9467,16.7031,16.4783,16.2695,16.0747,15.892,15.7192,15.5554
95,17.6532,17.3397,17.0511,16.7862,16.5426,16.3177,16.1088,15.9138,15.7309,15.558,15.394
96,17.4923,17.1786,16.8898,16.6249,16.3811,16.1561,15.9471,15.7519,15.5689,15.3957,15.2315
97,17.3306,17.0166,16.7277,16.4626,16.2187,15.9936,15.7844,15.5891,15.4059,15.2325,15.068
98,17.1681,16.8538,16.5647,16.2995,16.0554,15.8302,15.6208,15.4253,15.2419,15.0683,14.9035
99,17.0047,16.6902,16.4008,16.1354,15.8913,15.6659,15.4563,15.2606,15.077,14.9031,14.738
100,16.8406,16.5257,16.2361,15.9706,15.7262,15.5007,15.291,15.0951,14.9111,14.737,14.5717
101,16.6756,16.3605,16.0706,15.8049,15.5604,15.3346,15.1247,14.9286,14.7444,14.57,14.4044
102,16.5099,16.1944,15.9043,15.6384,15.3937,15.1678,14.9577,14.7613,14.5769,14.4022,14.2363
103,16.3434,16.0275,15.7372,15.4711,15.2262,15.0001,14.7898,14.5932,14.4085,14.2335,14.0673
104,16.1761,15.8599,15.5693,15.303,15.0579,14.8316,14.6211,14.4242,14.2393,14.064,13.8975
105,16.0081,15.6915,15.4007,15.1342,14.8889,14.6624,14.4516,14.2545,14.0693,13.8937,13.7268
106,15.8393,15.5224,15.2313,14.9646,14.7191,14.4924,14.2814,14.0841,13.8985,13.7227,13.5554
107,15.6699,15.3526,15.0612,14.7943,14.5486,14.3217,14.1104,13.9128,13.727,13.5509,13.3833
108,15.4997,15.1821,14.8904,14.6233,14.3774,14.1502,13.9388,13.7409,13.5548,13.3783,13.2104
109,15.3288,15.0108,14.719,14.4516,14.2055,13.9781,13.7664,13.5683,13.3819,13.205,13.0367
110,15.1572,14.8389,14.5468,14.2792,14.0329,13.8053,13.5934,13.395,13.2083,13.0311,12.8624
111,14.985,14.6664,14.374,14.1062,13.8597,13.6319,13.4197,13.221,13.034,12.8565,12.6874
112,14.8122,14.4932,14.2006,13.9325,13.6858,13.4578,13.2453,13.0464,12.8591,12.6812,12.5118
113,14.6387,14.3194,14.0265,13.7583,13.5114,13.2831,13.0704,12.8712,12.6835,12.5053,12.3355
114,14.4646,14.145,13.8519,13.5834,13.3363,13.1078,12.8949,12.6953,12.5074,12.3288,12.1586
115,14.2899,13.97,13.6767,13.408,13.1607,12.9319,12.7187,12.5189,12.3306,12.1517,11.9811
116,14.1146,13.7944,13.5009,13.232,12.9845,12.7555,12.542,12.3419,12.1533,11.974,11.803
117,13.9388,13.6183,13.3245,13.0555,12.8077,12.5785,12.3648,12.1644,11.9754,11.7957,11.6243
118,13.7624,13.4417,13.1477,12.8784,12.6305,12.401,12.187,11.9863,11.797,11.6169,11.4451
119,13.5855,13.2645,12.9703,12.7008,12.4527,12.223,12.0087,11.8077,11.618,11.4375,11.2653
120,13.4081,13.0868,12.7924,12.5227,12.2744,12.0445,11.83,11.6286,11.4385,11.2577,11.0849
121,13.2302,12.9086,12.614,12.3442,12.0956,11.8655,11.6507,11.449,11.2585,11.0772,10.9041
122,13.0518,12.73,12.4352,12.1652,11.9164,11.686,11.4709,11.2689,11.078,10.8963,10.7227
123,12.873,12.5509,12.2559,11.9857,11.7367,11.5061,11.2907,11.0883,10.8971,10.7149,10.5408
124,12.6937,12.3714,12.0762,11.8058,11.5566,11.3257,11.11,10.9072,10.7156,10.533,10.3584
125,12.5139,12.1914,11.896,11.6254,11.376,11.1449,10.9288,10.7257,10.5337,10.3507,10.1755
126,12.3338,12.011,11.7155,11.4447,11.195,10.9636,10.7473,10.5438,10.3514,10.1678,9.99219
127,12.1532,11.8302,11.5345,11.2635,11.0136,10.7819,10.5653,10.3614,10.1685,9.98453,9.80835
128,11.9722,11.6491,11.3531,11.0819,10.8318,10.5998,10.3828,10.1786,9.98528,9.80077,9.62403
129,11.7909,11.4675,11.1714,10.9,10.6496,10.4173,10.2,9.99535,9.80157,9.61655,9.43925
130,11.6092,11.2856,10.9892,10.7176,10.467,10.2345,10.0168,9.81169,9.61743,9.43188,9.25399
131,11.4271,11.1033,10.8068,10.5349,10.2841,10.0512,9.83311,9.62761,9.43286,9.24675,9.06826
132,11.2446,10.9206,10.6239,10.3518,10.1007,9.86753,9.64906,9.44312,9.24785,9.06118,8.88207
133,11.0619,10.7376,10.4407,10.1684,9.91702,9.68349,9.46462,9.25821,9.06242,8.87516,8.69541
134,10.8788,10.5543,10.2572,9.98464,9.73296,9.49907,9.27979,9.0729,8.87656,8.6887,8.50828
135,10.6953,10.3706,10.0733,9.80052,9.54853,9.31428,9.09456,8.88717,8.69027,8.50178,8.32067
136,10.5116,10.1867,9.8891,9.61606,9.36375,9.12912,8.90895,8.70104,8.50355,8.31441,8.13259
137,10.3275,10.0024,9.70457,9.43125,9.17862,8.94358,8.72295,8.5145,8.3164,8.12659,7.94403
138,10.1432,9.81777,9.51973,9.24612,8.99313,8.75768,8.53656,8.32755,8.12881,7.9383,7.75498
139,9.95853,9.63287,9.33456,9.06064,8.8073,8.57141,8.34977,8.14018,7.94079,7.74955,7.56544
140,9.77359,9.44767,9.14908,8.87484,8.62111,8.38476,8.16259,7.95239,7.75232,7.56033,7.3754
141,9.58836,9.26216,8.96329,8.6887,8.43456,8.19774,7.97501,7.76418,7.5634,7.37063,7.18485
142,9.40285,9.07636,8.77718,8.50223,8.24767,8.01034,7.78703,7.57554,7.37402,7.18044,6.99378
143,9.21707,8.89027,8.59075,8.31543,8.06042,7.82256,7.59864,7.38646,7.18417,6.98976,6.80218
144,9.03101,8.70388,8.40402,8.12829,7.8728,7.63439,7.40984,7.19694,6.99385,6.79856,6.61004
145,8.84467,8.5172,8.21696,7.94081,7.68482,7.44583,7.22061,7.00696,6.80305,6.60685,6.41735
146,8.65806,8.33022,8.02959,7.75298,7.49647,7.25687,7.03096,6.81653,6.61175,6.41461,6.22408
147,8.47117,8.14295,7.8419,7.56481,7.30774,7.0675,6.84086,6.62562,6.41994,6.22182,6.03023
148,8.28401,7.95537,7.65388,7.37628,7.11863,6.87771,6.65032,6.43423,6.22761,6.02847,5.83578
149,8.09657,7.7675,7.46553,7.1874,6.92913,6.68751,6.45932,6.24234,6.03475,5.83454,5.64071
150,7.90886,7.57932,7.27685,6.99814,6.73922,6.49686,6.26784,6.04994,5.84133,5.64003,5.44501
151,7.72086,7.39082,7.08782,6.80851,6.54891,6.30577,6.07588,5.85701,5.64735,5.4449,5.24865
152,7.53258,7.20201,6.89844,6.61849,6.35817,6.11422,5.88342,5.66355,5.45279,5.24914,5.05161
153,7.344,7.01288,6.70871,6.42809,6.167,5.9222,5.69045,5.46953,5.25762,5.05274,4.85387
154,7.15514,6.82342,6.5186,6.23727,5.97539,5.72969,5.49695,5.27494,5.06183,4.85566,4.6554
155,6.96597,6.63361,6.32813,6.04604,5.78332,5.53669,5.3029,5.07975,4.86541,4.65789,4.45619
156,6.77649,6.44346,6.13726,5.85438,5.59078,5.34316,5.1083,4.88395,4.66831,4.4594,4.25621
157,6.58669,6.25296,5.946,5.66228,5.39776,5.14911,4.91311,4.68752,4.47053,4.26017,4.05542
158,6.39657,6.06209,5.75432,5.46973,5.20423,4.9545,4.71731,4.49044,4.27204,4.06017,3.8538
159,6.20612,5.87084,5.56222,5.2767,5.01018,4.75932,4.5209,4.29267,4.07282,3.85937,3.65132
160,6.01532,5.6792,5.36969,5.08319,4.81559,4.56356,4.32384,4.09421,3.87283,3.65775,3.44795
161,5.82417,5.48716,5.1767,4.88917,4.62045,4.36718,4.12612,3.89502,3.67206,3.45527,3.24365
162,5.63266,5.2947,4.98325,4.69464,4.42474,4.17017,3.9277,3.69507,3.47046,3.25191,3.0384
163,5.44076,5.10181,4.78931,4.49956,4.22843,3.97251,3.72857,3.49435,3.26802,3.04762,2.83214
164,5.24848,4.90848,4.59487,4.30393,4.0315,3.77417,3.52869,3.29281,3.0647,2.84238,2.62486
165,5.05579,4.71469,4.39992,4.10772,3.83393,3.57513,3.32805,3.09044,2.86046,2.63615,2.4165
166,4.86268,4.52042,4.20442,3.91091,3.6357,3.37535,3.12661,2.88719,2.65527,2.42889,2.20702
167,4.66914,4.32565,4.00837,3.71348,3.43678,3.17483,2.92434,2.68304,2.44911,2.22056,1.99639
168,4.47515,4.13037,3.81174,3.51541,3.23715,2.97351,2.7212,2.47796,2.24192,2.01112,1.78455
169,4.28069,3.93456,3.61451,3.31666,3.03678,2.77138,2.51718,2.27189,2.03367,1.80053,1.57147
170,4.08575,3.73819,3.41665,3.11722,2.83564,2.56841,2.31223,2.06482,1.82432,1.58875,1.35709
171,3.8903,3.54125,3.21815,2.91706,2.6337,2.36456,2.10632,1.8567,1.61382,1.37572,1.14136
172,3.69433,3.34371,3.01898,2.71616,2.43094,2.1598,1.89942,1.64749,1.40214,1.1614,0.924232
173,3.49782,3.14556,2.81912,2.51448,2.22732,1.9541,1.69148,1.43715,1.18923,0.945746,0.705649
174,3.30074,2.94676,2.61853,2.31199,2.02281,1.74741,1.48246,1.22564,0.97504,0.728697,0.485553
175,3.10308,2.7473,2.41719,2.10867,1.81737,1.53971,1.27233,1.0129,0.75952,0.510202,0.263887
176,2.90481,2.54714,2.21508,1.90448,1.61098,1.33096,1.06105,0.798905,0.542621,0.290206,0.0405885
177,2.70591,2.34627,2.01215,1.69939,1.40359,1.1211,0.848558,0.583593,0.324289,0.0686485,-0.184407
178,2.50635,2.14465,1.80839,1.49337,1.19517,0.910116,0.634824,0.366919,0.104469,-0.154529,-0.411164
179,2.30612,1.94226,1.60376,1.28638,0.985676,0.697949,0.419796,0.148829,-0.116896,-0.37939,-0.639754
180,2.10517,1.73906,1.39823,1.07839,0.775072,0.484558,0.203425,-0.0707302,-0.339865,-0.606,-0.870247
181,1.90349,1.53503,1.19176,0.869351,0.563315,0.269897,-0.0143388,-0.291814,-0.564499,-0.834426,-1.10272
182,1.70106,1.33013,0.984317,0.659235,0.350363,0.0539203,-0.233548,-0.51448,-0.790863,-1.06474,-1.33725
183,1.49783,1.12434,0.775871,0.447998,0.136171,-0.163423,-0.454257,-0.738789,-1.01902,-1.29701,-1.57391
184,1.29378,0.91762,0.566381,0.235599,-0.0793072,-0.382182,-0.676522,-0.964802,-1.24904,-1.53132,-1.81279
185,1.08888,0.709934,0.355808,0.0219959,-0.296118,-0.602411,-0.9004,-1.19258,-1.481,-1.76774,-2.05398
186,0.883097,0.501247,0.144114,-0.192856,-0.514311,-0.824162,-1.12595,-1.4222,-1.71497,-2.00635,-2.29756
187,0.676401,0.291525,-0.0687421,-0.409002,-0.733936,-1.04749,-1.35324,-1.65372,-1.95101,-2.24724,-2.54363
188,0.468758,0.0807282,-0.282803,-0.626489,-0.955046,-1.27246,-1.58233,-1.88721,-2.18923,-2.4905,-2.79228
189,0.260133,-0.131181,-0.498112,-0.845364,-1.17769,-1.49913,-1.81328,-2.12276,-2.42968,-2.73621,-3.04362
190,0.050491,-0.344242,-0.714712,-1.06568,-1.40194,-1.72755,-2.04617,-2.36042,-2.67246,-2.98447,-3.29775
191,-0.160205,-0.558497,-0.932651,-1.28748,-1.62783,-1.95779,-2.28106,-2.60029,-2.91766,-3.23538,-3.55477
192,-0.371993,-0.773987,-1.15198,-1.51083,-1.85543,-2.18992,-2.51803,-2.84244,-3.16536,-3.48903,-3.8148
193,-0.584909,-0.990756,-1.37273,-1.73578,-2.0848,-2.42401,-2.75716,-3.08696,-3.41566,-3.74553,-4.07794
194,-0.798995,-1.20885,-1.59498,-1.96237,-2.316,-2.66012,-2.99851,-3.33393,-3.66866,-4.00499,-4.34433
195,-1.01429,-1.42831,-1.81875,-2.19068,-2.5491,-2.89832,-3.24217,-3.58344,-3.92444,-4.26751,-4.61407
196,-1.23084,-1.64918,-2.04412,-2.42076,-2.78416,-3.1387,-3.48823,-3.83558,-4.18312,-4.5332,-4.8873
197,-1.44867,-1.87152,-2.27112,-2.65266,-3.02126,-3.38132,-3.73676,-4.09045,-4.4448,-4.80219,-5.16414
198,-1.66785,-2.09537,-2.49983,-2.88646,-3.26045,-3.62626,-3.98785,-4.34815,-4.70958,-5.07459,-5.44473
199,-1.88841,-2.32079,-2.73028,-3.12221,-3.50181,-3.8736,-4.2416,-4.60876,-4.97758,-5.35053,-5.7292
200,-2.11039,-2.54782,-2.96255,-3.35999,-3.74542,-4.12343,-4.49809,-4.87241,-5.24892,-5.63013,-6.0177
201,-2.33385,-2.77652,-3.19669,-3.59985,-3.99134,-4.37583,-4.75742,-5.13918,-5.52369,-5.91352,-6.31037
202,-2.55883,-3.00693,-3.43276,-3.84187,-4.23966,-4.63088,-5.01968,-5.40919,-5.80204,-6.20084,-6.60736
203,-2.78537,-3.23913,-3.67083,-4.08611,-4.49046,-4.88867,-5.28497,-5.68254,-6.08407,-6.49223,-6.90881
204,-3.01354,-3.47316,-3.91095,-4.33266,-4.74381,-5.1493,-5.5534,-5.95936,-6.36992,-6.78781,-7.21488
205,-3.24338,-3.70908,-4.1532,-4.58157,-4.9998,-5.41285,-5.82506,-6.23975,-6.65971,-7.08773,-7.52573
206,-3.47494,-3.94694,-4.39764,-4.83293,-5.25851,-5.67942,-6.10007,-6.52383,-6.95358,-7.39214,-7.84151
207,-3.70827,-4.18682,-4.64434,-5.08682,-5.52003,-5.9491,-6.37852,-6.81172,-7.25164,-7.70118,-8.16238
208,-3.94343,-4.42877,-4.89336,-5.3433,-5.78444,-6.222,-6.66053,-7.10354,-7.55405,-8.015,-8.48852
209,-4.18047,-4.67284,-5.14477,-5.60246,-6.05184,-6.49821,-6.9462,-7.39942,-7.86093,-8.33375,-8.82006
210,-4.41945,-4.91911,-5.39866,-5.86438,-6.3223,-6.77782,-7.23566,-7.69947,-8.17241,-8.65757,-9.15719
211,-4.66043,-5.16764,-5.65508,-6.12914,-6.59593,-7.06096,-7.52901,-8.00383,-8.48865,-8.98662,-9.50007
212,-4.90345,-5.41849,-5.91411,-6.39682,-6.87282,-7.34771,-7.82636,-8.31261,-8.80977,-9.32105,-9.84884
213,-5.14858,-5.67173,-6.17584,-6.66751,-7.15306,-7.63818,-8.12784,-8.62596,-9.13592,-9.66101,-10.2037
214,-5.39588,-5.92743,-6.44032,-6.94129,-7.43673,-7.93247,-8.43355,-8.94398,-9.46722,-10.0066,-10.5647
215,-5.64539,-6.18564,-6.70764,-7.21824,-7.72395,-8.2307,-8.74362,-9.26682,-9.80383,-10.3581,-10.9322
216,-5.8972,-6.44644,-6.97787,-7.49845,-8.0148,-8.53296,-9.05816,-9.59459,-10.1459,-10.7155,-11.3061
217,-6.15135,-6.7099,-7.25109,-7.78201,-8.30939,-8.83936,-9.37729,-9.92742,-10.4935,-11.079,-11.6867
218,-6.4079,-6.97609,-7.52738,-8.069,-8.60779,-9.15002,-9.70111,-10.2654,-10.8468,-11.4487,-12.0741
219,-6.66691,-7.24506,-7.80681,-8.35951,-8.91012,-9.46502,-10.0298,-10.6088,-11.2059,-11.8248,-12.4684
220,-6.92845,-7.51691,-8.08946,-8.65363,-9.21647,-9.78449,-10.3633,-10.9575,-11.571,-12.2074,-12.8697
221,-7.19257,-7.79168,-8.37542,-8.95144,-9.52693,-10.1085,-10.7019,-11.3118,-11.9421,-12.5966,-13.2782
222,-7.45935,-8.06945,-8.66475,-9.25303,-9.8416,-10.4372,-11.0457,-11.6717,-12.3194,-12.9925,-13.6939
223,-7.72883,-8.35029,-8.95753,-9.55849,-10.1606,-10.7707,-11.3947,-12.0374,-12.703,-13.3952,-14.1169
224,-8.00108,-8.63428,-9.25385,-9.86789,-10.4839,-11.109,-11.749,-12.409,-13.093,-13.8048,-14.5474
225,-8.27616,-8.92147,-9.55378,-10.1813,-10.8118,-11.4522,-12.1089,-12.7865,-13.4894,-14.2215,-14.9853
226,-8.55413,-9.21193,-9.8574,-10.4989,-11.1442,-11.8006,-12.4742,-13.1701,-13.8925,-14.6451,-15.4308
227,-8.83505,-9.50575,-10.1648,-10.8207,-11.4813,-12.1541,-12.8452,-13.5598,-14.3022,-15.076,-15.8839
228,-9.11898,-9.80297,-10.476,-11.1467,-11.8231,-12.5128,-13.222,-13.9558,-14.7186,-15.514,-16.3447
229,-9.40599,-10.1037,-10.7911,-11.4771,-12.1698,-12.8768,-13.6046,-14.3581,-15.1419,-15.9594,-16.8132
230,-9.69613,-10.4079,-11.1102,-11.8119,-12.5214,-13.2463,-13.993,-14.7669,-15.572,-16.4121,-17.2895
231,-9.98946,-10.7158,-11.4334,-12.1513,-12.878,-13.6212,-14.3875,-15.1821,-16.0091,-16.8722,-17.7737
232,-10.286,-11.0274,-11.7607,-12.4953,-13.2397,-14.0017,-14.7881,-15.6038,-16.4533,-17.3398,-18.2658
233,-10.5859,-11.3427,-12.0922,-12.8439,-13.6065,-14.3879,-15.1948,-16.0323,-16.9046,-17.8151,-18.766
234,-10.8892,-11.6618,-12.428,-13.1974,-13.9786,-14.7799,-15.6078,-16.4675,-17.3631,-18.2981,-19.2745
235,-11.1959,-11.9848,-12.7681,-13.5556,-14.3561,-15.1777,-16.0271,-16.9095,-17.829,-18.7889,-19.7913
236,-11.5061,-12.3117,-13.1127,-13.9188,-14.7389,-15.5814,-16.4529,-17.3585,-18.3024,-19.2878,-20.3168
237,-11.8198,-12.6427,-13.4617,-14.287,-15.1273,-15.9912,-16.8852,-17.8146,-18.7834,-19.7949,-20.8511
238,-12.1371,-12.9777,-13.8154,-14.6602,-15.5213,-16.4071,-17.3242,-18.2779,-19.2722,-20.3104,-21.3944
239,-12.4581,-13.3169,-14.1737,-15.0387,-15.921,-16.8292,-17.77,-18.7486,-19.7691,-20.8346,-21.9473
240,-12.7829,-13.6603,-14.5367,-15.4224,-16.3266,-17.2578,-18.2228,-19.227,-20.2742,-21.3679,-22.5099
241,-13.1115,-14.0081,-14.9046,-15.8115,-16.738,-17.6929,-18.6828,-19.7131,-20.7879,-21.9105,-23.0827
242,-13.4439,-14.3603,-15.2775,-16.2061,-17.1556,-18.1347,-19.1502,-20.2074,-21.3105,-22.4628,-23.666
243,-13.7803,-14.7169,-15.6553,-16.6064,-17.5795,-18.5834,-19.6251,-20.71,-21.8423,-23.0252,-24.2605
244,-14.1207,-15.0781,-16.0384,-17.0124,-18.0097,-19.0392,-20.108,-21.2214,-22.3838,-23.5983,-24.8664
245,-14.4652,-15.444,-16.4267,-17.4244,-18.4466,-19.5024,-20.599,-21.7419,-22.9353,-24.1823,-25.4842
246,-14.8139,-15.8147,-16.8205,-17.8425,-18.8903,-19.9733,-21.0986,-22.2719,-23.4974,-24.7779,-26.1144
247,-15.167,-16.1904,-17.2199,-18.2669,-19.3412,-20.4522,-21.6072,-22.8118,-24.0704,-25.3854,-26.7573
248,-15.5244,-16.5711,-17.625,-18.6978,-19.7994,-20.9393,-22.125,-23.3622,-24.6549,-26.0054,-27.4134
249,-15.8864,-16.957,-18.0361,-19.1355,-20.2653,-21.4352,-22.6527,-23.9235,-25.2514,-26.6382,-28.0829
250,-16.253,-17.3483,-18.4535,-19.5804,-20.7393,-21.9403,-23.1907,-24.4962,-25.8604,-27.2842,-28.7662
251,-16.6245,-17.7452,-18.8772,-20.0326,-21.2218,-22.4549,-23.7395,-25.0809,-26.4822,-27.9439,-29.4635
252,-17.0009,-18.148,-19.3078,-20.4926,-21.7132,-22.9797,-24.2996,-25.678,-27.1174,-28.6175,-30.1751
253,-17.3825,-18.5567,-19.7453,-20.9607,-22.2139,-23.515,-24.8715,-26.288,-27.7664,-29.3053,-30.9012
254,-17.7695,-18.9718,-20.1902,-21.4374,-22.7244,-24.0615,-25.4558,-26.9114,-28.4294,-30.0077,-31.6421
255,-18.162,-19.3935,-20.6429,-21.9232,-23.2453,-24.6197,-26.053,-27.5486,-29.1068,-30.7249,-32.3979
256,-18.5604,-19.8222,-21.1038,-22.4184,-23.7772,-25.1901,-26.6635,-28.2,-29.799,-31.457,-33.1689
257,-18.9649,-20.2581,-21.5732,-22.9237,-24.3204,-25.7733,-27.2879,-28.866,-30.5062,-32.2043,-33.9554
258,-19.3758,-20.7018,-22.0518,-23.4395,-24.8757,-26.3698,-27.9266,-29.5469,-31.2286,-32.9671,-34.7576
259,-19.7935,-21.1535,-22.54,-23.9665,-25.4436,-26.9801,-28.5799,-30.2429,-31.9664,-33.7457,-35.5761
260,-20.2182,-21.6138,-23.0383,-24.5052,-26.0247,-27.6047,-29.2483,-30.9544,-32.72,-34.5403,-36.4113
261,-20.6505,-22.0832,-23.5474,-25.0562,-26.6194,-28.244,-29.9319,-31.6817,-33.4896,-35.3514,-37.2636
262,-21.0908,-22.5622,-24.0677,-25.6201,-27.2282,-28.8983,-30.6312,-32.4248,-34.2755,-36.1794,-38.1338
263,-21.5395,-23.0514,-24.5999,-26.1974,-27.8518,-29.5681,-31.3465,-33.1843,-35.0781,-37.0248,-39.0225
264,-21.997,-23.5513,-25.1446,-26.7888,-28.4904,-30.2537,-32.0779,-33.9603,-35.8978,-37.8882,-39.9306
265,-22.464,-24.0625,-25.7024,-27.3946,-29.1445,-30.9554,-32.8258,-34.7531,-36.7351,-38.7703,-40.859
266,-22.9411,-24.5857,-26.2739,-28.0154,-29.8145,-31.6734,-33.5904,-35.5633,-37.5906,-39.6719,-41.8087
267,-23.4287,-25.1214,-26.8596,-28.6517,-30.5007,-32.4081,-34.3721,-36.3912,-38.4649,-40.5938,-42.7808
268,-23.9275,-25.6702,-27.46,-29.3038,-31.2034,-33.1597,-35.1713,-37.2374,-39.3587,-41.5371,-43.7765
269,-24.4381,-26.2329,-28.0757,-29.9721,-31.9228,-33.9286,-35.9884,-38.1025,-40.273,-42.5029,-44.7969
270,-24.9611,-26.8098,-28.7071,-30.657,-32.6594,-34.7151,-36.8239,-38.9873,-41.2086,-43.4921,-45.8435
271,-25.4972,-27.4017,-29.3547,-31.3588,-33.4134,-35.5196,-37.6783,-39.8924,-42.1665,-44.5061,-46.9174
272,-26.047,-28.0089,-30.0188,-32.0778,-34.1851,-36.3426,-38.5524,-40.8189,-43.148,-45.5462,-48.0202
273,-26.611,-28.6321,-30.6998,-32.8144,-34.9749,-37.1846,-39.4469,-41.7676,-44.1541,-46.6136,-49.153
274,-27.19,-29.2716,-31.398,-33.5687,-35.7833,-38.0462,-40.3626,-42.7397,-45.1862,-47.7098,-50.3169
275,-27.7843,-29.9279,-32.1138,-34.3413,-36.6107,-38.9282,-41.3005,-43.7363,-46.2455,-48.8359,-51.513
276,-28.3946,-30.6013,-32.8474,-35.1324,-37.4577,-39.8313,-42.2615,-44.7587,-47.3333,-49.9931,-52.7419
277,-29.0213,-31.2922,-33.5993,-35.9425,-38.325,-40.7563,-43.2469,-45.8081,-48.451,-51.1825,-54.0037
278,-29.6648,-32.0009,-34.3698,-36.7722,-39.2131,-41.7043,-44.2577,-46.8858,-49.5997,-52.4048,-55.2981
279,-30.3256,-32.7279,-35.1592,-37.622,-40.1231,-42.6764,-45.2953,-47.9931,-50.7805,-53.6603,-56.6238
280,-31.0041,-33.4733,-35.968,-38.4925,-41.0557,-43.6735,-46.3608,-49.1313,-51.9943,-54.9487,-57.9785
281,-31.7005,-34.2376,-36.7968,-39.3845,-42.0119,-44.697,-47.4557,-50.3014,-53.2414,-56.269,-59.3585
282,-32.4153,-35.0212,-37.6461,-40.2988,-42.9929,-45.7481,-48.5811,-51.5045,-54.5219,-57.6192,-60.7587
283,-33.1489,-35.8246,-38.5165,-41.2363,-43.9997,-46.8282,-49.7384,-52.7411,-55.835,-58.996,-62.1719
284,-33.9015,-36.6481,-39.4089,-42.198,-45.0337,-47.9384,-50.9284,-54.0113,-57.1788,-60.3945,-63.5893
285,-34.6736,-37.4924,-40.3239,-43.1851,-46.096,-49.08,-52.1519,-55.3147,-58.5506,-61.8082,-65.0002
286,-35.4656,-38.3582,-41.2626,-44.1986,-47.188,-50.2542,-53.4094,-56.6499,-59.946,-63.2285,-66.392
287,-36.2779,-39.2461,-42.2259,-45.2399,-48.3109,-51.4618,-54.7005,-58.0145,-61.3589,-64.6452,-67.7511
288,-37.1112,-40.157,-43.215,-46.3101,-49.4659,-52.7034,-56.0244,-59.4047,-62.7814,-66.0459,-69.0635
289,-37.9659,-41.0917,-44.2309,-47.4105,-50.6541,-53.9791,-57.3791,-60.815,-64.2036,-67.4174,-70.3157
290,-38.8429,-42.0512,-45.2749,-48.5425,-51.8762,-55.2885,-58.7615,-62.2382,-65.6138,-68.7454,-71.4955
291,-39.7428,-43.0366,-46.3483,-49.7071,-53.1328,-56.6301,-60.1669,-63.6651,-66.9988,-70.0163,-72.593
292,-40.6665,-44.0491,-47.4523,-50.9054,-54.4235,-58.0014,-61.5887,-65.0846,-68.3446,-71.2172,-73.6012
293,-41.615,-45.0898,-48.5882,-52.138,-55.7478,-59.3986,-63.0187,-66.4839,-69.6371,-72.3378,-74.5163
294,-42.5892,-46.16,-49.7572,-53.4053,-57.1037,-60.8161,-64.4465,-67.8491,-70.8632,-73.37,-75.3374
295,-43.5904,-47.261,-50.96,-54.707,-58.4883,-62.2465,-65.8599,-69.166,-72.0113,-74.3094,-76.0667
296,-44.6196,-48.3939,-52.1976,-56.042,-59.8971,-63.6805,-67.2454,-70.4208,-73.0729,-75.1545,-76.7084
297,-45.678,-49.56,-53.4701,-57.4084,-61.3239,-65.1068,-68.5887,-71.6014,-74.0424,-75.9066,-77.2685
298,-46.7671,-50.7603,-54.7772,-58.8027,-62.7606,-66.5124,-69.8756,-72.6979,-74.9172,-76.5697,-77.7537
299,-47.8879,-51.9954,-56.1178,-60.2201,-64.1969,-67.8833,-71.0931,-73.7035,-75.698,-77.1492,-78.1717
300,-49.0417,-53.2657,-57.4897,-61.6539,-65.6209,-69.2049,-72.2301,-74.6146,-76.3881,-77.6521,-78.53
301,-50.2295,-54.571,-58.8894,-63.0953,-67.019,-70.4635,-73.2784,-75.4308,-76.9926,-78.0857,-78.8358
302,-51.4522,-55.9102,-60.312,-64.5337,-68.3768,-71.6467,-74.233,-76.1545,-77.5179,-78.4575,-79.096
303,-52.7104,-57.2813,-61.7505,-65.9565,-69.6799,-72.7448,-75.0921,-76.7901,-77.9716,-78.7751,-79.3168
304,-54.0039,-58.681,-63.1959,-67.3499,-70.9148,-73.7509,-75.857,-77.3439,-78.3611,-79.0455,-79.5041
305,-55.3321,-60.1045,-64.6374,-68.6992,-72.07,-74.6617,-76.5312,-77.8231,-78.6941,-79.275,-79.6626
306,-56.6934,-61.5451,-66.0623,-69.99,-73.1367,-75.4768,-77.1205,-78.2351,-78.9776,-79.4695,-79.7969
307,-58.0851,-62.994,-67.4563,-71.2092,-74.1094,-76.1987,-77.6316,-78.5877,-79.2184,-79.6342,-79.9106
308,-59.503,-64.4405,-68.805,-72.3459,-74.9857,-76.8321,-78.072,-78.8882,-79.4226,-79.7736,-80.0072
309,-60.941,-65.8721,-70.0937,-73.392,-75.7666,-77.3835,-78.4496,-79.1436,-79.5953,-79.8917,-80.0892
310,-62.3912,-67.2747,-71.3094,-74.3427,-76.4555,-77.86,-78.7718,-79.3601,-79.7416,-79.9917,-80.1591
311,-63.8438,-68.6334,-72.4414,-75.1966,-77.0578,-78.2694,-79.0458,-79.5434,-79.8653,-80.0767,-80.2189
312,-65.2867,-69.9338,-73.4818,-75.9552,-77.5804,-78.6194,-79.2783,-79.6984,-79.9701,-80.1491,-80.2702
313,-66.7064,-71.1624,-74.4261,-76.6226,-78.0308,-78.9174,-79.475,-79.8296,-80.059,-80.2109,-80.3145
314,-68.0881,-72.3081,-75.2731,-77.2048,-78.4169,-79.1704,-79.6415,-79.9406,-80.1346,-80.2639,-80.3529
315,-69.4169,-73.3625,-76.0247,-77.7089,-78.7463,-79.3847,-79.7822,-80.0346,-80.1991,-80.3095,-80.3863
316,-70.6789,-74.3206,-76.6853,-78.1425,-79.0263,-79.566,-79.9012,-80.1145,-80.2543,-80.349,-80.4157
317,-71.8617,-75.1811,-77.2608,-78.5135,-79.2637,-79.7192,-80.0019,-80.1825,-80.3017,-80.3833,-80.4416
318,-72.9558,-75.9454,-77.7586,-78.8296,-79.4645,-79.8486,-80.0873,-80.2406,-80.3427,-80.4134,-80.4647
319,-73.9547,-76.6176,-78.1864,-79.098,-79.6343,-79.9581,-80.16,-80.2905,-80.3783,-80.44,-80.4854
320,-74.8558,-77.2036,-78.5522,-79.3254,-79.7777,-80.0509,-80.2219,-80.3334,-80.4094,-80.4635,-80.5041
321,-75.6593,-77.7107,-78.8636,-79.5175,-79.8988,-80.1295,-80.2749,-80.3706,-80.4367,-80.4846,-80.5211
322,-76.3684,-78.1467,-79.1279,-79.6799,-80.0013,-80.1965,-80.3204,-80.4031,-80.4609,-80.5036,-80.5367
323,-76.9886,-78.5195,-79.3515,-79.8169,-80.0881,-80.2537,-80.3598,-80.4315,-80.4826,-80.5209,-80.5512
324,-77.5265,-78.8369,-79.5405,-79.9327,-80.1618,-80.3026,-80.394,-80.4566,-80.502,-80.5367,-80.5646
325,-77.9899,-79.1062,-79.7,-80.0306,-80.2245,-80.3448,-80.4239,-80.479,-80.5196,-80.5512,-80.5771
326,-78.3868,-79.3341,-79.8347,-80.1135,-80.2781,-80.3814,-80.4502,-80.499,-80.5357,-80.5648,-80.589
327,-78.7251,-79.5266,-79.9484,-80.184,-80.3242,-80.4132,-80.4735,-80.5171,-80.5505,-80.5774,-80.6002
328,-79.0124,-79.689,-80.0445,-80.2439,-80.3638,-80.4411,-80.4944,-80.5336,-80.5642,-80.5893,-80.6109
329,-79.2557,-79.8261,-80.1259,-80.2953,-80.3983,-80.4657,-80.5131,-80.5487,-80.577,-80.6006,-80.6211
330,-79.4612,-79.9417,-80.195,-80.3393,-80.4283,-80.4876,-80.5301,-80.5626,-80.589,-80.6113,-80.6309
331,-79.6347,-80.0395,-80.2538,-80.3774,-80.4547,-80.5073,-80.5457,-80.5756,-80.6003,-80.6215,-80.6403
332,-79.7809,-80.1222,-80.3042,-80.4104,-80.4781,-80.525,-80.56,-80.5878,-80.6111,-80.6313,-80.6495
333,-79.9042,-80.1923,-80.3474,-80.4393,-80.499,-80.5411,-80.5733,-80.5993,-80.6213,-80.6408,-80.6584
334,-80.0083,-80.252,-80.3847,-80.4647,-80.5177,-80.5559,-80.5857,-80.6101,-80.6312,-80.6499,-80.667
335,-80.0963,-80.303,-80.4172,-80.4872,-80.5346,-80.5696,-80.5973,-80.6205,-80.6406,-80.6587,-80.6754
336,-80.1709,-80.3468,-80.4455,-80.5073,-80.5501,-80.5823,-80.6083,-80.6304,-80.6498,-80.6673,-80.6835
337,-80.2342,-80.3846,-80.4704,-80.5254,-80.5643,-80.5943,-80.6188,-80.6399,-80.6586,-80.6757,-80.6915
338,-80.2882,-80.4173,-80.4926,-80.5418,-80.5775,-80.6055,-80.6288,-80.649,-80.6672,-80.6839,-80.6994
339,-80.3345,-80.4459,-80.5123,-80.5569,-80.5898,-80.6161,-80.6383,-80.6579,-80.6756,-80.6918,-80.707
340,-80.3742,-80.4711,-80.5301,-80.5707,-80.6013,-80.6263,-80.6476,-80.6665,-80.6837,-80.6996,-80.7146
341,-80.4086,-80.4933,-80.5463,-80.5835,-80.6122,-80.636,-80.6565,-80.6749,-80.6917,-80.7073,-80.7219
342,-80.4386,-80.5132,-80.561,-80.5955,-80.6226,-80.6453,-80.6651,-80.683,-80.6994,-80.7148,-80.7292
343,-80.4649,-80.531,-80.5746,-80.6067,-80.6325,-80.6543,-80.6735,-80.6909,-80.7071,-80.7221,-80.7363
344,-80.488,-80.5472,-80.5873,-80.6174,-80.6419,-80.6629,-80.6817,-80.6987,-80.7145,-80.7293,-80.7433
345,-80.5086,-80.562,-80.5991,-80.6275,-80.651,-80.6714,-80.6896,-80.7063,-80.7218,-80.7364,-80.7502
346,-80.5271,-80.5756,-80.6102,-80.6372,-80.6598,-80.6796,-80.6974,-80.7138,-80.729,-80.7434,-80.757
347,-80.5438,-80.5883,-80.6207,-80.6465,-80.6683,-80.6876,-80.705,-80.7211,-80.7361,-80.7502,-80.7637
348,-80.559,-80.6001,-80.6306,-80.6554,-80.6766,-80.6953,-80.7124,-80.7282,-80.743,-80.757,-80.7702
349,-80.5729,-80.6111,-80.6402,-80.664,-80.6846,-80.703,-80.7197,-80.7353,-80.7499,-80.7636,-80.7767
350,-80.5858,-80.6216,-80.6493,-80.6724,-80.6924,-80.7104,-80.7269,-80.7422,-80.7566,-80.7702,-80.7831
351,-80.5978,-80.6316,-80.6582,-80.6805,-80.7001,-80.7177,-80.7339,-80.749,-80.7632,-80.7766,-80.7894
352,-80.609,-80.6411,-80.6667,-80.6884,-80.7076,-80.7249,-80.7408,-80.7557,-80.7697,-80.7829,-80.7956
353,-80.6196,-80.6502,-80.675,-80.6962,-80.7149,-80.7319,-80.7476,-80.7623,-80.7761,-80.7892,-80.8017
354,-80.6297,-80.659,-80.683,-80.7037,-80.7221,-80.7388,-80.7543,-80.7688,-80.7824,-80.7953,-80.8077
355,-80.6392,-80.6674,-80.6908,-80.7111,-80.7291,-80.7456,-80.7609,-80.7752,-80.7886,-80.8014,-80.8136
356,-80.6484,-80.6757,-80.6984,-80.7183,-80.7361,-80.7523,-80.7673,-80.7814,-80.7948,-80.8074,-80.8195
357,-80.6572,-80.6836,-80.7059,-80.7254,-80.7429,-80.7589,-80.7737,-80.7876,-80.8008,-80.8133,-80.8252
358,-80.6658,-80.6914,-80.7132,-80.7323,-80.7495,-80.7653,-80.78,-80.7937,-80.8068,-80.8191,-80.8309
359,-80.674,-80.699,-80.7203,-80.7392,-80.7561,-80.7717,-80.7862,-80.7998,-80.8126,-80.8248,-80.8365
360,-80.682,-80.7064,-80.7273,-80.7459,-80.7626,-80.778,-80.7923,-80.8057,-80.8184,-80.8305,-80.8421
361,-80.6898,-80.7136,-80.7342,-80.7525,-80.769,-80.7841,-80.7983,-80.8115,-80.8241,-80.8361,-80.8475
362,-80.6973,-80.7207,-80.741,-80.7589,-80.7752,-80.7902,-80.8042,-80.8173,-80.8298,-80.8416,-80.8529
363,-80.7047,-80.7277,-80.7476,-80.7653,-80.7814,-80.7962,-80.81,-80.823,-80.8353,-80.847,-80.8582
364,-80.712,-80.7345,-80.7541,-80.7716,-80.7875,-80.8021,-80.8158,-80.8286,-80.8408,-80.8524,-80.8635
365,-80.7191,-80.7412,-80.7605,-80.7778,-80.7935,-80.8079,-80.8214,-80.8341,-80.8462,-80.8577,-80.8687
366,-80.726,-80.7478,-80.7669,-80.7839,-80.7994,-80.8137,-80.827,-80.8396,-80.8515,-80.8629,-80.8738
367,-80.7328,-80.7543,-80.7731,-80.7899,-80.8052,-80.8193,-80.8325,-80.845,-80.8568,-80.868,-80.8788
368,-80.7395,-80.7607,-80.7792,-80.7958,-80.8109,-80.8249,-80.838,-80.8503,-80.862,-80.8731,-80.8838
369,-80.7461,-80.7669,-80.7852,-80.8016,-80.8166,-80.8304,-80.8433,-80.8555,-80.8671,-80.8781,-80.8887
370,-80.7525,-80.7731,-80.7912,-80.8074,-80.8222,-80.8358,-80.8486,-80.8607,-80.8722,-80.8831,-80.8936
371,-80.7589,-80.7792,-80.797,-80.813,-80.8277,-80.8412,-80.8539,-80.8658,-80.8772,-80.888,-80.8983
372,-80.7651,-80.7852,-80.8028,-80.8186,-80.8331,-80.8465,-80.859,-80.8708,-80.8821,-80.8928,-80.9031
373,-80.7713,-80.791,-80.8085,-80.8241,-80.8384,-80.8517,-80.8641,-80.8758,-80.887,-80.8976,-80.9077
374,-80.7773,-80.7969,-80.8141,-80.8296,-80.8437,-80.8568,-80.8691,-80.8807,-80.8918,-80.9023,-80.9124
375,-80.7833,-80.8026,-80.8196,-80.8349,-80.8489,-80.8619,-80.8741,-80.8856,-80.8965,-80.9069,-80.9169
376,-80.7892,-80.8082,-80.8251,-80.8402,-80.8541,-80.8669,-80.879,-80.8904,-80.9012,-80.9115,-80.9214
377,-80.795,-80.8138,-80.8304,-80.8454,-80.8591,-80.8719,-80.8838,-80.8951,-80.9058,-80.916,-80.9258
378,-80.8007,-80.8193,-80.8357,-80.8506,-80.8642,-80.8768,-80.8886,-80.8997,-80.9104,-80.9205,-80.9302
379,-80.8063,-80.8247,-80.841,-80.8557,-80.8691,-80.8816,-80.8933,-80.9043,-80.9149,-80.9249,-80.9346
380,-80.8118,-80.83,-80.8461,-80.8607,-80.874,-80.8863,-80.8979,-80.9089,-80.9193,-80.9293,-80.9388
381,-80.8173,-80.8353,-80.8512,-80.8656,-80.8788,-80.891,-80.9025,-80.9134,-80.9237,-80.9336,-80.9431
382,-80.8227,-80.8405,-80.8562,-80.8705,-80.8835,-80.8956,-80.907,-80.9178,-80.928,-80.9378,-80.9472
383,-80.828,-80.8456,-80.8612,-80.8753,-80.8882,-80.9002,-80.9115,-80.9222,-80.9323,-80.942,-80.9514
384,-80.8332,-80.8507,-80.8661,-80.88,-80.8928,-80.9047,-80.9159,-80.9265,-80.9366,-80.9462,-80.9554
385,-80.8384,-80.8556,-80.8709,-80.8847,-80.8974,-80.9092,-80.9203,-80.9308,-80.9407,-80.9503,-80.9595
386,-80.8435,-80.8606,-80.8757,-80.8894,-80.9019,-80.9136,-80.9246,-80.935,-80.9449,-80.9543,-80.9635
387,-80.8485,-80.8654,-80.8804,-80.8939,-80.9064,-80.9179,-80.9288,-80.9391,-80.949,-80.9584,-80.9674
388,-80.8535,-80.8702,-80.885,-80.8984,-80.9108,-80.9222,-80.933,-80.9432,-80.953,-80.9623,-80.9713
389,-80.8584,-80.8749,-80.8896,-80.9029,-80.9151,-80.9265,-80.9372,-80.9473,-80.957,-80.9662,-80.9751
390,-80.8632,-80.8796,-80.8941,-80.9073,-80.9194,-80.9307,-80.9413,-80.9513,-80.9609,-80.9701,-80.9789
391,-80.868,-80.8842,-80.8986,-80.9116,-80.9236,-80.9348,-80.9453,-80.9553,-80.9648,-80.9739,-80.9826
392,-80.8727,-80.8887,-80.903,-80.9159,-80.9278,-80.9389,-80.9493,-80.9592,-80.9686,-80.9777,-80.9864
393,-80.8774,-80.8932,-80.9074,-80.9202,-80.9319,-80.9429,-80.9533,-80.9631,-80.9724,-80.9814,-80.99
394,-80.882,-80.8977,-80.9117,-80.9244,-80.936,-80.9469,-80.9572,-80.9669,-80.9762,-80.9851,-80.9936
395,-80.8865,-80.902,-80.9159,-80.9285,-80.9401,-80.9509,-80.961,-80.9707,-80.9799,-80.9887,-80.9972
396,-80.891,-80.9064,-80.9201,-80.9326,-80.944,-80.9547,-80.9648,-80.9744,-80.9836,-80.9923,-81.0007
397,-80.8954,-80.9106,-80.9242,-80.9366,-80.948,-80.9586,-80.9686,-80.9781,-80.9872,-80.9959,-81.0042
398,-80.8997,-80.9148,-80.9283,-80.9406,-80.9519,-80.9624,-80.9723,-80.9817,-80.9908,-80.9994,-81.0077
399,-80.904,-80.919,-80.9324,-80.9445,-80.9557,-80.9661,-80.976,-80.9854,-80.9943,-81.0029,-81.0111
400,-80.9083,-80.9231,-80.9364,-80.9484,-80.9595,-80.9699,-80.9796,-80.9889,-80.9978,-81.0063,-81.0145
401,-80.9125,-80.9272,-80.9403,-80.9522,-80.9632,-80.9735,-80.9832,-80.9924,-81.0012,-81.0097,-81.0178
402,-80.9166,-80.9312,-80.9442,-80.956,-80.9669,-80.9771,-80.9868,-80.9959,-81.0047,-81.0131,-81.0211
403,-80.9207,-80.9351,-80.948,-80.9598,-80.9706,-80.9807,-80.9903,-80.9994,-81.008,-81.0164,-81.0244
404,-80.9247,-80.939,-80.9518,-80.9635,-80.9742,-80.9843,-80.9937,-81.0028,-81.0114,-81.0197,-81.0276
405,-80.9287,-80.9429,-80.9556,-80.9671,-80.9778,-80.9878,-80.9972,-81.0061,-81.0147,-81.0229,-81.0308
406,-80.9327,-80.9467,-80.9593,-80.9707,-80.9813,-80.9912,-81.0006,-81.0094,-81.0179,-81.0261,-81.034
407,-80.9366,-80.9505,-80.963,-80.9743,-80.9848,-80.9946,-81.0039,-81.0127,-81.0212,-81.0293,-81.0371
408,-80.9404,-80.9542,-80.9666,-80.9778,-80.9883,-80.998,-81.0072,-81.016,-81.0244,-81.0324,-81.0402
409,-80.9442,-80.9579,-80.9702,-80.9813,-80.9917,-81.0013,-81.0105,-81.0192,-81.0275,-81.0355,-81.0432
410,-80.9479,-80.9615,-80.9737,-80.9848,-80.995,-81.0046,-81.0137,-81.0224,-81.0306,-81.0386,-81.0463
411,-80.9517,-80.9651,-80.9772,-80.9882,-80.9984,-81.0079,-81.0169,-81.0255,-81.0337,-81.0416,-81.0493
412,-80.9553,-80.9687,-80.9806,-80.9916,-81.0017,-81.0111,-81.0201,-81.0286,-81.0368,-81.0446,-81.0522
413,-80.9589,-80.9722,-80.9841,-80.9949,-81.0049,-81.0143,-81.0232,-81.0317,-81.0398,-81.0476,-81.0551
414,-80.9625,-80.9756,-80.9874,-80.9982,-81.0081,-81.0175,-81.0263,-81.0347,-81.0428,-81.0505,-81.058
415,-80.966,-80.9791,-80.9908,-81.0014,-81.0113,-81.0206,-81.0294,-81.0377,-81.0457,-81.0535,-81.0609
416,-80.9695,-80.9825,-80.9941,-81.0047,-81.0145,-81.0237,-81.0324,-81.0407,-81.0487,-81.0563,-81.0637
417,-80.973,-80.9858,-80.9973,-81.0078,-81.0176,-81.0267,-81.0354,-81.0436,-81.0516,-81.0592,-81.0665
418,-80.9764,-80.9891,-81.0005,-81.011,-81.0207,-81.0297,-81.0384,-81.0466,-81.0544,-81.062,-81.0693
419,-80.9798,-80.9924,-81.0037,-81.0141,-81.0237,-81.0327,-81.0413,-81.0494,-81.0572,-81.0648,-81.072
420,-80.9831,-80.9956,-81.0069,-81.0172,-81.0267,-81.0357,-81.0442,-81.0523,-81.06,-81.0675,-81.0747
421,-80.9864,-80.9988,-81.01,-81.0202,-81.0297,-81.0386,-81.047,-81.0551,-81.0628,-81.0702,-81.0774
422,-80.9896,-81.002,-81.0131,-81.0232,-81.0326,-81.0415,-81.0499,-81.0579,-81.0655,-81.0729,-81.0801
423,-80.9929,-81.0051,-81.0161,-81.0262,-81.0355,-81.0443,-81.0527,-81.0606,-81.0683,-81.0756,-81.0827
424,-80.996,-81.0082,-81.0191,-81.0291,-81.0384,-81.0472,-81.0554,-81.0633,-81.0709,-81.0782,-81.0853
425,-80.9992,-81.0112,-81.0221,-81.032,-81.0413,-81.0499,-81.0582,-81.066,-81.0736,-81.0809,-81.0879
426,-81.0023,-81.0142,-81.025,-81.0349,-81.0441,-81.0527,-81.0609,-81.0687,-81.0762,-81.0834,-81.0904
427,-81.0054,-81.0172,-81.0279,-81.0377,-81.0469,-81.0554,-81.0636,-81.0713,-81.0788,-81.086,-81.0929
428,-81.0084,-81.0202,-81.0308,-81.0406,-81.0496,-81.0581,-81.0662,-81.074,-81.0814,-81.0885,-81.0954
429,-81.0114,-81.0231,-81.0336,-81.0433,-81.0523,-81.0608,-81.0689,-81.0765,-81.0839,-81.091,-81.0979
430,-81.0144,-81.026,-81.0365,-81.0461,-81.055,-81.0635,-81.0715,-81.0791,-81.0864,-81.0935,-81.1003
431,-81.0173,-81.0288,-81.0392,-81.0488,-81.0577,-81.0661,-81.074,-81.0816,-81.0889,-81.096,-81.1028
432,-81.0202,-81.0316,-81.042,-81.0515,-81.0603,-81.0687,-81.0766,-81.0841,-81.0914,-81.0984,-81.1051
433,-81.0231,-81.0344,-81.0447,-81.0542,-81.0629,-81.0712,-81.0791,-81.0866,-81.0938,-81.1008,-81.1075
434,-81.0259,-81.0372,-81.0474,-81.0568,-81.0655,-81.0738,-81.0816,-81.0891,-81.0962,-81.1032,-81.1099
435,-81.0287,-81.0399,-81.0501,-81.0594,-81.0681,-81.0763,-81.084,-81.0915,-81.0986,-81.1055,-81.1122
436,-81.0315,-81.0426,-81.0527,-81.062,-81.0706,-81.0787,-81.0865,-81.0939,-81.101,-81.1078,-81.1145
437,-81.0342,-81.0453,-81.0553,-81.0645,-81.0731,-81.0812,-81.0889,-81.0963,-81.1033,-81.1102,-81.1167
438,-81.0369,-81.0479,-81.0579,-81.0671,-81.0756,-81.0836,-81.0913,-81.0986,-81.1056,-81.1124,-81.119
439,-81.0396,-81.0506,-81.0604,-81.0696,-81.078,-81.086,-81.0937,-81.1009,-81.1079,-81.1147,-81.1212
440,-81.0423,-81.0531,-81.063,-81.072,-81.0805,-81.0884,-81.096,-81.1032,-81.1102,-81.1169,-81.1234
441,-81.0449,-81.0557,-81.0655,-81.0745,-81.0829,-81.0908,-81.0983,-81.1055,-81.1125,-81.1191,-81.1256
442,-81.0475,-81.0582,-81.0679,-81.0769,-81.0852,-81.0931,-81.1006,-81.1078,-81.1147,-81.1213,-81.1278
443,-81.0501,-81.0607,-81.0704,-81.0793,-81.0876,-81.0954,-81.1029,-81.11,-81.1169,-81.1235,-81.1299
444,-81.0526,-81.0632,-81.0728,-81.0816,-81.0899,-81.0977,-81.1051,-81.1122,-81.1191,-81.1257,-81.132
445,-81.0551,-81.0657,-81.0752,-81.084,-81.0922,-81.1,-81.1073,-81.1144,-81.1212,-81.1278,-81.1341
446,-81.0576,-81.0681,-81.0776,-81.0863,-81.0945,-81.1022,-81.1095,-81.1166,-81.1234,-81.1299,-81.1362
447,-81.0601,-81.0705,-81.0799,-81.0886,-81.0967,-81.1044,-81.1117,-81.1187,-81.1255,-81.132,-81.1383
448,-81.0625,-81.0729,-81.0822,-81.0909,-81.099,-81.1066,-81.1139,-81.1209,-81.1276,-81.1341,-81.1403
449,-81.0649,-81.0752,-81.0845,-81.0931,-81.1012,-81.1088,-81.116,-81.123,-81.1296,-81.1361,-81.1423
450,-81.0673,-81.0775,-81.0868,-81.0954,-81.1034,-81.1109,-81.1181,-81.125,-81.1317,-81.1381,-81.1443
451,-81.0697,-81.0798,-81.089,-81.0976,-81.1055,-81.1131,-81.1202,-81.1271,-81.1337,-81.1401,-81.1463
452,-81.072,-81.0821,-81.0913,-81.0997,-81.1077,-81.1152,-81.1223,-81.1292,-81.1357,-81.1421,-81.1483
453,-81.0743,-81.0844,-81.0935,-81.1019,-81.1098,-81.1172,-81.1244,-81.1312,-81.1377,-81.1441,-81.1502
454,-81.0766,-81.0866,-81.0957,-81.104,-81.1119,-81.1193,-81.1264,-81.1332,-81.1397,-81.146,-81.1522
455,-81.0789,-81.0888,-81.0978,-81.1062,-81.114,-81.1214,-81.1284,-81.1352,-81.1417,-81.148,-81.1541
456,-81.0811,-81.091,-81.1,-81.1083,-81.116,-81.1234,-81.1304,-81.1371,-81.1436,-81.1499,-81.1559
457,-81.0834,-81.0931,-81.1021,-81.1103,-81.1181,-81.1254,-81.1324,-81.1391,-81.1455,-81.1518,-81.1578
458,-81.0855,-81.0953,-81.1042,-81.1124,-81.1201,-81.1274,-81.1343,-81.141,-81.1474,-81.1536,-81.1597
459,-81.0877,-81.0974,-81.1062,-81.1144,-81.1221,-81.1293,-81.1363,-81.1429,-81.1493,-81.1555,-81.1615
460,-81.0899,-81.0995,-81.1083,-81.1164,-81.1241,-81.1313,-81.1382,-81.1448,-81.1512,-81.1573,-81.1633
461,-81.092,-81.1016,-81.1103,-81.1184,-81.126,-81.1332,-81.1401,-81.1467,-81.153,-81.1592,-81.1651
462,-81.0941,-81.1036,-81.1123,-81.1204,-81.1279,-81.1351,-81.142,-81.1485,-81.1549,-81.161,-81.1669
463,-81.0962,-81.1057,-81.1143,-81.1223,-81.1299,-81.137,-81.1438,-81.1504,-81.1567,-81.1628,-81.1687
464,-81.0982,-81.1077,-81.1163,-81.1243,-81.1318,-81.1389,-81.1457,-81.1522,-81.1585,-81.1645,-81.1704
465,-81.1003,-81.1097,-81.1182,-81.1262,-81.1337,-81.1407,-81.1475,-81.154,-81.1602,-81.1663,-81.1722
466,-81.1023,-81.1116,-81.1202,-81.1281,-81.1355,-81.1426,-81.1493,-81.1558,-81.162,-81.168,-81.1739
467,-81.1043,-81.1136,-81.1221,-81.13,-81.1374,-81.1444,-81.1511,-81.1575,-81.1637,-81.1697,-81.1756
468,-81.1063,-81.1155,-81.124,-81.1318,-81.1392,-81.1462,-81.1529,-81.1593,-81.1655,-81.1715,-81.1773
469,-81.1083,-81.1175,-81.1259,-81.1337,-81.141,-81.148,-81.1546,-81.161,-81.1672,-81.1731,-81.1789
470,-81.1102,-81.1193,-81.1277,-81.1355,-81.1428,-81.1497,-81.1564,-81.1627,-81.1689,-81.1748,-81.1806
471,-81.1121,-81.1212,-81.1296,-81.1373,-81.1446,-81.1515,-81.1581,-81.1644,-81.1706,-81.1765,-81.1822
472,-81.114,-81.1231,-81.1314,-81.1391,-81.1463,-81.1532,-81.1598,-81.1661,-81.1722,-81.1781,-81.1839
473,-81.1159,-81.1249,-81.1332,-81.1409,-81.1481,-81.1549,-81.1615,-81.1678,-81.1739,-81.1798,-81.1855
474,-81.1178,-81.1268,-81.135,-81.1426,-81.1498,-81.1566,-81.1632,-81.1694,-81.1755,-81.1814,-81.1871
475,-81.1196,-81.1286,-81.1367,-81.1444,-81.1515,-81.1583,-81.1648,-81.1711,-81.1771,-81.183,-81.1886
476,-81.1215,-81.1303,-81.1385,-81.1461,-81.1532,-81.16,-81.1665,-81.1727,-81.1787,-81.1846,-81.1902
477,-81.1233,-81.1321,-81.1402,-81.1478,-81.1549,-81.1616,-81.1681,-81.1743,-81.1803,-81.1861,-81.1918
478,-81.1251,-81.1339,-81.142,-81.1495,-81.1565,-81.1633,-81.1697,-81.1759,-81.1819,-81.1877,-81.1933
479,-81.1268,-81.1356,-81.1437,-81.1511,-81.1582,-81.1649,-81.1713,-81.1775,-81.1835,-81.1892,-81.1948
480,-81.1286,-81.1373,-81.1453,-81.1528,-81.1598,-81.1665,-81.1729,-81.1791,-81.185,-81.1908,-81.1963
481,-81.1304,-81.139,-81.147,-81.1544,-81.1614,-81.1681,-81.1745,-81.1806,-81.1865,-81.1923,-81.1978
482,-81.1321,-81.1407,-81.1487,-81.1561,-81.163,-81.1697,-81.176,-81.1822,-81.1881,-81.1938,-81.1993
483,-81.1338,-81.1424,-81.1503,-81.1577,-81.1646,-81.1712,-81.1776,-81.1837,-81.1896,-81.1953,-81.2008
484,-81.1355,-81.1441,-81.1519,-81.1593,-81.1662,-81.1728,-81.1791,-81.1852,-81.1911,-81.1967,-81.2023
485,-81.1372,-81.1457,-81.1535,-81.1609,-81.1678,-81.1743,-81.1806,-81.1867,-81.1925,-81.1982,-81.2037
486,-81.1388,-81.1473,-81.1551,-81.1624,-81.1693,-81.1759,-81.1821,-81.1882,-81.194,-81.1996,-81.2051
487,-81.1405,-81.1489,-81.1567,-81.164,-81.1708,-81.1774,-81.1836,-81.1896,-81.1955,-81.2011,-81.2066
488,-81.1421,-81.1505,-81.1583,-81.1655,-81.1724,-81.1789,-81.1851,-81.1911,-81.1969,-81.2025,-81.208
489,-81.1437,-81.1521,-81.1598,-81.167,-81.1739,-81.1803,-81.1866,-81.1925,-81.1983,-81.2039,-81.2094
490,-81.1453,-81.1537,-81.1614,-81.1686,-81.1753,-81.1818,-81.188,-81.194,-81.1997,-81.2053,-81.2107
491,-81.1469,-81.1552,-81.1629,-81.1701,-81.1768,-81.1833,-81.1894,-81.1954,-81.2011,-81.2067,-81.2121
492,-81.1485,-81.1568,-81.1644,-81.1715,-81.1783,-81.1847,-81.1909,-81.1968,-81.2025,-81.2081,-81.2135
493,-81.15,-81.1583,-81.1659,-81.173,-81.1797,-81.1861,-81.1923,-81.1982,-81.2039,-81.2094,-81.2148
494,-81.1516,-81.1598,-81.1674,-81.1745,-81.1812,-81.1875,-81.1937,-81.1996,-81.2053,-81.2108,-81.2162
495,-81.1531,-81.1613,-81.1688,-81.1759,-81.1826,-81.1889,-81.1951,-81.2009,-81.2066,-81.2121,-81.2175
496,-81.1546,-81.1628,-81.1703,-81.1773,-81.184,-81.1903,-81.1964,-81.2023,-81.208,-81.2135,-81.2188
497,-81.1561,-81.1642,-81.1717,-81.1788,-81.1854,-81.1917,-81.1978,-81.2036,-81.2093,-81.2148,-81.2201
498,-81.1576,-81.1657,-81.1732,-81.1802,-81.1868,-81.1931,-81.1991,-81.205,-81.2106,-81.2161,-81.2214
499,-81.1591,-81.1671,-81.1746,-81.1815,-81.1881,-81.1944,-81.2005,-81.2063,-81.2119,-81.2174,-81.2227
500,-81.1605,-81.1685,-81.176,-81.1829,-81.1895,-81.1958,-81.2018,-81.2076,-81.2132,-81.2187,-81.2239
501,-81.162,-81.17,-81.1774,-81.1843,-81.1908,-81.1971,-81.2031,-81.2089,-81.2145,-81.2199,-81.2252
502,-81.1634,-81.1714,-81.1787,-81.1856,-81.1922,-81.1984,-81.2044,-81.2102,-81.2158,-81.2212,-81.2264
503,-81.1648,-81.1728,-81.1801,-81.187,-81.1935,-81.1997,-81.2057,-81.2115,-81.217,-81.2224,-81.2277
504,-81.1662,-81.1741,-81.1815,-81.1883,-81.1948,-81.201,-81.207,-81.2127,-81.2183,-81.2237,-81.2289
505,-81.1676,-81.1755,-81.1828,-81.1896,-81.1961,-81.2023,-81.2083,-81.214,-81.2195,-81.2249,-81.2301
506,-81.169,-81.1768,-81.1841,-81.1909,-81.1974,-81.2036,-81.2095,-81.2152,-81.2208,-81.2261,-81.2313
507,-81.1703,-81.1782,-81.1854,-81.1922,-81.1987,-81.2048,-81.2108,-81.2165,-81.222,-81.2273,-81.2325
508,-81.1717,-81.1795,-81.1867,-81.1935,-81.2,-81.2061,-81.212,-81.2177,-81.2232,-81.2285,-81.2337
509,-81.173,-81.1808,-81.188,-81.1948,-81.2012,-81.2073,-81.2132,-81.2189,-81.2244,-81.2297,-81.2349
510,-81.1744,-81.1821,-81.1893,-81.1961,-81.2025,-81.2086,-81.2144,-81.2201,-81.2256,-81.2309,-81.2361
511,-81.1757,-81.1834,-81.1906,-81.1973,-81.2037,-81.2098,-81.2156,-81.2213,-81.2268,-81.2321,-81.2372
512,-81.177,-81.1847,-81.1918,-81.1986,-81.2049,-81.211,-81.2168,-81.2225,-81.2279,-81.2332,-81.2384
513,-81.1783,-81.186,-81.1931,-81.1998,-81.2061,-81.2122,-81.218,-81.2236,-81.2291,-81.2344,-81.2395
514,-81.1796,-81.1872,-81.1943,-81.201,-81.2073,-81.2134,-81.2192,-81.2248,-81.2302,-81.2355,-81.2406
515,-81.1808,-81.1885,-81.1956,-81.2022,-81.2085,-81.2146,-81.2204,-81.226,-81.2314,-81.2366,-81.2417
516,-81.1821,-81.1897,-81.1968,-81.2034,-81.2097,-81.2157,-81.2215,-81.2271,-81.2325,-81.2378,-81.2428
517,-81.1834,-81.1909,-81.198,-81.2046,-81.2109,-81.2169,-81.2227,-81.2282,-81.2336,-81.2389,-81.2439
518,-81.1846,-81.1922,-81.1992,-81.2058,-81.212,-81.218,-81.2238,-81.2294,-81.2347,-81.24,-81.245
519,-81.1858,-81.1934,-81.2004,-81.2069,-81.2132,-81.2192,-81.2249,-81.2305,-81.2358,-81.2411,-81.2461
520,-81.187,-81.1946,-81.2015,-81.2081,-81.2143,-81.2203,-81.226,-81.2316,-81.2369,-81.2421,-81.2472
521,-81.1882,-81.1957,-81.2027,-81.2092,-81.2155,-81.2214,-81.2271,-81.2327,-81.238,-81.2432,-81.2483
522,-81.1894,-81.1969,-81.2038,-81.2104,-81.2166,-81.2225,-81.2282,-81.2338,-81.2391,-81.2443,-81.2493
523,-81.1906,-81.1981,-81.205,-81.2115,-81.2177,-81.2236,-81.2293,-81.2348,-81.2402,-81.2453,-81.2504
524,-81.1918,-81.1992,-81.2061,-81.2126,-81.2188,-81.2247,-81.2304,-81.2359,-81.2412,-81.2464,-81.2514
525,-81.193,-81.2004,-81.2073,-81.2137,-81.2199,-81.2258,-81.2315,-81.237,-81.2423,-81.2474,-81.2524
526,-81.1941,-81.2015,-81.2084,-81.2148,-81.221,-81.2269,-81.2325,-81.238,-81.2433,-81.2485,-81.2535
527,-81.1953,-81.2026,-81.2095,-81.2159,-81.2221,-81.2279,-81.2336,-81.2391,-81.2443,-81.2495,-81.2545
528,-81.1964,-81.2037,-81.2106,-81.217,-81.2231,-81.229,-81.2346,-81.2401,-81.2454,-81.2505,-81.2555
529,-81.1975,-81.2048,-81.2117,-81.2181,-81.2242,-81.23,-81.2357,-81.2411,-81.2464,-81.2515,-81.2565
530,-81.1986,-81.2059,-81.2127,-81.2191,-81.2252,-81.2311,-81.2367,-81.2421,-81.2474,-81.2525,-81.2575
531,-81.1997,-81.207,-81.2138,-81.2202,-81.2263,-81.2321,-81.2377,-81.2431,-81.2484,-81.2535,-81.2584
532,-81.2008,-81.2081,-81.2149,-81.2212,-81.2273,-81.2331,-81.2387,-81.2441,-81.2494,-81.2545,-81.2594
533,-81.2019,-81.2092,-81.2159,-81.2223,-81.2283,-81.2341,-81.2397,-81.2451,-81.2504,-81.2554,-81.2604
534,-81.203,-81.2102,-81.217,-81.2233,-81.2294,-81.2351,-81.2407,-81.2461,-81.2513,-81.2564,-81.2613
535,-81.2041,-81.2113,-81.218,-81.2243,-81.2304,-81.2361,-81.2417,-81.2471,-81.2523,-81.2574,-81.2623
536,-81.2051,-81.2123,-81.219,-81.2253,-81.2314,-81.2371,-81.2427,-81.2481,-81.2533,-81.2583,-81.2632
537,-81.2062,-81.2133,-81.22,-81.2263,-81.2324,-81.2381,-81.2437,-81.249,-81.2542,-81.2593,-81.2642
538,-81.2072,-81.2144,-81.221,-81.2273,-81.2333,-81.2391,-81.2446,-81.25,-81.2552,-81.2602,-81.2651
539,-81.2083,-81.2154,-81.222,-81.2283,-81.2343,-81.24,-81.2456,-81.2509,-81.2561,-81.2611,-81.266
540,-81.2093,-81.2164,-81.223,-81.2293,-81.2353,-81.241,-81.2465,-81.2519,-81.257,-81.2621,-81.2669
541,-81.2103,-81.2174,-81.224,-81.2303,-81.2362,-81.242,-81.2475,-81.2528,-81.258,-81.263,-81.2678
542,-81.2113,-81.2184,-81.225,-81.2312,-81.2372,-81.2429,-81.2484,-81.2537,-81.2589,-81.2639,-81.2687
543,-81.2123,-81.2194,-81.226,-81.2322,-81.2381,-81.2438,-81.2493,-81.2546,-81.2598,-81.2648,-81.2696
544,-81.2133,-81.2203,-81.2269,-81.2331,-81.2391,-81.2448,-81.2502,-81.2555,-81.2607,-81.2657,-81.2705
545,-81.2143,-81.2213,-81.2279,-81.2341,-81.24,-81.2457,-81.2511,-81.2564,-81.2616,-81.2666,-81.2714
546,-81.2152,-81.2223,-81.2288,-81.235,-81.2409,-81.2466,-81.2521,-81.2573,-81.2625,-81.2674,-81.2723
547,-81.2162,-81.2232,-81.2297,-81.2359,-81.2418,-81.2475,-81.2529,-81.2582,-81.2633,-81.2683,-81.2731
548,-81.2172,-81.2241,-81.2307,-81.2368,-81.2427,-81.2484,-81.2538,-81.2591,-81.2642,-81.2692,-81.274
549,-81.2181,-81.2251,-81.2316,-81.2378,-81.2436,-81.2493,-81.2547,-81.26,-81.2651,-81.27,-81.2749
550,-81.2191,-81.226,-81.2325,-81.2387,-81.2445,-81.2502,-81.2556,-81.2608,-81.2659,-81.2709,-81.2757
551,-81.22,-81.2269,-81.2334,-81.2396,-81.2454,-81.251,-81.2565,-81.2617,-81.2668,-81.2717,-81.2765
552,-81.2209,-81.2278,-81.2343,-81.2404,-81.2463,-81.2519,-81.2573,-81.2626,-81.2676,-81.2726,-81.2774
553,-81.2218,-81.2287,-81.2352,-81.2413,-81.2472,-81.2528,-81.2582,-81.2634,-81.2685,-81.2734,-81.2782
554,-81.2228,-81.2296,-81.2361,-81.2422,-81.248,-81.2536,-81.259,-81.2642,-81.2693,-81.2742,-81.279
555,-81.2237,-81.2305,-81.237,-81.2431,-81.2489,-81.2545,-81.2599,-81.2651,-81.2701,-81.2751,-81.2798
556,-81.2246,-81.2314,-81.2378,-81.2439,-81.2497,-81.2553,-81.2607,-81.2659,-81.271,-81.2759,-81.2806
557,-81.2254,-81.2323,-81.2387,-81.2448,-81.2506,-81.2561,-81.2615,-81.2667,-81.2718,-81.2767,-81.2814
558,-81.2263,-81.2332,-81.2396,-81.2456,-81.2514,-81.257,-81.2623,-81.2675,-81.2726,-81.2775,-81.2822
559,-81.2272,-81.234,-81.2404,-81.2465,-81.2522,-81.2578,-81.2632,-81.2684,-81.2734,-81.2783,-81.283
560,-81.2281,-81.2349,-81.2412,-81.2473,-81.2531,-81.2586,-81.264,-81.2692,-81.2742,-81.2791,-81.2838
561,-81.2289,-81.2357,-81.2421,-81.2481,-81.2539,-81.2594,-81.2648,-81.2699,-81.275,-81.2798,-81.2846
562,-81.2298,-81.2366,-81.2429,-81.2489,-81.2547,-81.2602,-81.2656,-81.2707,-81.2758,-81.2806,-81.2854
563,-81.2306,-81.2374,-81.2437,-81.2498,-81.2555,-81.261,-81.2664,-81.2715,-81.2765,-81.2814,-81.2861
564,-81.2315,-81.2382,-81.2445,-81.2506,-81.2563,-81.2618,-81.2671,-81.2723,-81.2773,-81.2822,-81.2869
565,-81.2323,-81.239,-81.2454,-81.2514,-81.2571,-81.2626,-81.2679,-81.2731,-81.2781,-81.2829,-81.2876
566,-81.2331,-81.2399,-81.2462,-81.2522,-81.2579,-81.2634,-81.2687,-81.2738,-81.2788,-81.2837,-81.2884
567,-81.234,-81.2407,-81.247,-81.2529,-81.2587,-81.2642,-81.2695,-81.2746,-81.2796,-81.2844,-81.2891
568,-81.2348,-81.2415,-81.2477,-81.2537,-81.2594,-81.2649,-81.2702,-81.2754,-81.2803,-81.2852,-81.2899
569,-81.2356,-81.2423,-81.2485,-81.2545,-81.2602,-81.2657,-81.271,-81.2761,-81.2811,-81.2859,-81.2906
570,-81.2364,-81.243,-81.2493,-81.2553,-81.261,-81.2664,-81.2717,-81.2768,-81.2818,-81.2866,-81.2913
571,-81.2372,-81.2438,-81.2501,-81.256,-81.2617,-81.2672,-81.2725,-81.2776,-81.2825,-81.2874,-81.292
572,-81.238,-81.2446,-81.2509,-81.2568,-81.2625,-81.2679,-81.2732,-81.2783,-81.2833,-81.2881,-81.2928
573,-81.2387,-81.2454,-81.2516,-81.2575,-81.2632,-81.2687,-81.2739,-81.279,-81.284,-81.2888,-81.2935
574,-81.2395,-81.2461,-81.2524,-81.2583,-81.2639,-81.2694,-81.2747,-81.2798,-81.2847,-81.2895,-81.2942
575,-81.2403,-81.2469,-81.2531,-81.259,-81.2647,-81.2701,-81.2754,-81.2805,-81.2854,-81.2902,-81.2949
576,-81.2411,-81.2477,-81.2539,-81.2598,-81.2654,-81.2708,-81.2761,-81.2812,-81.2861,-81.2909,-81.2956
577,-81.2418,-81.2484,-81.2546,-81.2605,-81.2661,-81.2716,-81.2768,-81.2819,-81.2868,-81.2916,-81.2963
578,-81.2426,-81.2491,-81.2553,-81.2612,-81.2669,-81.2723,-81.2775,-81.2826,-81.2875,-81.2923,-81.2969
579,-81.2433,-81.2499,-81.2561,-81.2619,-81.2676,-81.273,-81.2782,-81.2833,-81.2882,-81.293,-81.2976
580,-81.2441,-81.2506,-81.2568,-81.2626,-81.2683,-81.2737,-81.2789,-81.284,-81.2889,-81.2937,-81.2983
581,-81.2448,-81.2513,-81.2575,-81.2634,-81.269,-81.2744,-81.2796,-81.2847,-81.2896,-81.2943,-81.299
582,-81.2455,-81.252,-81.2582,-81.2641,-81.2697,-81.2751,-81.2803,-81.2853,-81.2902,-81.295,-81.2996
583,-81.2462,-81.2528,-81.2589,-81.2648,-81.2704,-81.2757,-81.281,-81.286,-81.2909,-81.2957,-81.3003
584,-81.247,-81.2535,-81.2596,-81.2654,-81.271,-81.2764,-81.2816,-81.2867,-81.2916,-81.2963,-81.301
585,-81.2477,-81.2542,-81.2603,-81.2661,-81.2717,-81.2771,-81.2823,-81.2873,-81.2922,-81.297,-81.3016
586,-81.2484,-81.2549,-81.261,-81.2668,-81.2724,-81.2778,-81.283,-81.288,-81.2929,-81.2976,-81.3023
587,-81.2491,-81.2556,-81.2617,-81.2675,-81.2731,-81.2784,-81.2836,-81.2887,-81.2935,-81.2983,-81.3029
588,-81.2498,-81.2562,-81.2623,-81.2682,-81.2737,-81.2791,-81.2843,-81.2893,-81.2942,-81.2989,-81.3035
589,-81.2505,-81.2569,-81.263,-81.2688,-81.2744,-81.2797,-81.2849,-81.29,-81.2948,-81.2996,-81.3042
590,-81.2511,-81.2576,-81.2637,-81.2695,-81.275,-81.2804,-81.2856,-81.2906,-81.2955,-81.3002,-81.3048
591,-81.2518,-81.2583,-81.2643,-81.2701,-81.2757,-81.281,-81.2862,-81.2912,-81.2961,-81.3008,-81.3054
592,-81.2525,-81.2589,-81.265,-81.2708,-81.2763,-81.2817,-81.2869,-81.2919,-81.2967,-81.3014,-81.306
593,-81.2532,-81.2596,-81.2657,-81.2714,-81.277,-81.2823,-81.2875,-81.2925,-81.2973,-81.3021,-81.3066
594,-81.2538,-81.2603,-81.2663,-81.2721,-81.2776,-81.2829,-81.2881,-81.2931,-81.298,-81.3027,-81.3073
595,-81.2545,-81.2609,-81.2669,-81.2727,-81.2782,-81.2836,-81.2887,-81.2937,-81.2986,-81.3033,-81.3079
596,-81.2552,-81.2615,-81.2676,-81.2734,-81.2789,-81.2842,-81.2893,-81.2943,-81.2992,-81.3039,-81.3085
597,-81.2558,-81.2622,-81.2682,-81.274,-81.2795,-81.2848,-81.29,-81.2949,-81.2998,-81.3045,-81.3091
598,-81.2564,-81.2628,-81.2689,-81.2746,-81.2801,-81.2854,-81.2906,-81.2955,-81.3004,-81.3051,-81.3097
599,-81.2571,-81.2635,-81.2695,-81.2752,-81.2807,-81.286,-81.2912,-81.2961,-81.301,-81.3057,-81.3102
600,-81.2577,-81.2641,-81.2701,-81.2758,-81.2813,-81.2866,-81.2918,-81.2967,-81.3016,-81.3063,-81.3108
601,-81.2584,-81.2647,-81.2707,-81.2764,-81.2819,-81.2872,-81.2924,-81.2973,-81.3022,-81.3068,-81.3114
602,-81.259,-81.2653,-81.2713,-81.277,-81.2825,-81.2878,-81.293,-81.2979,-81.3027,-81.3074,-81.312
603,-81.2596,-81.2659,-81.2719,-81.2776,-81.2831,-81.2884,-81.2935,-81.2985,-81.3033,-81.308,-81.3126
604,-81.2602,-81.2665,-81.2725,-81.2782,-81.2837,-81.289,-81.2941,-81.2991,-81.3039,-81.3086,-81.3131
605,-81.2608,-81.2671,-81.2731,-81.2788,-81.2843,-81.2896,-81.2947,-81.2997,-81.3045,-81.3091,-81.3137
606,-81.2614,-81.2677,-81.2737,-81.2794,-81.2849,-81.2902,-81.2953,-81.3002,-81.305,-81.3097,-81.3142
607,-81.262,-81.2683,-81.2743,-81.28,-81.2855,-81.2907,-81.2958,-81.3008,-81.3056,-81.3103,-81.3148
608,-81.2626,-81.2689,-81.2749,-81.2806,-81.286,-81.2913,-81.2964,-81.3014,-81.3062,-81.3108,-81.3154
609,-81.2632,-81.2695,-81.2755,-81.2812,-81.2866,-81.2919,-81.297,-81.3019,-81.3067,-81.3114,-81.3159
610,-81.2638,-81.2701,-81.276,-81.2817,-81.2872,-81.2924,-81.2975,-81.3025,-81.3073,-81.3119,-81.3164
611,-81.2644,-81.2707,-81.2766,-81.2823,-81.2877,-81.293,-81.2981,-81.303,-81.3078,-81.3125,-81.317
612,-81.265,-81.2712,-81.2772,-81.2829,-81.2883,-81.2936,-81.2986,-81.3036,-81.3083,-81.313,-81.3175
613,-81.2656,-81.2718,-81.2777,-81.2834,-81.2889,-81.2941,-81.2992,-81.3041,-81.3089,-81.3135,-81.3181
614,-81.2661,-81.2724,-81.2783,-81.284,-81.2894,-81.2946,-81.2997,-81.3046,-81.3094,-81.3141,-81.3186
615,-81.2667,-81.2729,-81.2789,-81.2845,-81.2899,-81.2952,-81.3003,-81.3052,-81.31,-81.3146,-81.3191
616,-81.2673,-81.2735,-81.2794,-81.2851,-81.2905,-81.2957,-81.3008,-81.3057,-81.3105,-81.3151,-81.3196
617,-81.2678,-81.2741,-81.28,-81.2856,-81.291,-81.2963,-81.3013,-81.3062,-81.311,-81.3156,-81.3202
618,-81.2684,-81.2746,-81.2805,-81.2861,-81.2916,-81.2968,-81.3019,-81.3068,-81.3115,-81.3162,-81.3207
619,-81.2689,-81.2751,-81.281,-81.2867,-81.2921,-81.2973,-81.3024,-81.3073,-81.312,-81.3167,-81.3212
620,-81.2695,-81.2757,-81.2816,-81.2872,-81.2926,-81.2978,-81.3029,-81.3078,-81.3126,-81.3172,-81.3217
621,-81.27,-81.2762,-81.2821,-81.2877,-81.2931,-81.2984,-81.3034,-81.3083,-81.3131,-81.3177,-81.3222
622,-81.2706,-81.2768,-81.2826,-81.2883,-81.2937,-81.2989,-81.3039,-81.3088,-81.3136,-81.3182,-81.3227
623,-81.2711,-81.2773,-81.2832,-81.2888,-81.2942,-81.2994,-81.3044,-81.3093,-81.3141,-81.3187,-81.3232
624,-81.2716,-81.2778,-81.2837,-81.2893,-81.2947,-81.2999,-81.3049,-81.3098,-81.3146,-81.3192,-81.3237
625,-81.2722,-81.2783,-81.2842,-81.2898,-81.2952,-81.3004,-81.3054,-81.3103,-81.3151,-81.3197,-81.3242
626,-81.2727,-81.2788,-81.2847,-81.2903,-81.2957,-81.3009,-81.3059,-81.3108,-81.3156,-81.3202,-81.3247
627,-81.2732,-81.2794,-81.2852,-81.2908,-81.2962,-81.3014,-81.3064,-81.3113,-81.3161,-81.3207,-81.3251
628,-81.2737,-81.2799,-81.2857,-81.2913,-81.2967,-81.3019,-81.3069,-81.3118,-81.3165,-81.3211,-81.3256
629,-81.2742,-81.2804,-81.2862,-81.2918,-81.2972,-81.3024,-81.3074,-81.3123,-81.317,-81.3216,-81.3261
630,-81.2747,-81.2809,-81.2867,-81.2923,-81.2977,-81.3029,-81.3079,-81.3128,-81.3175,-81.3221,-81.3266
631,-81.2752,-81.2814,-81.2872,-81.2928,-81.2982,-81.3034,-81.3084,-81.3133,-81.318,-81.3226,-81.327
632,-81.2757,-81.2819,-81.2877,-81.2933,-81.2987,-81.3038,-81.3089,-81.3137,-81.3185,-81.323,-81.3275
633,-81.2762,-81.2824,-81.2882,-81.2938,-81.2991,-81.3043,-81.3093,-81.3142,-81.3189,-81.3235,-81.328
634,-81.2767,-81.2829,-81.2887,-81.2943,-81.2996,-81.3048,-81.3098,-81.3147,-81.3194,-81.324,-81.3284
635,-81.2772,-81.2833,-81.2892,-81.2947,-81.3001,-81.3053,-81.3103,-81.3151,-81.3199,-81.3244,-81.3289
636,-81.2777,-81.2838,-81.2896,-81.2952,-81.3006,-81.3057,-81.3107,-81.3156,-81.3203,-81.3249,-81.3294
637,-81.2782,-81.2843,-81.2901,-81.2957,-81.301,-81.3062,-81.3112,-81.3161,-81.3208,-81.3254,-81.3298
638,-81.2787,-81.2848,-81.2906,-81.2961,-81.3015,-81.3067,-81.3117,-81.3165,-81.3212,-81.3258,-81.3303
639,-81.2792,-81.2853,-81.2911,-81.2966,-81.3019,-81.3071,-81.3121,-81.317,-81.3217,-81.3263,-81.3307
640,-81.2796,-81.2857,-81.2915,-81.2971,-81.3024,-81.3076,-81.3126,-81.3174,-81.3221,-81.3267,-81.3311
641,-81.2801,-81.2862,-81.292,-81.2975,-81.3029,-81.308,-81.313,-81.3179,-81.3226,-81.3271,-81.3316
642,-81.2806,-81.2867,-81.2924,-81.298,-81.3033,-81.3085,-81.3135,-81.3183,-81.323,-81.3276,-81.332
643,-81.281,-81.2871,-81.2929,-81.2984,-81.3038,-81.3089,-81.3139,-81.3187,-81.3234,-81.328,-81.3325
644,-81.2815,-81.2876,-81.2933,-81.2989,-81.3042,-81.3094,-81.3143,-81.3192,-81.3239,-81.3284,-81.3329
645,-81.282,-81.288,-81.2938,-81.2993,-81.3046,-81.3098,-81.3148,-81.3196,-81.3243,-81.3289,-81.3333
646,-81.2824,-81.2885,-81.2942,-81.2998,-81.3051,-81.3102,-81.3152,-81.3201,-81.3247,-81.3293,-81.3337
647,-81.2829,-81.2889,-81.2947,-81.3002,-81.3055,-81.3107,-81.3156,-81.3205,-81.3252,-81.3297,-81.3342
648,-81.2833,-81.2894,-81.2951,-81.3006,-81.306,-81.3111,-81.3161,-81.3209,-81.3256,-81.3302,-81.3346
649,-81.2838,-81.2898,-81.2956,-81.3011,-81.3064,-81.3115,-81.3165,-81.3213,-81.326,-81.3306,-81.335
650,-81.2842,-81.2902,-81.296,-81.3015,-81.3068,-81.3119,-81.3169,-81.3218,-81.3264,-81.331,-81.3354
651,-81.2846,-81.2907,-81.2964,-81.3019,-81.3072,-81.3124,-81.3173,-81.3222,-81.3269,-81.3314,-81.3358
652,-81.2851,-81.2911,-81.2968,-81.3024,-81.3077,-81.3128,-81.3178,-81.3226,-81.3273,-81.3318,-81.3362
653,-81.2855,-81.2915,-81.2973,-81.3028,-81.3081,-81.3132,-81.3182,-81.323,-81.3277,-81.3322,-81.3366
654,-81.2859,-81.292,-81.2977,-81.3032,-81.3085,-81.3136,-81.3186,-81.3234,-81.3281,-81.3326,-81.3371
655,-81.2864,-81.2924,-81.2981,-81.3036,-81.3089,-81.314,-81.319,-81.3238,-81.3285,-81.333,-81.3375
656,-81.2868,-81.2928,-81.2985,-81.304,-81.3093,-81.3144,-81.3194,-81.3242,-81.3289,-81.3334,-81.3379
657,-81.2872,-81.2932,-81.2989,-81.3044,-81.3097,-81.3148,-81.3198,-81.3246,-81.3293,-81.3338,-81.3382
658,-81.2876,-81.2936,-81.2993,-81.3048,-81.3101,-81.3152,-81.3202,-81.325,-81.3297,-81.3342,-81.3386
659,-81.288,-81.294,-81.2998,-81.3052,-81.3105,-81.3156,-81.3206,-81.3254,-81.3301,-81.3346,-81.339
660,-81.2885,-81.2944,-81.3002,-81.3056,-81.3109,-81.316,-81.321,-81.3258,-81.3305,-81.335,-81.3394
661,-81.2889,-81.2948,-81.3006,-81.306,-81.3113,-81.3164,-81.3214,-81.3262,-81.3309,-81.3354,-81.3398
662,-81.2893,-81.2953,-81.301,-81.3064,-81.3117,-81.3168,-81.3218,-81.3266,-81.3312,-81.3358,-81.3402
663,-81.2897,-81.2957,-81.3014,-81.3068,-81.3121,-81.3172,-81.3222,-81.327,-81.3316,-81.3362,-81.3406
664,-81.2901,-81.296,-81.3017,-81.3072,-81.3125,-81.3176,-81.3226,-81.3274,-81.332,-81.3365,-81.3409
665,-81.2905,-81.2964,-81.3021,-81.3076,-81.3129,-81.318,-81.3229,-81.3277,-81.3324,-81.3369,-81.3413
666,-81.2909,-81.2968,-81.3025,-81.308,-81.3133,-81.3184,-81.3233,-81.3281,-81.3328,-81.3373,-81.3417
667,-81.2913,-81.2972,-81.3029,-81.3084,-81.3136,-81.3187,-81.3237,-81.3285,-81.3331,-81.3377,-81.3421
668,-81.2916,-81.2976,-81.3033,-81.3088,-81.314,-81.3191,-81.3241,-81.3289,-81.3335,-81.338,-81.3424
669,-81.292,-81.298,-81.3037,-81.3091,-81.3144,-81.3195,-81.3244,-81.3292,-81.3339,-81.3384,-81.3428
670,-81.2924,-81.2984,-81.3041,-81.3095,-81.3148,-81.3199,-81.3248,-81.3296,-81.3342,-81.3388,-81.3432
671,-81.2928,-81.2988,-81.3044,-81.3099,-81.3151,-81.3202,-81.3252,-81.33,-81.3346,-81.3391,-81.3435
672,-81.2932,-81.2991,-81.3048,-81.3103,-81.3155,-81.3206,-81.3255,-81.3303,-81.335,-81.3395,-81.3439
673,-81.2936,-81.2995,-81.3052,-81.3106,-81.3159,-81.321,-81.3259,-81.3307,-81.3353,-81.3399,-81.3442
674,-81.2939,-81.2999,-81.3055,-81.311,-81.3162,-81.3213,-81.3263,-81.331,-81.3357,-81.3402,-81.3446
675,-81.2943,-81.3002,-81.3059,-81.3114,-81.3166,-81.3217,-81.3266,-81.3314,-81.336,-81.3406,-81.3449
676,-81.2947,-81.3006,-81.3063,-81.3117,-81.317,-81.322,-81.327,-81.3318,-81.3364,-81.3409,-81.3453
677,-81.295,-81.301,-81.3066,-81.3121,-81.3173,-81.3224,-81.3273,-81.3321,-81.3368,-81.3413,-81.3456
678,-81.2954,-81.3013,-81.307,-81.3124,-81.3177,-81.3228,-81.3277,-81.3325,-81.3371,-81.3416,-81.346
679,-81.2958,-81.3017,-81.3073,-81.3128,-81.318,-81.3231,-81.328,-81.3328,-81.3374,-81.342,-81.3463
680,-81.2961,-81.302,-81.3077,-81.3131,-81.3184,-81.3235,-81.3284,-81.3332,-81.3378,-81.3423,-81.3467
681,-81.2965,-81.3024,-81.308,-81.3135,-81.3187,-81.3238,-81.3287,-81.3335,-81.3381,-81.3426,-81.347
682,-81.2968,-81.3027,-81.3084,-81.3138,-81.3191,-81.3241,-81.3291,-81.3338,-81.3385,-81.343,-81.3474
683,-81.2972,-81.3031,-81.3087,-81.3142,-81.3194,-81.3245,-81.3294,-81.3342,-81.3388,-81.3433,-81.3477
684,-81.2975,-81.3034,-81.3091,-81.3145,-81.3198,-81.3248,-81.3297,-81.3345,-81.3391,-81.3436,-81.348
685,-81.2979,-81.3038,-81.3094,-81.3149,-81.3201,-81.3252,-81.3301,-81.3348,-81.3395,-81.344,-81.3483
686,-81.2982,-81.3041,-81.3098,-81.3152,-81.3204,-81.3255,-81.3304,-81.3352,-81.3398,-81.3443,-81.3487
687,-81.2986,-81.3045,-81.3101,-81.3155,-81.3208,-81.3258,-81.3307,-81.3355,-81.3401,-81.3446,-81.349
688,-81.2989,-81.3048,-81.3104,-81.3159,-81.3211,-81.3262,-81.3311,-81.3358,-81.3405,-81.345,-81.3493
689,-81.2993,-81.3051,-81.3108,-81.3162,-81.3214,-81.3265,-81.3314,-81.3362,-81.3408,-81.3453,-81.3496
690,-81.2996,-81.3055,-81.3111,-81.3165,-81.3217,-81.3268,-81.3317,-81.3365,-81.3411,-81.3456,-81.35
691,-81.2999,-81.3058,-81.3114,-81.3168,-81.3221,-81.3271,-81.332,-81.3368,-81.3414,-81.3459,-81.3503
692,-81.3003,-81.3061,-81.3118,-81.3172,-81.3224,-81.3275,-81.3324,-81.3371,-81.3417,-81.3462,-81.3506
693,-81.3006,-81.3065,-81.3121,-81.3175,-81.3227,-81.3278,-81.3327,-81.3374,-81.3421,-81.3465,-81.3509
694,-81.3009,-81.3068,-81.3124,-81.3178,-81.323,-81.3281,-81.333,-81.3378,-81.3424,-81.3469,-81.3512
695,-81.3012,-81.3071,-81.3127,-81.3181,-81.3234,-81.3284,-81.3333,-81.3381,-81.3427,-81.3472,-81.3515
696,-81.3016,-81.3074,-81.313,-81.3185,-81.3237,-81.3287,-81.3336,-81.3384,-81.343,-81.3475,-81.3518
697,-81.3019,-81.3078,-81.3134,-81.3188,-81.324,-81.329,-81.3339,-81.3387,-81.3433,-81.3478,-81.3522
698,-81.3022,-81.3081,-81.3137,-81.3191,-81.3243,-81.3293,-81.3342,-81.339,-81.3436,-81.3481,-81.3525
699,-81.3025,-81.3084,-81.314,-81.3194,-81.3246,-81.3296,-81.3345,-81.3393,-81.3439,-81.3484,-81.3528
700,-81.3028,-81.3087,-81.3143,-81.3197,-81.3249,-81.33,-81.3349,-81.3396,-81.3442,-81.3487,-81.3531
701,-81.3032,-81.309,-81.3146,-81.32,-81.3252,-81.3303,-81.3352,-81.3399,-81.3445,-81.349,-81.3534
702,-81.3035,-81.3093,-81.3149,-81.3203,-81.3255,-81.3306,-81.3355,-81.3402,-81.3448,-81.3493,-81.3537
703,-81.3038,-81.3096,-81.3152,-81.3206,-81.3258,-81.3309,-81.3358,-81.3405,-81.3451,-81.3496,-81.3539
704,-81.3041,-81.3099,-81.3155,-81.3209,-81.3261,-81.3312,-81.3361,-81.3408,-81.3454,-81.3499,-81.3542
705,-81.3044,-81.3102,-81.3158,-81.3212,-81.3264,-81.3315,-81.3363,-81.3411,-81.3457,-81.3502,-81.3545
706,-81.3047,-81.3105,-81.3161,-81.3215,-81.3267,-81.3317,-81.3366,-81.3414,-81.346,-81.3505,-81.3548
707,-81.305,-81.3108,-81.3164,-81.3218,-81.327,-81.332,-81.3369,-81.3417,-81.3463,-81.3508,-81.3551
708,-81.3053,-81.3111,-81.3167,-81.3221,-81.3273,-81.3323,-81.3372,-81.342,-81.3466,-81.351,-81.3554
709,-81.3056,-81.3114,-81.317,-81.3224,-81.3276,-81.3326,-81.3375,-81.3422,-81.3469,-81.3513,-81.3557
710,-81.3059,-81.3117,-81.3173,-81.3227,-81.3279,-81.3329,-81.3378,-81.3425,-81.3471,-81.3516,-81.356
711,-81.3062,-81.312,-81.3176,-81.323,-81.3282,-81.3332,-81.3381,-81.3428,-81.3474,-81.3519,-81.3562
712,-81.3065,-81.3123,-81.3179,-81.3232,-81.3284,-81.3335,-81.3384,-81.3431,-81.3477,-81.3522,-81.3565
713,-81.3068,-81.3126,-81.3181,-81.3235,-81.3287,-81.3338,-81.3386,-81.3434,-81.348,-81.3524,-81.3568
714,-81.307,-81.3129,-81.3184,-81.3238,-81.329,-81.334,-81.3389,-81.3437,-81.3483,-81.3527,-81.3571
715,-81.3073,-81.3131,-81.3187,-81.3241,-81.3293,-81.3343,-81.3392,-81.3439,-81.3485,-81.353,-81.3573
716,-81.3076,-81.3134,-81.319,-81.3244,-81.3296,-81.3346,-81.3395,-81.3442,-81.3488,-81.3533,-81.3576
717,-81.3079,-81.3137,-81.3193,-81.3246,-81.3298,-81.3349,-81.3397,-81.3445,-81.3491,-81.3535,-81.3579
718,-81.3082,-81.314,-81.3195,-81.3249,-81.3301,-81.3351,-81.34,-81.3447,-81.3493,-81.3538,-81.3582
719,-81.3084,-81.3143,-81.3198,-81.3252,-81.3304,-81.3354,-81.3403,-81.345,-81.3496,-81.3541,-81.3584
720,-81.3087,-81.3145,-81.3201,-81.3255,-81.3306,-81.3357,-81.3406,-81.3453,-81.3499,-81.3543,-81.3587
721,-81.309,-81.3148,-81.3204,-81.3257,-81.3309,-81.3359,-81.3408,-81.3456,-81.3501,-81.3546,-81.3589
722,-81.3093,-81.3151,-81.3206,-81.326,-81.3312,-81.3362,-81.3411,-81.3458,-81.3504,-81.3549,-81.3592
723,-81.3095,-81.3153,-81.3209,-81.3263,-81.3314,-81.3365,-81.3413,-81.3461,-81.3507,-81.3551,-81.3595
724,-81.3098,-81.3156,-81.3212,-81.3265,-81.3317,-81.3367,-81.3416,-81.3463,-81.3509,-81.3554,-81.3597
725,-81.3101,-81.3159,-81.3214,-81.3268,-81.332,-81.337,-81.3419,-81.3466,-81.3512,-81.3556,-81.36
726,-81.3103,-81.3161,-81.3217,-81.3271,-81.3322,-81.3373,-81.3421,-81.3469,-81.3514,-81.3559,-81.3602
727,-81.3106,-81.3164,-81.322,-81.3273,-81.3325,-81.3375,-81.3424,-81.3471,-81.3517,-81.3562,-81.3605
728,-81.3109,-81.3167,-81.3222,-81.3276,-81.3327,-81.3378,-81.3426,-81.3474,-81.352,-81.3564,-81.3607
729,-81.3111,-81.3169,-81.3225,-81.3278,-81.333,-81.338,-81.3429,-81.3476,-81.3522,-81.3567,-81.361
730,-81.3114,-81.3172,-81.3227,-81.3281,-81.3333,-81.3383,-81.3431,-81.3479,-81.3525,-81.3569,-81.3612
731,-81.3116,-81.3174,-81.323,-81.3283,-81.3335,-81.3385,-81.3434,-81.3481,-81.3527,-81.3572,-81.3615
732,-81.3119,-81.3177,-81.3232,-81.3286,-81.3338,-81.3388,-81.3436,-81.3484,-81.353,-81.3574,-81.3617
733,-81.3122,-81.3179,-81.3235,-81.3288,-81.334,-81.339,-81.3439,-81.3486,-81.3532,-81.3577,-81.362
734,-81.3124,-81.3182,-81.3237,-81.3291,-81.3343,-81.3393,-81.3441,-81.3489,-81.3534,-81.3579,-81.3622
735,-81.3127,-81.3184,-81.324,-81.3293,-81.3345,-81.3395,-81.3444,-81.3491,-81.3537,-81.3581,-81.3625
736,-81.3129,-81.3187,-81.3242,-81.3296,-81.3347,-81.3398,-81.3446,-81.3493,-81.3539,-81.3584,-81.3627
737,-81.3132,-81.3189,-81.3245,-81.3298,-81.335,-81.34,-81.3449,-81.3496,-81.3542,-81.3586,-81.363
738,-81.3134,-81.3192,-81.3247,-81.3301,-81.3352,-81.3402,-81.3451,-81.3498,-81.3544,-81.3589,-81.3632
739,-81.3137,-81.3194,-81.325,-81.3303,-81.3355,-81.3405,-81.3453,-81.3501,-81.3546,-81.3591,-81.3634
740,-81.3139,-81.3197,-81.3252,-81.3305,-81.3357,-81.3407,-81.3456,-81.3503,-81.3549,-81.3593,-81.3637
741,-81.3141,-81.3199,-81.3254,-81.3308,-81.3359,-81.341,-81.3458,-81.3505,-81.3551,-81.3596,-81.3639
742,-81.3144,-81.3201,-81.3257,-81.331,-81.3362,-81.3412,-81.3461,-81.3508,-81.3553,-81.3598,-81.3641
743,-81.3146,-81.3204,-81.3259,-81.3312,-81.3364,-81.3414,-81.3463,-81.351,-81.3556,-81.36,-81.3644
744,-81.3149,-81.3206,-81.3261,-81.3315,-81.3366,-81.3417,-81.3465,-81.3512,-81.3558,-81.3603,-81.3646
745,-81.3151,-81.3208,-81.3264,-81.3317,-81.3369,-81.3419,-81.3467,-81.3515,-81.356,-81.3605,-81.3648
746,-81.3153,-81.3211,-81.3266,-81.3319,-81.3371,-81.3421,-81.347,-81.3517,-81.3563,-81.3607,-81.365
747,-81.3156,-81.3213,-81.3268,-81.3322,-81.3373,-81.3423,-81.3472,-81.3519,-81.3565,-81.3609,-81.3653
748,-81.3158,-81.3215,-81.3271,-81.3324,-81.3376,-81.3426,-81.3474,-81.3521,-81.3567,-81.3612,-81.3655
749,-81.316,-81.3218,-81.3273,-81.3326,-81.3378,-81.3428,-81.3477,-81.3524,-81.3569,-81.3614,-81.3657
750,-81.3162,-81.322,-81.3275,-81.3329,-81.338,-81.343,-81.3479,-81.3526,-81.3572,-81.3616,-81.3659
751,-81.3165,-81.3222,-81.3277,-81.3331,-81.3382,-81.3432,-81.3481,-81.3528,-81.3574,-81.3618,-81.3661
752,-81.3167,-81.3224,-81.328,-81.3333,-81.3385,-81.3435,-81.3483,-81.353,-81.3576,-81.362,-81.3664
753,-81.3169,-81.3227,-81.3282,-81.3335,-81.3387,-81.3437,-81.3485,-81.3532,-81.3578,-81.3623,-81.3666
754,-81.3171,-81.3229,-81.3284,-81.3337,-81.3389,-81.3439,-81.3488,-81.3535,-81.358,-81.3625,-81.3668
755,-81.3174,-81.3231,-81.3286,-81.334,-81.3391,-81.3441,-81.349,-81.3537,-81.3583,-81.3627,-81.367
756,-81.3176,-81.3233,-81.3288,-81.3342,-81.3393,-81.3443,-81.3492,-81.3539,-81.3585,-81.3629,-81.3672
757,-81.3178,-81.3235,-81.3291,-81.3344,-81.3395,-81.3445,-81.3494,-81.3541,-81.3587,-81.3631,-81.3674
758,-81.318,-81.3238,-81.3293,-81.3346,-81.3398,-81.3448,-81.3496,-81.3543,-81.3589,-81.3633,-81.3676
759,-81.3182,-81.324,-81.3295,-81.3348,-81.34,-81.345,-81.3498,-81.3545,-81.3591,-81.3635,-81.3679
760,-81.3184,-81.3242,-81.3297,-81.335,-81.3402,-81.3452,-81.35,-81.3547,-81.3593,-81.3637,-81.3681
761,-81.3187,-81.3244,-81.3299,-81.3352,-81.3404,-81.3454,-81.3502,-81.3549,-81.3595,-81.364,-81.3683
762,-81.3189,-81.3246,-81.3301,-81.3354,-81.3406,-81.3456,-81.3504,-81.3552,-81.3597,-81.3642,-81.3685
763,-81.3191,-81.3248,-81.3303,-81.3356,-81.3408,-81.3458,-81.3506,-81.3554,-81.3599,-81.3644,-81.3687
764,-81.3193,-81.325,-81.3305,-81.3359,-81.341,-81.346,-81.3509,-81.3556,-81.3601,-81.3646,-81.3689
765,-81.3195,-81.3252,-81.3307,-81.3361,-81.3412,-81.3462,-81.3511,-81.3558,-81.3603,-81.3648,-81.3691
766,-81.3197,-81.3254,-81.3309,-81.3363,-81.3414,-81.3464,-81.3513,-81.356,-81.3605,-81.365,-81.3693
767,-81.3199,-81.3256,-81.3311,-81.3365,-81.3416,-81.3466,-81.3515,-81.3562,-81.3607,-81.3652,-81.3695
768,-81.3201,-81.3258,-81.3313,-81.3367,-81.3418,-81.3468,-81.3517,-81.3564,-81.3609,-81.3654,-81.3697
769,-81.3203,-81.326,-81.3315,-81.3369,-81.342,-81.347,-81.3519,-81.3566,-81.3611,-81.3656,-81.3699
770,-81.3205,-81.3262,-81.3317,-81.3371,-81.3422,-81.3472,-81.3521,-81.3568,-81.3613,-81.3658,-81.3701
771,-81.3207,-81.3264,-81.3319,-81.3373,-81.3424,-81.3474,-81.3523,-81.357,-81.3615,-81.366,-81.3703
772,-81.3209,-81.3266,-81.3321,-81.3375,-81.3426,-81.3476,-81.3524,-81.3572,-81.3617,-81.3662,-81.3705
773,-81.3211,-81.3268,-81.3323,-81.3377,-81.3428,-81.3478,-81.3526,-81.3573,-81.3619,-81.3663,-81.3707
774,-81.3213,-81.327,-81.3325,-81.3378,-81.343,-81.348,-81.3528,-81.3575,-81.3621,-81.3665,-81.3708
775,-81.3215,-81.3272,-81.3327,-81.338,-81.3432,-81.3482,-81.353,-81.3577,-81.3623,-81.3667,-81.371
776,-81.3217,-81.3274,-81.3329,-81.3382,-81.3434,-81.3484,-81.3532,-81.3579,-81.3625,-81.3669,-81.3712
777,-81.3219,-81.3276,-81.3331,-81.3384,-81.3436,-81.3486,-81.3534,-81.3581,-81.3627,-81.3671,-81.3714
778,-81.3221,-81.3278,-81.3333,-81.3386,-81.3438,-81.3487,-81.3536,-81.3583,-81.3629,-81.3673,-81.3716
779,-81.3223,-81.328,-81.3335,-81.3388,-81.3439,-81.3489,-81.3538,-81.3585,-81.363,-81.3675,-81.3718
780,-81.3225,-81.3282,-81.3337,-81.339,-81.3441,-81.3491,-81.354,-81.3587,-81.3632,-81.3677,-81.372
781,-81.3227,-81.3284,-81.3339,-81.3392,-81.3443,-81.3493,-81.3542,-81.3589,-81.3634,-81.3678,-81.3722
782,-81.3228,-81.3286,-81.334,-81.3394,-81.3445,-81.3495,-81.3543,-81.359,-81.3636,-81.368,-81.3723
783,-81.323,-81.3287,-81.3342,-81.3395,-81.3447,-81.3497,-81.3545,-81.3592,-81.3638,-81.3682,-81.3725
784,-81.3232,-81.3289,-81.3344,-81.3397,-81.3449,-81.3499,-81.3547,-81.3594,-81.364,-81.3684,-81.3727
785,-81.3234,-81.3291,-81.3346,-81.3399,-81.345,-81.35,-81.3549,-81.3596,-81.3641,-81.3686,-81.3729
786,-81.3236,-81.3293,-81.3348,-81.3401,-81.3452,-81.3502,-81.3551,-81.3598,-81.3643,-81.3688,-81.3731
787,-81.3238,-81.3295,-81.335,-81.3403,-81.3454,-81.3504,-81.3552,-81.3599,-81.3645,-81.3689,-81.3732
788,-81.3239,-81.3296,-81.3351,-81.3404,-81.3456,-81.3506,-81.3554,-81.3601,-81.3647,-81.3691,-81.3734
789,-81.3241,-81.3298,-81.3353,-81.3406,-81.3458,-81.3507,-81.3556,-81.3603,-81.3648,-81.3693,-81.3736
790,-81.3243,-81.33,-81.3355,-81.3408,-81.3459,-81.3509,-81.3558,-81.3605,-81.365,-81.3695,-81.3738
791,-81.3245,-81.3302,-81.3357,-81.341,-81.3461,-81.3511,-81.3559,-81.3606,-81.3652,-81.3696,-81.3739
792,-81.3247,-81.3304,-81.3358,-81.3411,-81.3463,-81.3513,-81.3561,-81.3608,-81.3654,-81.3698,-81.3741
793,-81.3248,-81.3305,-81.336,-81.3413,-81.3465,-81.3514,-81.3563,-81.361,-81.3655,-81.37,-81.3743
794,-81.325,-81.3307,-81.3362,-81.3415,-81.3466,-81.3516,-81.3565,-81.3612,-81.3657,-81.3701,-81.3744
795,-81.3252,-81.3309,-81.3364,-81.3417,-81.3468,-81.3518,-81.3566,-81.3613,-81.3659,-81.3703,-81.3746
796,-81.3254,-81.331,-81.3365,-81.3418,-81.347,-81.352,-81.3568,-81.3615,-81.3661,-81.3705,-81.3748
797,-81.3255,-81.3312,-81.3367,-81.342,-81.3471,-81.3521,-81.357,-81.3617,-81.3662,-81.3706,-81.3749
798,-81.3257,-81.3314,-81.3369,-81.3422,-81.3473,-81.3523,-81.3571,-81.3618,-81.3664,-81.3708,-81.3751
799,-81.3259,-81.3315,-81.337,-81.3423,-81.3475,-81.3525,-81.3573,-81.362,-81.3665,-81.371,-81.3753
800,-81.326,-81.3317,-81.3372,-81.3425,-81.3476,-81.3526,-81.3575,-81.3622,-81.3667,-81.3711,-81.3754
801,-81.3262,-81.3319,-81.3374,-81.3427,-81.3478,-81.3528,-81.3576,-81.3623,-81.3669,-81.3713,-81.3756
802,-81.3264,-81.332,-81.3375,-81.3428,-81.348,-81.3529,-81.3578,-81.3625,-81.367,-81.3715,-81.3758
803,-81.3265,-81.3322,-81.3377,-81.343,-81.3481,-81.3531,-81.358,-81.3626,-81.3672,-81.3716,-81.3759
804,-81.3267,-81.3324,-81.3379,-81.3432,-81.3483,-81.3533,-81.3581,-81.3628,-81.3674,-81.3718,-81.3761
805,-81.3269,-81.3325,-81.338,-81.3433,-81.3485,-81.3534,-81.3583,-81.363,-81.3675,-81.3719,-81.3762
806,-81.327,-81.3327,-81.3382,-81.3435,-81.3486,-81.3536,-81.3584,-81.3631,-81.3677,-81.3721,-81.3764
807,-81.3272,-81.3329,-81.3383,-81.3436,-81.3488,-81.3538,-81.3586,-81.3633,-81.3678,-81.3723,-81.3766
808,-81.3273,-81.333,-81.3385,-81.3438,-81.3489,-81.3539,-81.3587,-81.3634,-81.368,-81.3724,-81.3767
809,-81.3275,-81.3332,-81.3387,-81.344,-81.3491,-81.3541,-81.3589,-81.3636,-81.3682,-81.3726,-81.3769
810,-81.3277,-81.3333,-81.3388,-81.3441,-81.3492,-81.3542,-81.3591,-81.3638,-81.3683,-81.3727,-81.377
811,-81.3278,-81.3335,-81.339,-81.3443,-81.3494,-81.3544,-81.3592,-81.3639,-81.3685,-81.3729,-81.3772
812,-81.328,-81.3336,-81.3391,-81.3444,-81.3495,-81.3545,-81.3594,-81.3641,-81.3686,-81.373,-81.3773
813,-81.3281,-81.3338,-81.3393,-81.3446,-81.3497,-81.3547,-81.3595,-81.3642,-81.3688,-81.3732,-81.3775
814,-81.3283,-81.334,-81.3394,-81.3447,-81.3499,-81.3548,-81.3597,-81.3644,-81.3689,-81.3733,-81.3776
815,-81.3284,-81.3341,-81.3396,-81.3449,-81.35,-81.355,-81.3598,-81.3645,-81.3691,-81.3735,-81.3778
816,-81.3286,-81.3343,-81.3397,-81.345,-81.3502,-81.3551,-81.36,-81.3647,-81.3692,-81.3736,-81.3779
817,-81.3287,-81.3344,-81.3399,-81.3452,-81.3503,-81.3553,-81.3601,-81.3648,-81.3694,-81.3738,-81.3781
818,-81.3289,-81.3346,-81.34,-81.3453,-81.3505,-81.3554,-81.3603,-81.365,-81.3695,-81.3739,-81.3782
819,-81.329,-81.3347,-81.3402,-81.3455,-81.3506,-81.3556,-81.3604,-81.3651,-81.3697,-81.3741,-81.3784
820,-81.3292,-81.3349,-81.3403,-81.3456,-81.3508,-81.3557,-81.3606,-81.3653,-81.3698,-81.3742,-81.3785
821,-81.3293,-81.335,-81.3405,-81.3458,-81.3509,-81.3559,-81.3607,-81.3654,-81.37,-81.3744,-81.3787
822,-81.3295,-81.3351,-81.3406,-81.3459,-81.351,-81.356,-81.3609,-81.3655,-81.3701,-81.3745,-81.3788
823,-81.3296,-81.3353,-81.3408,-81.3461,-81.3512,-81.3562,-81.361,-81.3657,-81.3702,-81.3747,-81.379
824,-81.3298,-81.3354,-81.3409,-81.3462,-81.3513,-81.3563,-81.3611,-81.3658,-81.3704,-81.3748,-81.3791
825,-81.3299,-81.3356,-81.341,-81.3463,-81.3515,-81.3565,-81.3613,-81.366,-81.3705,-81.375,-81.3792
826,-81.3301,-81.3357,-81.3412,-81.3465,-81.3516,-81.3566,-81.3614,-81.3661,-81.3707,-81.3751,-81.3794
827,-81.3302,-81.3359,-81.3413,-81.3466,-81.3518,-81.3567,-81.3616,-81.3663,-81.3708,-81.3752,-81.3795
828,-81.3303,-81.336,-81.3415,-81.3468,-81.3519,-81.3569,-81.3617,-81.3664,-81.371,-81.3754,-81.3797
829,-81.3305,-81.3361,-81.3416,-81.3469,-81.352,-81.357,-81.3618,-81.3665,-81.3711,-81.3755,-81.3798
830,-81.3306,-81.3363,-81.3418,-81.347,-81.3522,-81.3572,-81.362,-81.3667,-81.3712,-81.3757,-81.3799
831,-81.3308,-81.3364,-81.3419,-81.3472,-81.3523,-81.3573,-81.3621,-81.3668,-81.3714,-81.3758,-81.3801
832,-81.3309,-81.3366,-81.342,-81.3473,-81.3524,-81.3574,-81.3623,-81.367,-81.3715,-81.3759,-81.3802
833,-81.331,-81.3367,-81.3422,-81.3475,-81.3526,-81.3576,-81.3624,-81.3671,-81.3716,-81.3761,-81.3804
834,-81.3312,-81.3368,-81.3423,-81.3476,-81.3527,-81.3577,-81.3625,-81.3672,-81.3718,-81.3762,-81.3805
835,-81.3313,-81.337,-81.3424,-81.3477,-81.3529,-81.3578,-81.3627,-81.3674,-81.3719,-81.3763,-81.3806
836,-81.3315,-81.3371,-81.3426,-81.3479,-81.353,-81.358,-81.3628,-81.3675,-81.372,-81.3765,-81.3808
837,-81.3316,-81.3372,-81.3427,-81.348,-81.3531,-81.3581,-81.3629,-81.3676,-81.3722,-81.3766,-81.3809
838,-81.3317,-81.3374,-81.3428,-81.3481,-81.3533,-81.3582,-81.3631,-81.3678,-81.3723,-81.3767,-81.381
839,-81.3319,-81.3375,-81.343,-81.3483,-81.3534,-81.3584,-81.3632,-81.3679,-81.3724,-81.3769,-81.3812
840,-81.332,-81.3376,-81.3431,-81.3484,-81.3535,-81.3585,-81.3633,-81.368,-81.3726,-81.377,-81.3813
841,-81.3321,-81.3378,-81.3432,-81.3485,-81.3536,-81.3586,-81.3635,-81.3681,-81.3727,-81.3771,-81.3814
842,-81.3322,-81.3379,-81.3434,-81.3487,-81.3538,-81.3588,-81.3636,-81.3683,-81.3728,-81.3772,-81.3815
843,-81.3324,-81.338,-81.3435,-81.3488,-81.3539,-81.3589,-81.3637,-81.3684,-81.373,-81.3774,-81.3817
844,-81.3325,-81.3382,-81.3436,-81.3489,-81.354,-81.359,-81.3638,-81.3685,-81.3731,-81.3775,-81.3818
845,-81.3326,-81.3383,-81.3437,-81.349,-81.3542,-81.3591,-81.364,-81.3687,-81.3732,-81.3776,-81.3819
846,-81.3328,-81.3384,-81.3439,-81.3492,-81.3543,-81.3593,-81.3641,-81.3688,-81.3733,-81.3778,-81.382
847,-81.3329,-81.3385,-81.344,-81.3493,-81.3544,-81.3594,-81.3642,-81.3689,-81.3735,-81.3779,-81.3822
848,-81.333,-81.3387,-81.3441,-81.3494,-81.3545,-81.3595,-81.3643,-81.369,-81.3736,-81.378,-81.3823
849,-81.3331,-81.3388,-81.3442,-81.3495,-81.3547,-81.3596,-81.3645,-81.3692,-81.3737,-81.3781,-81.3824
850,-81.3333,-81.3389,-81.3444,-81.3497,-81.3548,-81.3598,-81.3646,-81.3693,-81.3738,-81.3782,-81.3825
851,-81.3334,-81.339,-81.3445,-81.3498,-81.3549,-81.3599,-81.3647,-81.3694,-81.374,-81.3784,-81.3827
852,-81.3335,-81.3392,-81.3446,-81.3499,-81.355,-81.36,-81.3648,-81.3695,-81.3741,-81.3785,-81.3828
853,-81.3336,-81.3393,-81.3447,-81.35,-81.3552,-81.3601,-81.365,-81.3696,-81.3742,-81.3786,-81.3829
854,-81.3338,-81.3394,-81.3449,-81.3501,-81.3553,-81.3602,-81.3651,-81.3698,-81.3743,-81.3787,-81.383
855,-81.3339,-81.3395,-81.345,-81.3503,-81.3554,-81.3604,-81.3652,-81.3699,-81.3744,-81.3789,-81.3831
856,-81.334,-81.3396,-81.3451,-81.3504,-81.3555,-81.3605,-81.3653,-81.37,-81.3746,-81.379,-81.3833
857,-81.3341,-81.3398,-81.3452,-81.3505,-81.3556,-81.3606,-81.3654,-81.3701,-81.3747,-81.3791,-81.3834
858,-81.3342,-81.3399,-81.3453,-81.3506,-81.3557,-81.3607,-81.3656,-81.3702,-81.3748,-81.3792,-81.3835
859,-81.3344,-81.34,-81.3455,-81.3507,-81.3559,-81.3608,-81.3657,-81.3704,-81.3749,-81.3793,-81.3836
860,-81.3345,-81.3401,-81.3456,-81.3509,-81.356,-81.361,-81.3658,-81.3705,-81.375,-81.3794,-81.3837
861,-81.3346,-81.3402,-81.3457,-81.351,-81.3561,-81.3611,-81.3659,-81.3706,-81.3751,-81.3796,-81.3838
862,-81.3347,-81.3403,-81.3458,-81.3511,-81.3562,-81.3612,-81.366,-81.3707,-81.3753,-81.3797,-81.384
863,-81.3348,-81.3405,-81.3459,-81.3512,-81.3563,-81.3613,-81.3661,-81.3708,-81.3754,-81.3798,-81.3841
864,-81.3349,-81.3406,-81.346,-81.3513,-81.3564,-81.3614,-81.3662,-81.3709,-81.3755,-81.3799,-81.3842
865,-81.3351,-81.3407,-81.3461,-81.3514,-81.3566,-81.3615,-81.3664,-81.371,-81.3756,-81.38,-81.3843
866,-81.3352,-81.3408,-81.3463,-81.3515,-81.3567,-81.3616,-81.3665,-81.3712,-81.3757,-81.3801,-81.3844
867,-81.3353,-81.3409,-81.3464,-81.3517,-81.3568,-81.3618,-81.3666,-81.3713,-81.3758,-81.3802,-81.3845
868,-81.3354,-81.341,-81.3465,-81.3518,-81.3569,-81.3619,-81.3667,-81.3714,-81.3759,-81.3803,-81.3846
869,-81.3355,-81.3411,-81.3466,-81.3519,-81.357,-81.362,-81.3668,-81.3715,-81.376,-81.3805,-81.3847
870,-81.3356,-81.3413,-81.3467,-81.352,-81.3571,-81.3621,-81.3669,-81.3716,-81.3761,-81.3806,-81.3849
871,-81.3357,-81.3414,-81.3468,-81.3521,-81.3572,-81.3622,-81.367,-81.3717,-81.3763,-81.3807,-81.385
872,-81.3358,-81.3415,-81.3469,-81.3522,-81.3573,-81.3623,-81.3671,-81.3718,-81.3764,-81.3808,-81.3851
873,-81.3359,-81.3416,-81.347,-81.3523,-81.3574,-81.3624,-81.3672,-81.3719,-81.3765,-81.3809,-81.3852
874,-81.3361,-81.3417,-81.3471,-81.3524,-81.3575,-81.3625,-81.3673,-81.372,-81.3766,-81.381,-81.3853
875,-81.3362,-81.3418,-81.3472,-81.3525,-81.3576,-81.3626,-81.3675,-81.3721,-81.3767,-81.3811,-81.3854
876,-81.3363,-81.3419,-81.3473,-81.3526,-81.3578,-81.3627,-81.3676,-81.3722,-81.3768,-81.3812,-81.3855
877,-81.3364,-81.342,-81.3475,-81.3527,-81.3579,-81.3628,-81.3677,-81.3724,-81.3769,-81.3813,-81.3856
878,-81.3365,-81.3421,-81.3476,-81.3528,-81.358,-81.3629,-81.3678,-81.3725,-81.377,-81.3814,-81.3857
879,-81.3366,-81.3422,-81.3477,-81.3529,-81.3581,-81.363,-81.3679,-81.3726,-81.3771,-81.3815,-81.3858
880,-81.3367,-81.3423,-81.3478,-81.3531,-81.3582,-81.3631,-81.368,-81.3727,-81.3772,-81.3816,-81.3859
881,-81.3368,-81.3424,-81.3479,-81.3532,-81.3583,-81.3633,-81.3681,-81.3728,-81.3773,-81.3817,-81.386
882,-81.3369,-81.3425,-81.348,-81.3533,-81.3584,-81.3634,-81.3682,-81.3729,-81.3774,-81.3818,-81.3861
883,-81.337,-81.3426,-81.3481,-81.3534,-81.3585,-81.3635,-81.3683,-81.373,-81.3775,-81.3819,-81.3862
884,-81.3371,-81.3427,-81.3482,-81.3535,-81.3586,-81.3636,-81.3684,-81.3731,-81.3776,-81.382,-81.3863
885,-81.3372,-81.3428,-81.3483,-81.3536,-81.3587,-81.3637,-81.3685,-81.3732,-81.3777,-81.3821,-81.3864
886,-81.3373,-81.3429,-81.3484,-81.3537,-81.3588,-81.3638,-81.3686,-81.3733,-81.3778,-81.3822,-81.3865
887,-81.3374,-81.343,-81.3485,-81.3538,-81.3589,-81.3639,-81.3687,-81.3734,-81.3779,-81.3823,-81.3866
888,-81.3375,-81.3431,-81.3486,-81.3539,-81.359,-81.364,-81.3688,-81.3735,-81.378,-81.3824,-81.3867
889,-81.3376,-81.3432,-81.3487,-81.354,-81.3591,-81.3641,-81.3689,-81.3736,-81.3781,-81.3825,-81.3868
890,-81.3377,-81.3433,-81.3488,-81.3541,-81.3592,-81.3642,-81.369,-81.3737,-81.3782,-81.3826,-81.3869
891,-81.3378,-81.3434,-81.3489,-81.3542,-81.3593,-81.3642,-81.3691,-81.3738,-81.3783,-81.3827,-81.387
892,-81.3379,-81.3435,-81.349,-81.3543,-81.3594,-81.3643,-81.3692,-81.3739,-81.3784,-81.3828,-81.3871
893,-81.338,-81.3436,-81.3491,-81.3543,-81.3595,-81.3644,-81.3693,-81.374,-81.3785,-81.3829,-81.3872
894,-81.3381,-81.3437,-81.3492,-81.3544,-81.3596,-81.3645,-81.3694,-81.3741,-81.3786,-81.383,-81.3873
895,-81.3382,-81.3438,-81.3493,-81.3545,-81.3597,-81.3646,-81.3695,-81.3742,-81.3787,-81.3831,-81.3874
896,-81.3383,-81.3439,-81.3494,-81.3546,-81.3598,-81.3647,-81.3696,-81.3742,-81.3788,-81.3832,-81.3875
897,-81.3384,-81.344,-81.3494,-81.3547,-81.3599,-81.3648,-81.3697,-81.3743,-81.3789,-81.3833,-81.3876
898,-81.3385,-81.3441,-81.3495,-81.3548,-81.3599,-81.3649,-81.3697,-81.3744,-81.379,-81.3834,-81.3877
899,-81.3386,-81.3442,-81.3496,-81.3549,-81.36,-81.365,-81.3698,-81.3745,-81.3791,-81.3835,-81.3878
900,-81.3387,-81.3443,-81.3497,-81.355,-81.3601,-81.3651,-81.3699,-81.3746,-81.3792,-81.3836,-81.3879
901,-81.3388,-81.3444,-81.3498,-81.3551,-81.3602,-81.3652,-81.37,-81.3747,-81.3793,-81.3837,-81.388
902,-81.3388,-81.3445,-81.3499,-81.3552,-81.3603,-81.3653,-81.3701,-81.3748,-81.3793,-81.3838,-81.3881
903,-81.3389,-81.3446,-81.35,-81.3553,-81.3604,-81.3654,-81.3702,-81.3749,-81.3794,-81.3839,-81.3881
904,-81.339,-81.3447,-81.3501,-81.3554,-81.3605,-81.3655,-81.3703,-81.375,-81.3795,-81.3839,-81.3882
905,-81.3391,-81.3447,-81.3502,-81.3555,-81.3606,-81.3656,-81.3704,-81.3751,-81.3796,-81.384,-81.3883
906,-81.3392,-81.3448,-81.3503,-81.3556,-81.3607,-81.3656,-81.3705,-81.3752,-81.3797,-81.3841,-81.3884
907,-81.3393,-81.3449,-81.3504,-81.3556,-81.3608,-81.3657,-81.3706,-81.3753,-81.3798,-81.3842,-81.3885
908,-81.3394,-81.345,-81.3505,-81.3557,-81.3609,-81.3658,-81.3707,-81.3753,-81.3799,-81.3843,-81.3886
909,-81.3395,-81.3451,-81.3505,-81.3558,-81.3609,-81.3659,-81.3707,-81.3754,-81.38,-81.3844,-81.3887
910,-81.3396,-81.3452,-81.3506,-81.3559,-81.361,-81.366,-81.3708,-81.3755,-81.3801,-81.3845,-81.3888
911,-81.3397,-81.3453,-81.3507,-81.356,-81.3611,-81.3661,-81.3709,-81.3756,-81.3801,-81.3846,-81.3889
912,-81.3397,-81.3454,-81.3508,-81.3561,-81.3612,-81.3662,-81.371,-81.3757,-81.3802,-81.3847,-81.3889
913,-81.3398,-81.3454,-81.3509,-81.3562,-81.3613,-81.3663,-81.3711,-81.3758,-81.3803,-81.3847,-81.389
914,-81.3399,-81.3455,-81.351,-81.3563,-81.3614,-81.3663,-81.3712,-81.3759,-81.3804,-81.3848,-81.3891
915,-81.34,-81.3456,-81.3511,-81.3563,-81.3615,-81.3664,-81.3713,-81.3759,-81.3805,-81.3849,-81.3892
916,-81.3401,-81.3457,-81.3511,-81.3564,-81.3615,-81.3665,-81.3713,-81.376,-81.3806,-81.385,-81.3893
917,-81.3402,-81.3458,-81.3512,-81.3565,-81.3616,-81.3666,-81.3714,-81.3761,-81.3807,-81.3851,-81.3894
918,-81.3402,-81.3459,-81.3513,-81.3566,-81.3617,-81.3667,-81.3715,-81.3762,-81.3807,-81.3852,-81.3894
919,-81.3403,-81.346,-81.3514,-81.3567,-81.3618,-81.3668,-81.3716,-81.3763,-81.3808,-81.3852,-81.3895
920,-81.3404,-81.346,-81.3515,-81.3568,-81.3619,-81.3668,-81.3717,-81.3764,-81.3809,-81.3853,-81.3896
921,-81.3405,-81.3461,-81.3516,-81.3568,-81.362,-81.3669,-81.3718,-81.3764,-81.381,-81.3854,-81.3897
922,-81.3406,-81.3462,-81.3516,-81.3569,-81.362,-81.367,-81.3718,-81.3765,-81.3811,-81.3855,-81.3898
923,-81.3407,-81.3463,-81.3517,-81.357,-81.3621,-81.3671,-81.3719,-81.3766,-81.3812,-81.3856,-81.3899
924,-81.3407,-81.3464,-81.3518,-81.3571,-81.3622,-81.3672,-81.372,-81.3767,-81.3812,-81.3856,-81.3899
925,-81.3408,-81.3464,-81.3519,-81.3572,-81.3623,-81.3673,-81.3721,-81.3768,-81.3813,-81.3857,-81.39
926,-81.3409,-81.3465,-81.352,-81.3572,-81.3624,-81.3673,-81.3722,-81.3768,-81.3814,-81.3858,-81.3901
927,-81.341,-81.3466,-81.352,-81.3573,-81.3624,-81.3674,-81.3722,-81.3769,-81.3815,-81.3859,-81.3902
928,-81.3411,-81.3467,-81.3521,-81.3574,-81.3625,-81.3675,-81.3723,-81.377,-81.3816,-81.386,-81.3903
929,-81.3411,-81.3468,-81.3522,-81.3575,-81.3626,-81.3676,-81.3724,-81.3771,-81.3816,-81.386,-81.3903
930,-81.3412,-81.3468,-81.3523,-81.3576,-81.3627,-81.3676,-81.3725,-81.3772,-81.3817,-81.3861,-81.3904
931,-81.3413,-81.3469,-81.3524,-81.3576,-81.3628,-81.3677,-81.3726,-81.3772,-81.3818,-81.3862,-81.3905
932,-81.3414,-81.347,-81.3524,-81.3577,-81.3628,-81.3678,-81.3726,-81.3773,-81.3819,-81.3863,-81.3906
933,-81.3415,-81.3471,-81.3525,-81.3578,-81.3629,-81.3679,-81.3727,-81.3774,-81.3819,-81.3864,-81.3906
934,-81.3415,-81.3471,-81.3526,-81.3579,-81.363,-81.368,-81.3728,-81.3775,-81.382,-81.3864,-81.3907
935,-81.3416,-81.3472,-81.3527,-81.3579,-81.3631,-81.368,-81.3729,-81.3775,-81.3821,-81.3865,-81.3908
936,-81.3417,-81.3473,-81.3527,-81.358,-81.3631,-81.3681,-81.3729,-81.3776,-81.3822,-81.3866,-81.3909
937,-81.3418,-81.3474,-81.3528,-81.3581,-81.3632,-81.3682,-81.373,-81.3777,-81.3822,-81.3867,-81.3909
938,-81.3418,-81.3474,-81.3529,-81.3582,-81.3633,-81.3683,-81.3731,-81.3778,-81.3823,-81.3867,-81.391
939,-81.3419,-81.3475,-81.353,-81.3582,-81.3634,-81.3683,-81.3732,-81.3778,-81.3824,-81.3868,-81.3911
940,-81.342,-81.3476,-81.353,-81.3583,-81.3634,-81.3684,-81.3732,-81.3779,-81.3825,-81.3869,-81.3912
941,-81.3421,-81.3477,-81.3531,-81.3584,-81.3635,-81.3685,-81.3733,-81.378,-81.3825,-81.387,-81.3912
942,-81.3421,-81.3477,-81.3532,-81.3585,-81.3636,-81.3685,-81.3734,-81.3781,-81.3826,-81.387,-81.3913
943,-81.3422,-81.3478,-81.3533,-81.3585,-81.3636,-81.3686,-81.3735,-81.3781,-81.3827,-81.3871,-81.3914
944,-81.3423,-81.3479,-81.3533,-81.3586,-81.3637,-81.3687,-81.3735,-81.3782,-81.3828,-81.3872,-81.3915
945,-81.3423,-81.348,-81.3534,-81.3587,-81.3638,-81.3688,-81.3736,-81.3783,-81.3828,-81.3872,-81.3915
946,-81.3424,-81.348,-81.3535,-81.3587,-81.3639,-81.3688,-81.3737,-81.3784,-81.3829,-81.3873,-81.3916
947,-81.3425,-81.3481,-81.3535,-81.3588,-81.3639,-81.3689,-81.3737,-81.3784,-81.383,-81.3874,-81.3917
948,-81.3426,-81.3482,-81.3536,-81.3589,-81.364,-81.369,-81.3738,-81.3785,-81.383,-81.3875,-81.3917
949,-81.3426,-81.3482,-81.3537,-81.359,-81.3641,-81.369,-81.3739,-81.3786,-81.3831,-81.3875,-81.3918
950,-81.3427,-81.3483,-81.3537,-81.359,-81.3641,-81.3691,-81.3739,-81.3786,-81.3832,-81.3876,-81.3919
951,-81.3428,-81.3484,-81.3538,-81.3591,-81.3642,-81.3692,-81.374,-81.3787,-81.3833,-81.3877,-81.3919
952,-81.3428,-81.3485,-81.3539,-81.3592,-81.3643,-81.3693,-81.3741,-81.3788,-81.3833,-81.3877,-81.392
953,-81.3429,-81.3485,-81.354,-81.3592,-81.3644,-81.3693,-81.3742,-81.3788,-81.3834,-81.3878,-81.3921
954,-81.343,-81.3486,-81.354,-81.3593,-81.3644,-81.3694,-81.3742,-81.3789,-81.3835,-81.3879,-81.3922
955,-81.343,-81.3487,-81.3541,-81.3594,-81.3645,-81.3695,-81.3743,-81.379,-81.3835,-81.3879,-81.3922
956,-81.3431,-81.3487,-81.3542,-81.3594,-81.3646,-81.3695,-81.3744,-81.379,-81.3836,-81.388,-81.3923
957,-81.3432,-81.3488,-81.3542,-81.3595,-81.3646,-81.3696,-81.3744,-81.3791,-81.3837,-81.3881,-81.3924
958,-81.3432,-81.3489,-81.3543,-81.3596,-81.3647,-81.3697,-81.3745,-81.3792,-81.3837,-81.3881,-81.3924
959,-81.3433,-81.3489,-81.3544,-81.3596,-81.3648,-81.3697,-81.3746,-81.3792,-81.3838,-81.3882,-81.3925
960,-81.3434,-81.349,-81.3544,-81.3597,-81.3648,-81.3698,-81.3746,-81.3793,-81.3839,-81.3883,-81.3926
961,-81.3434,-81.3491,-81.3545,-81.3598,-81.3649,-81.3699,-81.3747,-81.3794,-81.3839,-81.3883,-81.3926
962,-81.3435,-81.3491,-81.3546,-81.3598,-81.365,-81.3699,-81.3748,-81.3794,-81.384,-81.3884,-81.3927
963,-81.3436,-81.3492,-81.3546,-81.3599,-81.365,-81.37,-81.3748,-81.3795,-81.3841,-81.3885,-81.3928
964,-81.3436,-81.3493,-81.3547,-81.36,-81.3651,-81.3701,-81.3749,-81.3796,-81.3841,-81.3885,-81.3928
965,-81.3437,-81.3493,-81.3547,-81.36,-81.3651,-81.3701,-81.3749,-81.3796,-81.3842,-81.3886,-81.3929
966,-81.3438,-81.3494,-81.3548,-81.3601,-81.3652,-81.3702,-81.375,-81.3797,-81.3842,-81.3887,-81.3929
967,-81.3438,-81.3494,-81.3549,-81.3602,-81.3653,-81.3702,-81.3751,-81.3798,-81.3843,-81.3887,-81.393
968,-81.3439,-81.3495,-81.3549,-81.3602,-81.3653,-81.3703,-81.3751,-81.3798,-81.3844,-81.3888,-81.3931
969,-81.344,-81.3496,-81.355,-81.3603,-81.3654,-81.3704,-81.3752,-81.3799,-81.3844,-81.3888,-81.3931
970,-81.344,-81.3496,-81.3551,-81.3603,-81.3655,-81.3704,-81.3753,-81.3799,-81.3845,-81.3889,-81.3932
971,-81.3441,-81.3497,-81.3551,-81.3604,-81.3655,-81.3705,-81.3753,-81.38,-81.3846,-81.389,-81.3933
972,-81.3441,-81.3498,-81.3552,-81.3605,-81.3656,-81.3706,-81.3754,-81.3801,-81.3846,-81.389,-81.3933
973,-81.3442,-81.3498,-81.3552,-81.3605,-81.3656,-81.3706,-81.3754,-81.3801,-81.3847,-81.3891,-81.3934
974,-81.3443,-81.3499,-81.3553,-81.3606,-81.3657,-81.3707,-81.3755,-81.3802,-81.3847,-81.3892,-81.3934
975,-81.3443,-81.3499,-81.3554,-81.3606,-81.3658,-81.3707,-81.3756,-81.3803,-81.3848,-81.3892,-81.3935
976,-81.3444,-81.35,-81.3554,-81.3607,-81.3658,-81.3708,-81.3756,-81.3803,-81.3849,-81.3893,-81.3936
977,-81.3445,-81.3501,-81.3555,-81.3608,-81.3659,-81.3709,-81.3757,-81.3804,-81.3849,-81.3893,-81.3936
978,-81.3445,-81.3501,-81.3555,-81.3608,-81.3659,-81.3709,-81.3757,-81.3804,-81.385,-81.3894,-81.3937
979,-81.3446,-81.3502,-81.3556,-81.3609,-81.366,-81.371,-81.3758,-81.3805,-81.385,-81.3895,-81.3937
980,-81.3446,-81.3502,-81.3557,-81.3609,-81.3661,-81.371,-81.3759,-81.3806,-81.3851,-81.3895,-81.3938
981,-81.3447,-81.3503,-81.3557,-81.361,-81.3661,-81.3711,-81.3759,-81.3806,-81.3852,-81.3896,-81.3939
982,-81.3447,-81.3504,-81.3558,-81.3611,-81.3662,-81.3712,-81.376,-81.3807,-81.3852,-81.3896,-81.3939
983,-81.3448,-81.3504,-81.3558,-81.3611,-81.3662,-81.3712,-81.376,-81.3807,-81.3853,-81.3897,-81.394
984,-81.3449,-81.3505,-81.3559,-81.3612,-81.3663,-81.3713,-81.3761,-81.3808,-81.3853,-81.3897,-81.394
985,-81.3449,-81.3505,-81.356,-81.3612,-81.3664,-81.3713,-81.3762,-81.3808,-81.3854,-81.3898,-81.3941
986,-81.345,-81.3506,-81.356,-81.3613,-81.3664,-81.3714,-81.3762,-81.3809,-81.3854,-81.3899,-81.3941
987,-81.345,-81.3506,-81.3561,-81.3613,-81.3665,-81.3714,-81.3763,-81.381,-81.3855,-81.3899,-81.3942
988,-81.3451,-81.3507,-81.3561,-81.3614,-81.3665,-81.3715,-81.3763,-81.381,-81.3856,-81.39,-81.3943
989,-81.3451,-81.3508,-81.3562,-81.3615,-81.3666,-81.3715,-81.3764,-81.3811,-81.3856,-81.39,-81.3943
990,-81.3452,-81.3508,-81.3562,-81.3615,-81.3666,-81.3716,-81.3764,-81.3811,-81.3857,-81.3901,-81.3944
