-10,-92.7334,-89.1239,-88.5764,-88.3558,-88.2362,-88.161,-88.1094,-88.0717,-88.0429,-88.0202,-88.0019
-9,-92.745,-89.1249,-88.5769,-88.3561,-88.2365,-88.1612,-88.1096,-88.0718,-88.043,-88.0203,-88.002
-8,-92.7566,-89.1259,-88.5774,-88.3565,-88.2367,-88.1614,-88.1097,-88.072,-88.0432,-88.0205,-88.0021
-7,-92.7682,-89.1269,-88.5779,-88.3568,-88.237,-88.1616,-88.1099,-88.0721,-88.0433,-88.0206,-88.0022
-6,-92.7797,-89.128,-88.5784,-88.3571,-88.2372,-88.1618,-88.11,-88.0722,-88.0434,-88.0207,-88.0023
-5,-92.7913,-89.129,-88.5789,-88.3575,-88.2374,-88.162,-88.1102,-88.0724,-88.0435,-88.0208,-88.0024
-4,-92.8029,-89.13,-88.5794,-88.3578,-88.2377,-88.1622,-88.1104,-88.0725,-88.0436,-88.0209,-88.0025
-3,-92.8144,-89.131,-88.5799,-88.3581,-88.2379,-88.1624,-88.1105,-88.0727,-88.0438,-88.021,-88.0026
-2,-92.826,-89.132,-88.5804,-88.3584,-88.2382,-88.1626,-88.1107,-88.0728,-88.0439,-88.0211,-88.0027
-1,-92.8375,-89.133,-88.5809,-88.3588,-88.2384,-88.1628,-88.1108,-88.0729,-88.044,-88.0212,-88.0028
0,-92.8488,-89.1337,-88.5814,-88.3591,-88.2386,-88.163,-88.111,-88.0731,-88.0441,-88.0213,-88.0029
1,-49.5007,-41.1491,-39.6564,-39.1178,-38.879,-38.7556,-38.7315,-38.7261,-38.758,-38.8113,-38.8624
2,31.7303,33.6264,33.3441,33.1726,33.0549,32.9698,32.8921,32.8305,32.7722,32.7169,32.6694
3,39.4171,38.5996,38.1256,37.8968,37.7568,37.6616,37.584,37.5242,37.4715,37.4241,37.3839
4,41.9918,40.3896,39.8959,39.6694,39.535,39.4452,39.3752,39.3217,39.2758,39.2357,39.2018
5,42.7599,40.9573,40.4879,40.2772,40.1539,40.0724,40.0099,39.9625,39.9225,39.888,39.859
6,42.8016,41.003,40.569,40.3765,40.2645,40.191,40.1353,40.0931,40.0579,40.0277,40.0024
7,42.5305,40.814,40.4162,40.2409,40.1395,40.0731,40.0231,39.9854,39.954,39.9272,39.9049
8,42.1284,40.5231,40.1595,40,39.9079,39.8477,39.8026,39.7686,39.7404,39.7165,39.6965
9,41.6847,40.1996,39.8676,39.7222,39.6385,39.5837,39.5428,39.512,39.4865,39.4649,39.4468
10,41.2465,39.8817,39.5786,39.446,39.3696,39.3198,39.2826,39.2545,39.2313,39.2117,39.1953
11,40.838,39.589,39.3123,39.1913,39.1216,39.0762,39.0422,39.0166,38.9955,38.9776,38.9626
12,40.47,39.3295,39.077,38.9666,38.903,38.8615,38.8304,38.807,38.7877,38.7713,38.7577
13,40.1448,39.1043,38.8738,38.773,38.7149,38.6769,38.6486,38.6271,38.6095,38.5944,38.5819
14,39.8598,38.9105,38.7,38.6078,38.5547,38.5199,38.4939,38.4743,38.4581,38.4443,38.4327
15,39.6102,38.7433,38.5509,38.4666,38.4179,38.386,38.3622,38.3441,38.3292,38.3165,38.3059
16,39.3903,38.5975,38.4214,38.3442,38.2995,38.2703,38.2484,38.2317,38.218,38.2063,38.1965
17,39.1945,38.4682,38.3067,38.2359,38.1949,38.168,38.1478,38.1324,38.1198,38.109,38.1
18,39.0176,38.3507,38.2025,38.1374,38.0997,38.0749,38.0563,38.0421,38.0305,38.0205,38.0121
19,38.855,38.2415,38.1052,38.0452,38.0105,37.9876,37.9704,37.9573,37.9465,37.9373,37.9295
20,38.7031,38.1372,38.0117,37.9564,37.9243,37.9031,37.8872,37.875,37.865,37.8565,37.8492
21,38.5585,38.0354,37.9196,37.8685,37.8388,37.8192,37.8044,37.7931,37.7838,37.7758,37.7691
22,38.4188,37.934,37.827,37.7797,37.7522,37.734,37.7202,37.7097,37.7011,37.6936,37.6873
23,38.2818,37.8315,37.7324,37.6886,37.663,37.6461,37.6333,37.6235,37.6154,37.6085,37.6026
24,38.1459,37.7267,37.6348,37.5941,37.5703,37.5545,37.5426,37.5334,37.5259,37.5194,37.5138
25,38.0098,37.6186,37.5333,37.4955,37.4733,37.4585,37.4474,37.4387,37.4317,37.4256,37.4204
26,37.8724,37.5067,37.4273,37.392,37.3714,37.3575,37.3471,37.3389,37.3323,37.3266,37.3217
27,37.7331,37.3903,37.3164,37.2835,37.2641,37.2511,37.2413,37.2337,37.2274,37.2221,37.2174
28,37.5913,37.2693,37.2004,37.1695,37.1514,37.1392,37.13,37.1228,37.1169,37.1118,37.1074
29,37.4464,37.1434,37.079,37.0501,37.0331,37.0216,37.0129,37.0061,37.0005,36.9958,36.9916
30,37.2983,37.0125,36.9522,36.9251,36.9091,36.8982,36.89,36.8836,36.8783,36.8738,36.8698
31,37.1466,36.8765,36.82,36.7945,36.7795,36.7692,36.7615,36.7553,36.7504,36.7461,36.7423
32,36.9913,36.7356,36.6825,36.6585,36.6443,36.6346,36.6272,36.6214,36.6167,36.6126,36.609
33,36.8322,36.5896,36.5397,36.5171,36.5037,36.4944,36.4875,36.482,36.4774,36.4736,36.4701
34,36.6694,36.4388,36.3918,36.3705,36.3577,36.349,36.3424,36.3371,36.3328,36.3291,36.3257
35,36.5028,36.2832,36.2389,36.2187,36.2066,36.1983,36.192,36.187,36.1829,36.1794,36.1761
36,36.3325,36.123,36.0811,36.062,36.0505,36.0426,36.0366,36.0317,36.0278,36.0245,36.0214
37,36.1585,35.9583,35.9186,35.9005,35.8896,35.882,35.8763,35.8716,35.8679,35.8647,35.8617
38,35.9809,35.7891,35.7516,35.7344,35.724,35.7167,35.7113,35.7068,35.7032,35.7002,35.6973
39,35.7998,35.6158,35.5802,35.5638,35.5539,35.5469,35.5417,35.5374,35.534,35.531,35.5283
40,35.6152,35.4384,35.4046,35.389,35.3795,35.3728,35.3678,35.3637,35.3603,35.3575,35.3549
41,35.4273,35.2571,35.2249,35.21,35.2009,35.1945,35.1897,35.1857,35.1825,35.1798,35.1772
42,35.2361,35.072,35.0413,35.0271,35.0184,35.0122,35.0076,35.0037,35.0007,34.998,34.9955
43,35.0418,34.8832,34.854,34.8403,34.832,34.8261,34.8216,34.8179,34.8149,34.8124,34.81
44,34.8444,34.691,34.663,34.65,34.642,34.6362,34.6319,34.6283,34.6255,34.623,34.6207
45,34.6441,34.4954,34.4686,34.4561,34.4484,34.4429,34.4387,34.4352,34.4325,34.4301,34.4278
46,34.441,34.2966,34.2709,34.2589,34.2515,34.2461,34.2421,34.2387,34.236,34.2338,34.2315
47,34.2351,34.0947,34.0701,34.0585,34.0513,34.0461,34.0423,34.039,34.0363,34.0342,34.032
48,34.0266,33.8898,33.8662,33.855,33.8481,33.843,33.8393,33.8361,33.8335,33.8314,33.8293
49,33.8156,33.6821,33.6593,33.6486,33.6419,33.637,33.6333,33.6302,33.6277,33.6257,33.6236
50,33.6021,33.4716,33.4497,33.4393,33.4328,33.4281,33.4245,33.4215,33.4191,33.4171,33.415
51,33.3863,33.2586,33.2374,33.2274,33.221,33.2164,33.213,33.21,33.2077,33.2057,33.2037
52,33.1682,33.0431,33.0226,33.0128,33.0067,33.0022,32.9989,32.9959,32.9936,32.9917,32.9898
53,32.948,32.8252,32.8053,32.7958,32.7899,32.7855,32.7822,32.7794,32.7771,32.7753,32.7733
54,32.7258,32.605,32.5857,32.5765,32.5707,32.5664,32.5632,32.5604,32.5582,32.5564,32.5545
55,32.5015,32.3826,32.3639,32.3549,32.3492,32.345,32.3419,32.3392,32.337,32.3353,32.3334
56,32.2754,32.1582,32.1399,32.1312,32.1256,32.1215,32.1185,32.1158,32.1137,32.1119,32.1101
57,32.0475,31.9318,31.914,31.9054,31.9,31.8959,31.893,31.8903,31.8882,31.8865,31.8847
58,31.818,31.7035,31.6861,31.6777,31.6724,31.6684,31.6655,31.6629,31.6608,31.6592,31.6574
59,31.5868,31.4734,31.4564,31.4482,31.4429,31.439,31.4361,31.4336,31.4316,31.4299,31.4282
60,31.354,31.2417,31.2249,31.2169,31.2117,31.2079,31.205,31.2025,31.2005,31.1989,31.1972
61,31.1199,31.0083,30.9918,30.9839,30.9788,30.975,30.9723,30.9698,30.9678,30.9662,30.9645
62,30.8844,30.7734,30.7572,30.7494,30.7444,30.7406,30.7379,30.7354,30.7335,30.7319,30.7302
63,30.6475,30.5371,30.5211,30.5134,30.5084,30.5047,30.502,30.4996,30.4977,30.4961,30.4944
64,30.4095,30.2995,30.2836,30.276,30.2711,30.2674,30.2647,30.2623,30.2604,30.2589,30.2572
65,30.1704,30.0606,30.0448,30.0372,30.0324,30.0288,30.0261,30.0237,30.0218,30.0203,30.0187
66,29.9302,29.8205,29.8048,29.7973,29.7925,29.7889,29.7862,29.7838,29.782,29.7805,29.7788
67,29.6891,29.5793,29.5637,29.5562,29.5514,29.5478,29.5452,29.5428,29.5409,29.5395,29.5378
68,29.447,29.3371,29.3215,29.314,29.3092,29.3056,29.303,29.3006,29.2988,29.2973,29.2957
69,29.2041,29.0939,29.0783,29.0708,29.066,29.0625,29.0599,29.0575,29.0557,29.0542,29.0526
70,28.9604,28.8498,28.8342,28.8267,28.8219,28.8183,28.8157,28.8134,28.8115,28.8101,28.8084
71,28.7161,28.6049,28.5892,28.5817,28.5769,28.5733,28.5707,28.5683,28.5665,28.5651,28.5634
72,28.4711,28.3593,28.3435,28.3359,28.3311,28.3275,28.3249,28.3225,28.3207,28.3192,28.3176
73,28.2255,28.113,28.097,28.0894,28.0845,28.0809,28.0783,28.0759,28.0741,28.0727,28.071
74,27.9795,27.866,27.8499,27.8422,27.8373,27.8337,27.8311,27.8287,27.8268,27.8254,27.8237
75,27.733,27.6185,27.6022,27.5944,27.5895,27.5858,27.5832,27.5808,27.5789,27.5774,27.5758
76,27.486,27.3705,27.3539,27.346,27.341,27.3374,27.3347,27.3323,27.3304,27.3289,27.3273
77,27.2388,27.122,27.1051,27.0972,27.0921,27.0884,27.0857,27.0833,27.0814,27.0799,27.0782
78,26.9912,26.8731,26.856,26.8478,26.8427,26.839,26.8363,26.8338,26.8319,26.8304,26.8287
79,26.7434,26.6239,26.6064,26.5981,26.593,26.5892,26.5864,26.5839,26.582,26.5805,26.5788
80,26.4954,26.3744,26.3565,26.3481,26.3428,26.339,26.3362,26.3336,26.3317,26.3302,26.3284
81,26.2472,26.1245,26.1063,26.0977,26.0924,26.0884,26.0856,26.083,26.0811,26.0795,26.0778
82,25.9989,25.8745,25.8558,25.8471,25.8416,25.8376,25.8347,25.8322,25.8302,25.8286,25.8268
83,25.7505,25.6243,25.6052,25.5962,25.5906,25.5866,25.5837,25.581,25.579,25.5774,25.5756
84,25.502,25.3739,25.3543,25.3451,25.3395,25.3353,25.3323,25.3297,25.3276,25.326,25.3242
85,25.2535,25.1235,25.1033,25.0939,25.0881,25.0839,25.0809,25.0781,25.0761,25.0744,25.0726
86,25.005,24.8729,24.8522,24.8426,24.8366,24.8324,24.8292,24.8265,24.8244,24.8226,24.8208
87,24.7565,24.6222,24.601,24.5911,24.585,24.5807,24.5775,24.5747,24.5725,24.5708,24.5689
88,24.508,24.3715,24.3497,24.3396,24.3334,24.3289,24.3256,24.3228,24.3206,24.3188,24.3169
89,24.2596,24.1208,24.0984,24.088,24.0816,24.077,24.0737,24.0708,24.0685,24.0667,24.0648
90,24.0112,23.8701,23.847,23.8363,23.8298,23.8251,23.8217,23.8187,23.8164,23.8146,23.8126
91,23.7629,23.6194,23.5956,23.5847,23.578,23.5732,23.5697,23.5667,23.5643,23.5624,23.5604
92,23.5147,23.3687,23.3443,23.333,23.3261,23.3212,23.3176,23.3145,23.3121,23.3102,23.3081
93,23.2666,23.118,23.0929,23.0813,23.0742,23.0692,23.0656,23.0624,23.0599,23.0579,23.0558
94,23.0185,22.8674,22.8415,22.8296,22.8224,22.8172,22.8135,22.8102,22.8077,22.8057,22.8035
95,22.7705,22.6167,22.5902,22.5779,22.5705,22.5652,22.5614,22.5581,22.5555,22.5534,22.5512
96,22.5225,22.3662,22.3388,22.3262,22.3186,22.3132,22.3093,22.3059,22.3033,22.3011,22.2989
97,22.2747,22.1156,22.0875,22.0746,22.0667,22.0612,22.0572,22.0537,22.051,22.0488,22.0465
98,22.0268,21.865,21.8362,21.8229,21.8148,21.8092,21.8051,21.8015,21.7988,21.7965,21.7942
99,21.779,21.6145,21.5848,21.5712,21.5629,21.5572,21.5529,21.5493,21.5465,21.5441,21.5418
100,21.5311,21.364,21.3335,21.3195,21.311,21.3051,21.3008,21.2971,21.2942,21.2918,21.2893
101,21.2833,21.1134,21.0821,21.0678,21.0591,21.053,21.0486,21.0448,21.0418,21.0393,21.0369
102,21.0354,20.8628,20.8307,20.816,20.8071,20.8009,20.7963,20.7924,20.7894,20.7869,20.7844
103,20.7874,20.6122,20.5793,20.5642,20.555,20.5487,20.544,20.54,20.5369,20.5343,20.5318
104,20.5393,20.3614,20.3277,20.3122,20.3029,20.2964,20.2916,20.2875,20.2844,20.2817,20.2791
105,20.2911,20.1106,20.0761,20.0602,20.0506,20.044,20.0391,20.035,20.0317,20.029,20.0263
106,20.0427,19.8597,19.8244,19.8081,19.7983,19.7915,19.7865,19.7822,19.7789,19.7761,19.7734
107,19.7941,19.6086,19.5724,19.5558,19.5458,19.5388,19.5337,19.5294,19.526,19.5231,19.5203
108,19.5453,19.3573,19.3204,19.3033,19.2931,19.286,19.2807,19.2763,19.2729,19.27,19.2671
109,19.2962,19.1058,19.0681,19.0507,19.0402,19.0329,19.0276,19.0231,19.0196,19.0166,19.0137
110,19.0467,18.854,18.8155,18.7977,18.787,18.7797,18.7742,18.7696,18.766,18.7629,18.76
111,18.7969,18.6019,18.5627,18.5446,18.5336,18.5261,18.5205,18.5158,18.5122,18.509,18.506
112,18.5466,18.3496,18.3096,18.2911,18.2799,18.2723,18.2666,18.2618,18.2581,18.2549,18.2518
113,18.2959,18.0968,18.0561,18.0373,18.0259,18.0181,18.0123,18.0074,18.0036,18.0003,17.9972
114,18.0447,17.8436,17.8023,17.7831,17.7715,17.7635,17.7576,17.7527,17.7488,17.7454,17.7423
115,17.7928,17.59,17.548,17.5284,17.5167,17.5086,17.5025,17.4975,17.4935,17.4901,17.4869
116,17.5404,17.3359,17.2932,17.2734,17.2614,17.2531,17.247,17.2419,17.2379,17.2344,17.2311
117,17.2873,17.0813,17.0379,17.0178,17.0056,16.9972,16.991,16.9858,16.9817,16.9782,16.9748
118,17.0334,16.826,16.7821,16.7616,16.7493,16.7408,16.7344,16.7292,16.725,16.7214,16.718
119,16.7788,16.5701,16.5257,16.5049,16.4924,16.4837,16.4773,16.4719,16.4677,16.464,16.4606
120,16.5233,16.3136,16.2686,16.2475,16.2348,16.2261,16.2195,16.2141,16.2098,16.2061,16.2026
121,16.2669,16.0562,16.0108,15.9895,15.9766,15.9678,15.9611,15.9556,15.9512,15.9475,15.9439
122,16.0095,15.7981,15.7523,15.7307,15.7177,15.7087,15.702,15.6964,15.692,15.6881,15.6845
123,15.7511,15.5392,15.4929,15.4711,15.4579,15.4489,15.442,15.4364,15.4319,15.428,15.4244
124,15.4916,15.2793,15.2327,15.2107,15.1974,15.1882,15.1813,15.1756,15.171,15.1671,15.1634
125,15.231,15.0185,14.9716,14.9494,14.936,14.9267,14.9197,14.9139,14.9093,14.9053,14.9016
126,14.9691,14.7567,14.7095,14.6871,14.6736,14.6642,14.6572,14.6513,14.6467,14.6426,14.6388
127,14.706,14.4937,14.4464,14.4239,14.4102,14.4008,14.3937,14.3877,14.383,14.3789,14.3751
128,14.4415,14.2297,14.1822,14.1596,14.1458,14.1363,14.1291,14.1231,14.1184,14.1142,14.1104
129,14.1755,13.9644,13.9169,13.8941,13.8803,13.8707,13.8635,13.8574,13.8527,13.8485,13.8445
130,13.9081,13.6979,13.6503,13.6275,13.6136,13.604,13.5967,13.5906,13.5858,13.5815,13.5776
131,13.6392,13.4301,13.3825,13.3597,13.3457,13.336,13.3287,13.3226,13.3177,13.3134,13.3094
132,13.3686,13.1609,13.1134,13.0905,13.0765,13.0668,13.0594,13.0533,13.0484,13.0441,13.04
133,13.0963,12.8902,12.8429,12.82,12.806,12.7962,12.7888,12.7827,12.7777,12.7734,12.7693
134,12.8223,12.618,12.571,12.5481,12.5341,12.5243,12.5169,12.5106,12.5057,12.5013,12.4972
135,12.5464,12.3443,12.2975,12.2747,12.2606,12.2508,12.2434,12.2372,12.2322,12.2278,12.2236
136,12.2687,12.0688,12.0224,11.9997,11.9857,11.9758,11.9684,11.9621,11.9571,11.9527,11.9486
137,11.9889,11.7916,11.7457,11.7231,11.709,11.6992,11.6918,11.6855,11.6805,11.676,11.6719
138,11.7071,11.5126,11.4672,11.4447,11.4307,11.4209,11.4135,11.4072,11.4022,11.3977,11.3935
139,11.423,11.2317,11.1868,11.1645,11.1506,11.1409,11.1334,11.1271,11.1221,11.1176,11.1134
140,11.1368,10.9488,10.9046,10.8825,10.8687,10.8589,10.8515,10.8452,10.8402,10.8357,10.8314
141,10.8482,10.6638,10.6203,10.5985,10.5848,10.5751,10.5677,10.5614,10.5563,10.5519,10.5476
142,10.5573,10.3767,10.334,10.3124,10.2988,10.2892,10.2819,10.2756,10.2705,10.266,10.2617
143,10.2638,10.0874,10.0455,10.0242,10.0108,10.0012,9.9939,9.98762,9.98258,9.97807,9.97379
144,9.96767,9.79564,9.75477,9.73381,9.72052,9.71102,9.70375,9.69749,9.69246,9.68796,9.68366
145,9.66888,9.50149,9.46166,9.44105,9.42793,9.41852,9.41131,9.40507,9.40005,9.39556,9.39125
146,9.3673,9.2048,9.16607,9.14587,9.13294,9.12362,9.11648,9.11026,9.10526,9.10077,9.09646
147,9.0628,8.90546,8.86792,8.84815,8.83542,8.82621,8.81914,8.81296,8.80798,8.8035,8.79918
148,8.7553,8.60335,8.56709,8.54778,8.53528,8.52618,8.51919,8.51304,8.50809,8.50362,8.4993
149,8.44466,8.29837,8.26346,8.24464,8.23238,8.22342,8.21651,8.2104,8.20548,8.20103,8.19671
150,8.13077,7.99039,7.9569,7.93861,7.92662,7.91779,7.91097,7.90492,7.90003,7.89559,7.89127
151,7.81351,7.67928,7.6473,7.62957,7.61785,7.60918,7.60246,7.59645,7.5916,7.58718,7.58286
152,7.49273,7.3649,7.3345,7.31737,7.30595,7.29743,7.29082,7.28487,7.28005,7.27566,7.27134
153,7.1683,7.04711,7.01838,7.00187,6.99076,6.98241,6.97592,6.97002,6.96525,6.96088,6.95656
154,6.84008,6.72575,6.69876,6.68292,6.67214,6.66397,6.65759,6.65176,6.64703,6.64269,6.63837
155,6.50789,6.40067,6.3755,6.36035,6.34992,6.34193,6.33568,6.32991,6.32523,6.32091,6.3166
156,6.17158,6.07168,6.04841,6.03398,6.02392,6.01613,6.01001,6.00431,5.99967,5.99539,5.99107
157,5.83096,5.73861,5.71732,5.70364,5.69396,5.68637,5.68039,5.67476,5.67017,5.66592,5.66161
158,5.48584,5.40125,5.38202,5.36913,5.35984,5.35246,5.34663,5.34106,5.33653,5.33231,5.328
159,5.13602,5.05941,5.0423,5.03023,5.02135,5.01419,5.0085,5.00301,4.99853,4.99434,4.99003
160,4.78129,4.71285,4.69794,4.68671,4.67826,4.67132,4.66579,4.66038,4.65595,4.65179,4.64747
161,4.4214,4.36133,4.3487,4.33834,4.33033,4.32363,4.31825,4.31291,4.30853,4.3044,4.30007
162,4.05611,4.00459,3.99431,3.98486,3.9773,3.97083,3.96561,3.96035,3.95602,3.95191,3.94758
163,3.68515,3.64237,3.6345,3.62598,3.61888,3.61266,3.6076,3.60241,3.59813,3.59405,3.58971
164,3.30824,3.27435,3.26898,3.26141,3.25479,3.24881,3.24392,3.2388,3.23456,3.23051,3.22614
165,2.92506,2.90024,2.89742,2.89083,2.88469,2.87896,2.87423,2.86918,2.86499,2.86095,2.85657
166,2.53528,2.51968,2.51948,2.51389,2.50825,2.50277,2.4982,2.49322,2.48907,2.48504,2.48063
167,2.13856,2.13231,2.13479,2.13024,2.12509,2.11986,2.11546,2.11053,2.10642,2.1024,2.09795
168,1.73451,1.73774,1.74298,1.73946,1.73482,1.72984,1.7256,1.72073,1.71664,1.71263,1.70813
169,1.32274,1.33557,1.3436,1.34115,1.33703,1.3323,1.32821,1.32339,1.31932,1.3153,1.31075
170,0.902825,0.92534,0.936239,0.934864,0.931255,0.926768,0.922829,0.91805,0.913996,0.909959,0.905338
171,0.474311,0.506598,0.520408,0.520124,0.517031,0.512784,0.508988,0.504239,0.500187,0.496124,0.491425
172,0.0367308,0.0788471,0.0956159,0.0964329,0.0938555,0.0898402,0.0861791,0.0814489,0.0773871,0.0732855,0.0684932
173,-0.410408,-0.358426,-0.338658,-0.336732,-0.338798,-0.342591,-0.346128,-0.350853,-0.354938,-0.359092,-0.363993
174,-0.867615,-0.805758,-0.782955,-0.779917,-0.781478,-0.78506,-0.788485,-0.793222,-0.797345,-0.801567,-0.806594
175,-1.33541,-1.2637,-1.23784,-1.23369,-1.23475,-1.23814,-1.24147,-1.24623,-1.25041,-1.25472,-1.25989
176,-1.81432,-1.73282,-1.70387,-1.69862,-1.6992,-1.70241,-1.70566,-1.71047,-1.71473,-1.71914,-1.72448
177,-2.30487,-2.21368,-2.18165,-2.1753,-2.17542,-2.17847,-2.18165,-2.18654,-2.19089,-2.19544,-2.20097
178,-2.80758,-2.70684,-2.67173,-2.6643,-2.66398,-2.66689,-2.67005,-2.67503,-2.67951,-2.6842,-2.68995
179,-3.32292,-3.21284,-3.17468,-3.1662,-3.16546,-3.16827,-3.17141,-3.17652,-3.18115,-3.18602,-3.19202
180,-3.85135,-3.7322,-3.69102,-3.68153,-3.6804,-3.68314,-3.6863,-3.69156,-3.69637,-3.70146,-3.70773
181,-4.39326,-4.26538,-4.22124,-4.21078,-4.20931,-4.212,-4.21522,-4.22067,-4.2257,-4.23102,-4.23761
182,-4.94898,-4.81277,-4.76577,-4.75439,-4.75261,-4.75531,-4.75861,-4.76429,-4.76957,-4.77517,-4.7821
183,-5.51872,-5.37469,-5.32493,-5.31269,-5.31067,-5.31341,-5.31684,-5.3228,-5.32837,-5.33428,-5.34159
184,-6.10262,-5.95135,-5.89897,-5.88596,-5.88374,-5.88658,-5.89018,-5.89645,-5.90235,-5.90862,-5.91636
185,-6.70068,-6.54283,-6.488,-6.4743,-6.47196,-6.47495,-6.47878,-6.4854,-6.49168,-6.49835,-6.50655
186,-7.31276,-7.1491,-7.09202,-7.07774,-7.07534,-7.07854,-7.08264,-7.08967,-7.09637,-7.10348,-7.11219
187,-7.93861,-7.76996,-7.71086,-7.6961,-7.69373,-7.6972,-7.70164,-7.70912,-7.7163,-7.7239,-7.73316
188,-8.57781,-8.40508,-8.34421,-8.32911,-8.32685,-8.33066,-8.33549,-8.34348,-8.35118,-8.35931,-8.36918
189,-9.22981,-9.05397,-8.99161,-8.97631,-8.97424,-8.97847,-8.98376,-8.99231,-9.00058,-9.0093,-9.0198
190,-9.89394,-9.71601,-9.65247,-9.6371,-9.63533,-9.64003,-9.64585,-9.65502,-9.66391,-9.67327,-9.68447
191,-10.5694,-10.3904,-10.326,-10.3108,-10.3094,-10.3146,-10.321,-10.3309,-10.3405,-10.3505,-10.3624
192,-11.2554,-11.0764,-11.0115,-10.9964,-10.9955,-11.0014,-11.0085,-11.0191,-11.0294,-11.0402,-11.0529
193,-11.9509,-11.7729,-11.7078,-11.6932,-11.6929,-11.6995,-11.7073,-11.7187,-11.7298,-11.7413,-11.7549
194,-12.655,-12.4791,-12.4141,-12.4,-12.4004,-12.4078,-12.4164,-12.4287,-12.4406,-12.453,-12.4675
195,-13.3666,-13.1937,-13.1292,-13.1159,-13.1171,-13.1254,-13.1348,-13.148,-13.1608,-13.1742,-13.1896
196,-14.0848,-13.9159,-13.8522,-13.8397,-13.8419,-13.8511,-13.8615,-13.8756,-13.8894,-13.9037,-13.9201
197,-14.8086,-14.6445,-14.5819,-14.5705,-14.5737,-14.5839,-14.5954,-14.6105,-14.6254,-14.6407,-14.6581
198,-15.537,-15.3786,-15.3174,-15.3072,-15.3115,-15.3229,-15.3354,-15.3516,-15.3676,-15.384,-15.4026
199,-16.2691,-16.1172,-16.0577,-16.0488,-16.0543,-16.0669,-16.0806,-16.098,-16.1151,-16.1327,-16.1524
200,-17.0042,-16.8594,-16.8018,-16.7944,-16.8013,-16.8152,-16.8301,-16.8488,-16.8671,-16.8859,-16.9069
201,-17.7415,-17.6044,-17.549,-17.5432,-17.5516,-17.5668,-17.5831,-17.6031,-17.6228,-17.6429,-17.6652
202,-18.4803,-18.3514,-18.2985,-18.2944,-18.3043,-18.3211,-18.3388,-18.3602,-18.3813,-18.4028,-18.4265
203,-19.2199,-19.0999,-19.0496,-19.0474,-19.059,-19.0773,-19.0965,-19.1195,-19.142,-19.165,-19.1901
204,-19.96,-19.8491,-19.8017,-19.8016,-19.8149,-19.8349,-19.8557,-19.8803,-19.9044,-19.9289,-19.9557
205,-20.7001,-20.5987,-20.5544,-20.5564,-20.5717,-20.5934,-20.616,-20.6422,-20.668,-20.6942,-20.7227
206,-21.4397,-21.3483,-21.3072,-21.3116,-21.3288,-21.3525,-21.3769,-21.4049,-21.4325,-21.4605,-21.4907
207,-22.1787,-22.0975,-22.0598,-22.0666,-22.086,-22.1117,-22.1381,-22.1681,-22.1976,-22.2275,-22.2596
208,-22.9168,-22.8461,-22.812,-22.8214,-22.8431,-22.8709,-22.8993,-22.9314,-22.963,-22.9949,-23.0291
209,-23.6538,-23.5939,-23.5636,-23.5757,-23.5998,-23.6299,-23.6606,-23.6948,-23.7286,-23.7627,-23.799
210,-24.3897,-24.3407,-24.3144,-24.3294,-24.356,-24.3886,-24.4216,-24.4582,-24.4943,-24.5307,-24.5694
211,-25.1243,-25.0865,-25.0643,-25.0823,-25.1117,-25.1468,-25.1824,-25.2215,-25.2601,-25.299,-25.3402
212,-25.8575,-25.8311,-25.8132,-25.8344,-25.8667,-25.9046,-25.9428,-25.9846,-26.0258,-26.0674,-26.1113
213,-26.5894,-26.5745,-26.561,-26.5857,-26.621,-26.6618,-26.7029,-26.7476,-26.7916,-26.8361,-26.8828
214,-27.3198,-27.3166,-27.3078,-27.336,-27.3745,-27.4185,-27.4627,-27.5103,-27.5574,-27.6049,-27.6547
215,-28.0486,-28.0573,-28.0534,-28.0853,-28.1273,-28.1745,-28.222,-28.2729,-28.3232,-28.3739,-28.427
216,-28.7759,-28.7966,-28.7977,-28.8336,-28.8792,-28.93,-28.9809,-29.0353,-29.0891,-29.1432,-29.1998
217,-29.5016,-29.5344,-29.5407,-29.5808,-29.6302,-29.6847,-29.7393,-29.7974,-29.8549,-29.9127,-29.973
218,-30.2255,-30.2706,-30.2823,-30.3268,-30.3803,-30.4388,-30.4973,-30.5593,-30.6207,-30.6825,-30.7468
219,-30.9476,-31.0051,-31.0225,-31.0715,-31.1294,-31.1921,-31.2548,-31.321,-31.3866,-31.4527,-31.5212
220,-31.6679,-31.7378,-31.7611,-31.8151,-31.8775,-31.9446,-32.0118,-32.0825,-32.1526,-32.2231,-32.2963
221,-32.3862,-32.4687,-32.4982,-32.5572,-32.6245,-32.6964,-32.7684,-32.8438,-32.9187,-32.9941,-33.0721
222,-33.1026,-33.1978,-33.2336,-33.2981,-33.3705,-33.4475,-33.5245,-33.6049,-33.685,-33.7655,-33.8488
223,-33.817,-33.9249,-33.9674,-34.0376,-34.1154,-34.1978,-34.2802,-34.366,-34.4516,-34.5377,-34.6265
224,-34.5293,-34.6501,-34.6995,-34.7757,-34.8593,-34.9474,-35.0355,-35.1272,-35.2185,-35.3106,-35.4055
225,-35.2396,-35.3733,-35.4299,-35.5124,-35.6022,-35.6963,-35.7906,-35.8884,-35.9861,-36.0844,-36.1858
226,-35.9478,-36.0945,-36.1587,-36.2478,-36.3441,-36.4447,-36.5455,-36.65,-36.7543,-36.8595,-36.9677
227,-36.6539,-36.8137,-36.8857,-36.9819,-37.0851,-37.1926,-37.3004,-37.4119,-37.5234,-37.6358,-37.7515
228,-37.358,-37.5309,-37.6111,-37.7147,-37.8252,-37.9401,-38.0553,-38.1744,-38.2935,-38.4138,-38.5374
229,-38.0599,-38.246,-38.3348,-38.4463,-38.5646,-38.6873,-38.8104,-38.9375,-39.0649,-39.1935,-39.3258
230,-38.7598,-38.9592,-39.0569,-39.1767,-39.3032,-39.4343,-39.5658,-39.7016,-39.8377,-39.9753,-40.1167
231,-39.4575,-39.6703,-39.7773,-39.9059,-40.0412,-40.1811,-40.3217,-40.4666,-40.6122,-40.7594,-40.9106
232,-40.1531,-40.3793,-40.496,-40.634,-40.7785,-40.9278,-41.078,-41.2327,-41.3884,-41.5459,-41.7077
233,-40.8465,-41.0861,-41.2131,-41.3608,-41.5152,-41.6745,-41.8349,-42.0001,-42.1665,-42.335,-42.5082
234,-41.5375,-41.7907,-41.9283,-42.0864,-42.2512,-42.4211,-42.5924,-42.7688,-42.9467,-43.127,-43.3123
235,-42.226,-42.4929,-42.6417,-42.8106,-42.9865,-43.1677,-43.3505,-43.5388,-43.7289,-43.9219,-44.1202
236,-42.912,-43.1926,-43.353,-43.5334,-43.7209,-43.9141,-44.1092,-44.3102,-44.5133,-44.7197,-44.932
237,-43.5951,-43.8895,-44.0621,-44.2546,-44.4544,-44.6602,-44.8684,-45.0828,-45.2999,-45.5207,-45.7478
238,-44.2751,-44.5835,-44.7687,-44.9739,-45.1868,-45.406,-45.628,-45.8567,-46.0886,-46.3247,-46.5678
239,-44.9518,-45.2742,-45.4727,-45.6913,-45.9178,-46.1511,-46.3878,-46.6317,-46.8793,-47.1318,-47.3919
240,-45.6248,-45.9614,-46.1737,-46.4063,-46.6472,-46.8955,-47.1477,-47.4077,-47.6721,-47.942,-48.2203
241,-46.2938,-46.6447,-46.8715,-47.1187,-47.3748,-47.6389,-47.9074,-48.1846,-48.4668,-48.7552,-49.0529
242,-46.9585,-47.3238,-47.5656,-47.8282,-48.1003,-48.381,-48.6669,-48.9621,-49.2632,-49.5715,-49.8899
243,-47.6183,-47.9984,-48.2558,-48.5346,-48.8234,-49.1216,-49.4258,-49.7402,-50.0614,-50.3907,-50.7313
244,-48.2731,-48.668,-48.9418,-49.2374,-49.5438,-49.8605,-50.184,-50.5187,-50.8612,-51.213,-51.5773
245,-48.9222,-49.3323,-49.6231,-49.9363,-50.2613,-50.5973,-50.9413,-51.2974,-51.6626,-52.0383,-52.4279
246,-49.5654,-49.991,-50.2995,-50.6311,-50.9755,-51.3319,-51.6974,-52.0763,-52.4656,-52.8668,-53.2835
247,-50.2024,-50.6438,-50.9706,-51.3215,-51.6862,-52.0641,-52.4523,-52.8553,-53.2701,-53.6985,-54.1442
248,-50.8326,-51.2902,-51.6361,-52.0072,-52.3931,-52.7936,-53.2058,-53.6343,-54.0763,-54.5336,-55.0103
249,-51.4558,-51.93,-52.2957,-52.6878,-53.0961,-53.5203,-53.9578,-54.4133,-54.8841,-55.3724,-55.8822
250,-52.0716,-52.5628,-52.9493,-53.3633,-53.795,-54.2441,-54.7082,-55.1923,-55.6938,-56.215,-56.7605
251,-52.6797,-53.1886,-53.5964,-54.0334,-54.4895,-54.9648,-55.4571,-55.9713,-56.5054,-57.0619,-57.6454
252,-53.2799,-53.8069,-54.237,-54.6978,-55.1795,-55.6824,-56.2043,-56.7505,-57.3193,-57.9132,-58.5375
253,-53.872,-54.4175,-54.8708,-55.3565,-55.865,-56.3967,-56.9498,-57.53,-58.1355,-58.7695,-59.4375
254,-54.4556,-55.0204,-55.4977,-56.0093,-56.5457,-57.1078,-57.6939,-58.3098,-58.9543,-59.631,-60.3459
255,-55.0306,-55.6153,-56.1175,-56.656,-57.2218,-57.8156,-58.4363,-59.0901,-59.7761,-60.4983,-61.2633
256,-55.5969,-56.2022,-56.7302,-57.2967,-57.893,-58.5202,-59.1774,-59.8712,-60.6011,-61.3717,-62.1902
257,-56.1543,-56.7807,-57.3355,-57.9312,-58.5594,-59.2215,-59.917,-60.653,-61.4296,-62.2517,-63.1273
258,-56.7026,-57.351,-57.9334,-58.5595,-59.2209,-59.9195,-60.6554,-61.4359,-62.2618,-63.1387,-64.0751
259,-57.2418,-57.9129,-58.524,-59.1814,-59.8775,-60.6144,-61.3926,-62.22,-63.0981,-64.0329,-65.034
260,-57.7719,-58.4664,-59.107,-59.7971,-60.5293,-61.3061,-62.1287,-63.0055,-63.9385,-64.9347,-66.0041
261,-58.2927,-59.0114,-59.6825,-60.4065,-61.1762,-61.9947,-62.8637,-63.7924,-64.7833,-65.8442,-66.9856
262,-58.8043,-59.5478,-60.2505,-61.0095,-61.8182,-62.6802,-63.5978,-64.5809,-65.6326,-66.7613,-67.9781
263,-59.3065,-60.0758,-60.811,-61.6062,-62.4554,-63.3627,-64.331,-65.371,-66.4863,-67.6859,-68.9812
264,-59.7996,-60.5953,-61.3639,-62.1966,-63.0877,-64.0421,-65.0633,-66.1626,-67.3443,-68.6176,-69.9936
265,-60.2833,-61.1063,-61.9094,-62.7807,-63.7152,-64.7185,-65.7947,-66.9557,-68.2063,-69.5556,-71.0138
266,-60.7578,-61.6088,-62.4473,-63.3585,-64.338,-65.3919,-66.5251,-67.75,-69.0716,-70.4986,-72.0393
267,-61.2232,-62.103,-62.9778,-63.93,-64.9558,-66.0621,-67.2543,-68.5452,-69.9397,-71.4453,-73.0672
268,-61.6794,-62.5887,-63.5008,-64.4953,-65.5689,-66.7292,-67.9822,-69.3408,-70.8094,-72.3934,-74.0933
269,-62.1266,-63.0662,-64.0164,-65.0543,-66.1771,-67.393,-68.7085,-70.1363,-71.6795,-73.3403,-75.1128
270,-62.5648,-63.5353,-64.5247,-65.607,-66.7804,-68.0534,-69.4328,-70.9307,-72.5482,-74.2828,-76.1199
271,-62.9941,-63.9964,-65.0257,-66.1536,-67.3787,-68.7102,-70.1546,-71.7231,-73.4136,-75.217,-77.1079
272,-63.4146,-64.4492,-65.5194,-66.6939,-67.972,-69.3631,-70.8734,-72.5122,-74.2731,-76.1386,-78.0696
273,-63.8264,-64.8941,-66.0059,-67.2279,-68.5601,-70.0119,-71.5886,-73.2967,-75.1239,-77.0424,-78.9976
274,-64.2296,-65.331,-66.4852,-67.7557,-69.143,-70.6561,-72.2991,-74.0747,-75.9629,-77.9232,-79.8844
275,-64.6243,-65.76,-66.9573,-68.2773,-69.7204,-71.2955,-73.0042,-74.8444,-76.7865,-78.7755,-80.7232
276,-65.0106,-66.1813,-67.4224,-68.7926,-70.2923,-71.9294,-73.7028,-75.6036,-77.591,-79.5939,-81.5081
277,-65.3887,-66.5949,-67.8805,-69.3015,-70.8583,-72.5574,-74.3936,-76.35,-78.3725,-80.3732,-82.2345
278,-65.7586,-67.0009,-68.3316,-69.8041,-71.4184,-73.1788,-75.0753,-77.081,-79.1271,-81.1089,-82.8996
279,-66.1205,-67.3993,-68.7757,-70.3002,-71.9721,-73.793,-75.7465,-77.7942,-79.8512,-81.7974,-83.5022
280,-66.4746,-67.7904,-69.2129,-70.7898,-72.5193,-74.3992,-76.4056,-78.4869,-80.5413,-82.4359,-84.0425
281,-66.8209,-68.1742,-69.6433,-71.2729,-73.0596,-74.9967,-77.0511,-79.1565,-81.1944,-83.023,-84.5227
282,-67.1596,-68.5508,-70.0669,-71.7494,-73.5926,-75.5845,-77.6812,-79.8006,-81.8083,-83.5582,-84.9456
283,-67.4908,-68.9203,-70.4837,-72.2191,-74.1181,-76.1619,-78.2945,-80.4169,-82.3812,-84.0422,-85.3152
284,-67.8147,-69.2828,-70.8937,-72.6819,-74.6355,-76.7278,-78.8892,-81.0036,-82.9122,-84.4767,-85.6361
285,-68.1314,-69.6385,-71.2971,-73.1378,-75.1445,-77.2814,-79.4639,-81.5591,-83.4011,-84.8639,-85.913
286,-68.441,-69.9873,-71.6938,-73.5866,-75.6447,-77.8217,-80.0171,-82.0821,-83.8483,-85.2069,-86.1507
287,-68.7437,-70.3294,-72.0838,-74.0283,-76.1356,-78.3478,-80.5475,-82.5721,-84.2549,-85.5091,-86.354
288,-69.0396,-70.665,-72.4672,-74.4625,-76.6168,-78.8588,-81.0542,-83.0286,-84.6226,-85.7739,-86.527
289,-69.3288,-70.9941,-72.8441,-74.8894,-77.0878,-79.3539,-81.5362,-83.4518,-84.9533,-86.005,-86.674
290,-69.6115,-71.3168,-73.2143,-75.3086,-77.5482,-79.8324,-81.993,-83.8422,-85.2493,-86.2059,-86.7986
291,-69.8879,-71.6332,-73.5781,-75.72,-77.9975,-80.2935,-82.4242,-84.2009,-85.5132,-86.38,-86.9039
292,-70.158,-71.9434,-73.9353,-76.1236,-78.4354,-80.7366,-82.8296,-84.5288,-85.7476,-86.5305,-86.9929
293,-70.422,-72.2476,-74.2861,-76.5191,-78.8614,-81.1614,-83.2093,-84.8276,-85.9551,-86.6603,-87.0681
294,-70.68,-72.5458,-74.6304,-76.9064,-79.2752,-81.5674,-83.5639,-85.0987,-86.1382,-86.7721,-87.1315
295,-70.9322,-72.8381,-74.9682,-77.2854,-79.6765,-81.9544,-83.8936,-85.344,-86.2994,-86.8682,-87.1851
296,-71.1787,-73.1247,-75.2996,-77.6559,-80.0649,-82.3224,-84.1994,-85.5652,-86.441,-86.9509,-87.2304
297,-71.4196,-73.4056,-75.6247,-78.0179,-80.4403,-82.6712,-84.4821,-85.7642,-86.5653,-87.0218,-87.2687
298,-71.655,-73.6808,-75.9433,-78.3712,-80.8024,-83.0012,-84.7427,-85.9428,-86.6742,-87.0828,-87.3012
299,-71.8851,-73.9506,-76.2556,-78.7157,-81.1511,-83.3124,-84.9823,-86.1027,-86.7694,-87.1352,-87.3287
300,-72.11,-74.2151,-76.5616,-79.0514,-81.4863,-83.6054,-85.202,-86.2456,-86.8526,-87.1802,-87.3522
301,-72.3298,-74.4742,-76.8613,-79.378,-81.808,-83.8804,-85.4031,-86.3732,-86.9254,-87.219,-87.3723
302,-72.5447,-74.7281,-77.1547,-79.6957,-82.1162,-84.1381,-85.5867,-86.487,-86.989,-87.2524,-87.3895
303,-72.7547,-74.9769,-77.4419,-80.0043,-82.411,-84.3791,-85.7542,-86.5883,-87.0446,-87.2812,-87.4043
304,-72.96,-75.2207,-77.7229,-80.3039,-82.6924,-84.604,-85.9066,-86.6785,-87.0932,-87.3062,-87.4171
305,-73.1607,-75.4595,-77.9977,-80.5943,-82.9608,-84.8135,-86.0451,-86.7587,-87.1357,-87.3278,-87.4282
306,-73.3569,-75.6935,-78.2664,-80.8757,-83.2162,-85.0083,-86.1709,-86.83,-87.1729,-87.3467,-87.438
307,-73.5486,-75.9228,-78.5289,-81.148,-83.4591,-85.1892,-86.285,-86.8934,-87.2056,-87.3631,-87.4466
308,-73.7362,-76.1474,-78.7855,-81.4114,-83.6895,-85.357,-86.3884,-86.9498,-87.2343,-87.3775,-87.4542
309,-73.9195,-76.3674,-79.036,-81.6657,-83.908,-85.5123,-86.482,-87,-87.2595,-87.3902,-87.461
310,-74.0988,-76.583,-79.2805,-81.9112,-84.1148,-85.6561,-86.5668,-87.0446,-87.2818,-87.4014,-87.4671
311,-74.2741,-76.7941,-79.5192,-82.148,-84.3104,-85.7889,-86.6435,-87.0844,-87.3015,-87.4113,-87.4727
312,-74.4455,-77.0009,-79.752,-82.3761,-84.4951,-85.9115,-86.7128,-87.1198,-87.3189,-87.4202,-87.4778
313,-74.6132,-77.2034,-79.979,-82.5956,-84.6693,-86.0246,-86.7756,-87.1515,-87.3344,-87.4282,-87.4825
314,-74.7771,-77.4018,-80.2003,-82.8068,-84.8335,-86.1289,-86.8323,-87.1797,-87.3482,-87.4354,-87.4868
315,-74.9375,-77.5962,-80.4159,-83.0098,-84.9881,-86.2249,-86.8837,-87.205,-87.3606,-87.442,-87.4909
316,-75.0945,-77.7865,-80.6259,-83.2047,-85.1336,-86.3134,-86.9302,-87.2277,-87.3717,-87.448,-87.4947
317,-75.248,-77.9729,-80.8305,-83.3918,-85.2704,-86.3949,-86.9723,-87.248,-87.3817,-87.4535,-87.4984
318,-75.3982,-78.1554,-81.0295,-83.5711,-85.3988,-86.4698,-87.0104,-87.2663,-87.3908,-87.4587,-87.5019
319,-75.5451,-78.3342,-81.2232,-83.743,-85.5194,-86.5388,-87.045,-87.2829,-87.3991,-87.4634,-87.5052
320,-75.689,-78.5093,-81.4116,-83.9076,-85.6326,-86.6023,-87.0764,-87.2978,-87.4067,-87.4679,-87.5084
321,-75.8297,-78.6807,-81.5948,-84.0652,-85.7386,-86.6607,-87.105,-87.3114,-87.4137,-87.4722,-87.5115
322,-75.9675,-78.8486,-81.7728,-84.2158,-85.8381,-86.7145,-87.1309,-87.3237,-87.4201,-87.4762,-87.5145
323,-76.1024,-79.013,-81.9459,-84.3599,-85.9312,-86.7639,-87.1546,-87.335,-87.4261,-87.48,-87.5174
324,-76.2344,-79.174,-82.114,-84.4975,-86.0184,-86.8095,-87.1761,-87.3453,-87.4317,-87.4837,-87.5203
325,-76.3637,-79.3317,-82.2772,-84.6289,-86.1001,-86.8515,-87.1958,-87.3547,-87.4369,-87.4873,-87.5231
326,-76.4903,-79.4861,-82.4357,-84.7544,-86.1766,-86.8902,-87.2139,-87.3635,-87.4418,-87.4907,-87.5259
327,-76.6142,-79.6373,-82.5895,-84.8741,-86.2482,-86.9258,-87.2304,-87.3716,-87.4465,-87.494,-87.5286
328,-76.7357,-79.7854,-82.7387,-84.9883,-86.3152,-86.9587,-87.2456,-87.3791,-87.451,-87.4972,-87.5313
329,-76.8546,-79.9304,-82.8835,-85.0971,-86.3779,-86.9891,-87.2596,-87.3861,-87.4552,-87.5004,-87.534
330,-76.9712,-80.0723,-83.0239,-85.2009,-86.4366,-87.0172,-87.2725,-87.3927,-87.4593,-87.5035,-87.5366
331,-77.0853,-80.2114,-83.16,-85.2998,-86.4915,-87.0432,-87.2845,-87.3988,-87.4632,-87.5065,-87.5392
332,-77.1972,-80.3475,-83.292,-85.3939,-86.5429,-87.0673,-87.2956,-87.4046,-87.467,-87.5095,-87.5417
333,-77.3069,-80.4809,-83.4198,-85.4836,-86.5911,-87.0896,-87.3059,-87.4102,-87.4707,-87.5124,-87.5443
334,-77.4144,-80.6114,-83.5437,-85.569,-86.6361,-87.1103,-87.3155,-87.4154,-87.4743,-87.5153,-87.5468
335,-77.5197,-80.7393,-83.6638,-85.6504,-86.6784,-87.1295,-87.3245,-87.4204,-87.4778,-87.5181,-87.5493
336,-77.623,-80.8645,-83.78,-85.7278,-86.718,-87.1474,-87.333,-87.4252,-87.4812,-87.5209,-87.5518
337,-77.7243,-80.9871,-83.8926,-85.8014,-86.7551,-87.1641,-87.3409,-87.4298,-87.4845,-87.5237,-87.5543
338,-77.8237,-81.1072,-84.0016,-85.8716,-86.7899,-87.1797,-87.3484,-87.4343,-87.4878,-87.5265,-87.5567
339,-77.9211,-81.2249,-84.1071,-85.9383,-86.8226,-87.1942,-87.3554,-87.4385,-87.491,-87.5292,-87.5591
340,-78.0167,-81.3401,-84.2092,-86.0018,-86.8532,-87.2079,-87.3622,-87.4427,-87.4942,-87.5319,-87.5616
341,-78.1105,-81.4529,-84.3081,-86.0622,-86.882,-87.2206,-87.3685,-87.4467,-87.4973,-87.5346,-87.564
342,-78.2026,-81.5634,-84.4037,-86.1198,-86.9091,-87.2327,-87.3746,-87.4507,-87.5004,-87.5372,-87.5663
343,-78.2929,-81.6716,-84.4963,-86.1745,-86.9346,-87.244,-87.3805,-87.4545,-87.5034,-87.5399,-87.5687
344,-78.3816,-81.7777,-84.5858,-86.2267,-86.9586,-87.2546,-87.386,-87.4582,-87.5064,-87.5425,-87.5711
345,-78.4686,-81.8815,-84.6725,-86.2763,-86.9812,-87.2647,-87.3914,-87.4619,-87.5094,-87.5451,-87.5734
346,-78.5541,-81.9833,-84.7563,-86.3235,-87.0025,-87.2743,-87.3966,-87.4655,-87.5124,-87.5477,-87.5758
347,-78.638,-82.0829,-84.8373,-86.3685,-87.0227,-87.2833,-87.4016,-87.4691,-87.5153,-87.5502,-87.5781
348,-78.7204,-82.1805,-84.9157,-86.4114,-87.0417,-87.2919,-87.4064,-87.4726,-87.5182,-87.5528,-87.5804
349,-78.8014,-82.2762,-84.9915,-86.4522,-87.0596,-87.3001,-87.4111,-87.476,-87.5211,-87.5553,-87.5827
350,-78.8809,-82.3699,-85.0649,-86.4911,-87.0766,-87.308,-87.4157,-87.4794,-87.5239,-87.5579,-87.585
351,-78.9591,-82.4617,-85.1358,-86.5282,-87.0928,-87.3155,-87.4202,-87.4827,-87.5267,-87.5604,-87.5872
352,-79.0359,-82.5517,-85.2044,-86.5636,-87.1081,-87.3226,-87.4245,-87.486,-87.5296,-87.5629,-87.5895
353,-79.1114,-82.6398,-85.2707,-86.5973,-87.1226,-87.3295,-87.4288,-87.4893,-87.5323,-87.5654,-87.5917
354,-79.1856,-82.7262,-85.3349,-86.6295,-87.1364,-87.3361,-87.4329,-87.4925,-87.5351,-87.5678,-87.594
355,-79.2586,-82.8109,-85.397,-86.6602,-87.1495,-87.3425,-87.437,-87.4957,-87.5379,-87.5703,-87.5962
356,-79.3304,-82.8939,-85.457,-86.6896,-87.1621,-87.3487,-87.441,-87.4989,-87.5406,-87.5727,-87.5984
357,-79.401,-82.9752,-85.5151,-86.7176,-87.174,-87.3547,-87.445,-87.5021,-87.5433,-87.5751,-87.6006
358,-79.4704,-83.0549,-85.5712,-86.7444,-87.1855,-87.3605,-87.4489,-87.5052,-87.546,-87.5776,-87.6028
359,-79.5388,-83.133,-85.6256,-86.77,-87.1964,-87.3661,-87.4527,-87.5083,-87.5487,-87.58,-87.6049
360,-79.606,-83.2096,-85.6781,-86.7945,-87.2069,-87.3715,-87.4564,-87.5114,-87.5514,-87.5823,-87.6071
361,-79.6721,-83.2847,-85.729,-86.818,-87.2169,-87.3769,-87.4602,-87.5144,-87.5541,-87.5847,-87.6092
362,-79.7373,-83.3583,-85.7782,-86.8405,-87.2265,-87.382,-87.4638,-87.5174,-87.5567,-87.5871,-87.6114
363,-79.8014,-83.4305,-85.8258,-86.862,-87.2358,-87.3871,-87.4675,-87.5205,-87.5593,-87.5894,-87.6135
364,-79.8645,-83.5012,-85.8719,-86.8826,-87.2447,-87.3921,-87.4711,-87.5234,-87.562,-87.5918,-87.6156
365,-79.9267,-83.5706,-85.9166,-86.9024,-87.2533,-87.3969,-87.4746,-87.5264,-87.5646,-87.5941,-87.6177
366,-79.988,-83.6387,-85.9597,-86.9214,-87.2617,-87.4017,-87.4782,-87.5294,-87.5672,-87.5964,-87.6198
367,-80.0483,-83.7054,-86.0016,-86.9397,-87.2697,-87.4063,-87.4816,-87.5323,-87.5697,-87.5987,-87.6219
368,-80.1078,-83.7709,-86.0421,-86.9572,-87.2775,-87.4109,-87.4851,-87.5352,-87.5723,-87.601,-87.624
369,-80.1664,-83.8351,-86.0813,-86.9741,-87.285,-87.4154,-87.4885,-87.5381,-87.5748,-87.6033,-87.626
370,-80.2241,-83.8981,-86.1193,-86.9903,-87.2923,-87.4198,-87.4919,-87.541,-87.5774,-87.6055,-87.6281
371,-80.281,-83.9599,-86.1561,-87.0059,-87.2994,-87.4242,-87.4953,-87.5439,-87.5799,-87.6078,-87.6301
372,-80.3372,-84.0205,-86.1918,-87.021,-87.3063,-87.4285,-87.4987,-87.5467,-87.5824,-87.61,-87.6321
373,-80.3925,-84.08,-86.2264,-87.0355,-87.313,-87.4328,-87.502,-87.5496,-87.5849,-87.6123,-87.6341
374,-80.4471,-84.1383,-86.2599,-87.0495,-87.3196,-87.437,-87.5053,-87.5524,-87.5874,-87.6145,-87.6361
375,-80.501,-84.1956,-86.2924,-87.063,-87.326,-87.4411,-87.5086,-87.5552,-87.5898,-87.6167,-87.6381
376,-80.5541,-84.2518,-86.3239,-87.0761,-87.3322,-87.4452,-87.5119,-87.558,-87.5923,-87.6189,-87.6401
377,-80.6066,-84.307,-86.3545,-87.0888,-87.3383,-87.4493,-87.5151,-87.5608,-87.5947,-87.6211,-87.6421
378,-80.6583,-84.3612,-86.3842,-87.101,-87.3443,-87.4533,-87.5183,-87.5635,-87.5972,-87.6232,-87.644
379,-80.7094,-84.4144,-86.413,-87.1129,-87.3501,-87.4572,-87.5215,-87.5663,-87.5996,-87.6254,-87.646
380,-80.7598,-84.4666,-86.4409,-87.1243,-87.3559,-87.4612,-87.5247,-87.569,-87.602,-87.6275,-87.6479
381,-80.8096,-84.5178,-86.4681,-87.1355,-87.3615,-87.4651,-87.5279,-87.5717,-87.6044,-87.6297,-87.6499
382,-80.8588,-84.5681,-86.4944,-87.1463,-87.367,-87.4689,-87.531,-87.5744,-87.6068,-87.6318,-87.6518
383,-80.9074,-84.6176,-86.5201,-87.1568,-87.3725,-87.4728,-87.5341,-87.5771,-87.6091,-87.6339,-87.6537
384,-80.9554,-84.6661,-86.5449,-87.167,-87.3778,-87.4765,-87.5373,-87.5798,-87.6115,-87.636,-87.6556
385,-81.0028,-84.7138,-86.5691,-87.177,-87.3831,-87.4803,-87.5403,-87.5825,-87.6138,-87.6381,-87.6575
386,-81.0497,-84.7606,-86.5927,-87.1866,-87.3883,-87.4841,-87.5434,-87.5851,-87.6162,-87.6402,-87.6594
387,-81.096,-84.8066,-86.6155,-87.196,-87.3934,-87.4878,-87.5465,-87.5877,-87.6185,-87.6423,-87.6612
388,-81.1418,-84.8519,-86.6378,-87.2052,-87.3984,-87.4915,-87.5495,-87.5904,-87.6208,-87.6443,-87.6631
389,-81.187,-84.8963,-86.6594,-87.2142,-87.4034,-87.4951,-87.5525,-87.593,-87.6231,-87.6464,-87.6649
390,-81.2318,-84.9399,-86.6805,-87.2229,-87.4083,-87.4987,-87.5556,-87.5956,-87.6254,-87.6484,-87.6668
391,-81.2761,-84.9828,-86.701,-87.2315,-87.4131,-87.5024,-87.5585,-87.5981,-87.6276,-87.6504,-87.6686
392,-81.3199,-85.025,-86.721,-87.2398,-87.4179,-87.5059,-87.5615,-87.6007,-87.6299,-87.6524,-87.6704
393,-81.3632,-85.0664,-86.7405,-87.248,-87.4226,-87.5095,-87.5645,-87.6033,-87.6321,-87.6544,-87.6722
394,-81.4061,-85.1072,-86.7595,-87.256,-87.4273,-87.513,-87.5674,-87.6058,-87.6344,-87.6564,-87.674
395,-81.4485,-85.1472,-86.778,-87.2638,-87.4319,-87.5166,-87.5704,-87.6083,-87.6366,-87.6584,-87.6758
396,-81.4905,-85.1866,-86.796,-87.2715,-87.4365,-87.5201,-87.5733,-87.6108,-87.6388,-87.6604,-87.6776
397,-81.532,-85.2253,-86.8137,-87.279,-87.4411,-87.5235,-87.5762,-87.6133,-87.641,-87.6623,-87.6793
398,-81.5732,-85.2634,-86.8308,-87.2864,-87.4456,-87.527,-87.5791,-87.6158,-87.6432,-87.6643,-87.6811
399,-81.6139,-85.3009,-86.8476,-87.2937,-87.45,-87.5304,-87.5819,-87.6183,-87.6453,-87.6662,-87.6828
400,-81.6543,-85.3377,-86.864,-87.3008,-87.4544,-87.5338,-87.5848,-87.6208,-87.6475,-87.6681,-87.6846
401,-81.6942,-85.374,-86.88,-87.3078,-87.4588,-87.5372,-87.5876,-87.6232,-87.6497,-87.6701,-87.6863
402,-81.7338,-85.4096,-86.8956,-87.3147,-87.4631,-87.5406,-87.5905,-87.6256,-87.6518,-87.672,-87.688
403,-81.7731,-85.4447,-86.9109,-87.3214,-87.4674,-87.544,-87.5933,-87.6281,-87.6539,-87.6739,-87.6897
404,-81.8119,-85.4792,-86.9258,-87.3281,-87.4717,-87.5473,-87.5961,-87.6305,-87.656,-87.6758,-87.6914
405,-81.8505,-85.5132,-86.9404,-87.3346,-87.476,-87.5506,-87.5988,-87.6329,-87.6581,-87.6776,-87.6931
406,-81.8886,-85.5467,-86.9547,-87.3411,-87.4802,-87.554,-87.6016,-87.6353,-87.6602,-87.6795,-87.6948
407,-81.9265,-85.5796,-86.9687,-87.3475,-87.4843,-87.5572,-87.6044,-87.6376,-87.6623,-87.6814,-87.6965
408,-81.964,-85.612,-86.9824,-87.3538,-87.4885,-87.5605,-87.6071,-87.64,-87.6644,-87.6832,-87.6982
409,-82.0012,-85.6439,-86.9958,-87.36,-87.4926,-87.5638,-87.6098,-87.6423,-87.6665,-87.685,-87.6998
410,-82.0381,-85.6753,-87.009,-87.3661,-87.4967,-87.567,-87.6125,-87.6447,-87.6685,-87.6869,-87.7015
411,-82.0747,-85.7062,-87.0219,-87.3721,-87.5007,-87.5702,-87.6152,-87.647,-87.6705,-87.6887,-87.7031
412,-82.111,-85.7367,-87.0345,-87.3781,-87.5048,-87.5734,-87.6179,-87.6493,-87.6726,-87.6905,-87.7047
413,-82.147,-85.7667,-87.0469,-87.384,-87.5088,-87.5766,-87.6206,-87.6516,-87.6746,-87.6923,-87.7064
414,-82.1828,-85.7962,-87.059,-87.3898,-87.5128,-87.5798,-87.6232,-87.6539,-87.6766,-87.6941,-87.708
415,-82.2182,-85.8253,-87.071,-87.3955,-87.5167,-87.5829,-87.6259,-87.6561,-87.6786,-87.6958,-87.7096
416,-82.2534,-85.854,-87.0827,-87.4012,-87.5206,-87.586,-87.6285,-87.6584,-87.6806,-87.6976,-87.7112
417,-82.2884,-85.8823,-87.0941,-87.4069,-87.5245,-87.5892,-87.6311,-87.6607,-87.6825,-87.6994,-87.7127
418,-82.323,-85.9101,-87.1054,-87.4124,-87.5284,-87.5923,-87.6337,-87.6629,-87.6845,-87.7011,-87.7143
419,-82.3575,-85.9376,-87.1165,-87.418,-87.5323,-87.5953,-87.6363,-87.6651,-87.6865,-87.7029,-87.7159
420,-82.3916,-85.9646,-87.1274,-87.4234,-87.5361,-87.5984,-87.6389,-87.6673,-87.6884,-87.7046,-87.7174
421,-82.4256,-85.9913,-87.1381,-87.4288,-87.5399,-87.6015,-87.6414,-87.6695,-87.6903,-87.7063,-87.719
422,-82.4593,-86.0176,-87.1487,-87.4342,-87.5437,-87.6045,-87.644,-87.6717,-87.6922,-87.708,-87.7205
423,-82.4928,-86.0435,-87.159,-87.4395,-87.5475,-87.6075,-87.6465,-87.6739,-87.6942,-87.7097,-87.7221
424,-82.526,-86.069,-87.1692,-87.4447,-87.5512,-87.6105,-87.649,-87.6761,-87.6961,-87.7114,-87.7236
425,-82.5591,-86.0942,-87.1793,-87.4499,-87.555,-87.6135,-87.6515,-87.6782,-87.6979,-87.7131,-87.7251
426,-82.5919,-86.1191,-87.1891,-87.4551,-87.5587,-87.6165,-87.654,-87.6804,-87.6998,-87.7148,-87.7266
427,-82.6246,-86.1436,-87.1989,-87.4602,-87.5623,-87.6194,-87.6565,-87.6825,-87.7017,-87.7164,-87.7281
428,-82.657,-86.1677,-87.2084,-87.4653,-87.566,-87.6224,-87.6589,-87.6846,-87.7036,-87.7181,-87.7296
429,-82.6892,-86.1916,-87.2179,-87.4703,-87.5697,-87.6253,-87.6614,-87.6867,-87.7054,-87.7197,-87.7311
430,-82.7212,-86.2151,-87.2272,-87.4753,-87.5733,-87.6282,-87.6638,-87.6888,-87.7072,-87.7214,-87.7326
431,-82.7531,-86.2383,-87.2364,-87.4803,-87.5769,-87.6311,-87.6662,-87.6909,-87.7091,-87.723,-87.734
432,-82.7847,-86.2612,-87.2454,-87.4852,-87.5805,-87.634,-87.6687,-87.693,-87.7109,-87.7246,-87.7355
433,-82.8162,-86.2838,-87.2543,-87.4901,-87.584,-87.6368,-87.671,-87.695,-87.7127,-87.7262,-87.7369
434,-82.8475,-86.3061,-87.2631,-87.4949,-87.5876,-87.6397,-87.6734,-87.6971,-87.7145,-87.7278,-87.7384
435,-82.8786,-86.3281,-87.2718,-87.4998,-87.5911,-87.6425,-87.6758,-87.6991,-87.7163,-87.7294,-87.7398
436,-82.9096,-86.3499,-87.2804,-87.5045,-87.5946,-87.6453,-87.6782,-87.7011,-87.7181,-87.731,-87.7413
437,-82.9403,-86.3713,-87.2889,-87.5093,-87.5981,-87.6481,-87.6805,-87.7032,-87.7198,-87.7326,-87.7427
438,-82.971,-86.3925,-87.2972,-87.514,-87.6015,-87.6509,-87.6828,-87.7052,-87.7216,-87.7342,-87.7441
439,-83.0014,-86.4134,-87.3055,-87.5186,-87.605,-87.6537,-87.6852,-87.7072,-87.7233,-87.7357,-87.7455
440,-83.0317,-86.4341,-87.3136,-87.5233,-87.6084,-87.6564,-87.6875,-87.7092,-87.7251,-87.7373,-87.7469
441,-83.0619,-86.4544,-87.3217,-87.5279,-87.6118,-87.6592,-87.6898,-87.7111,-87.7268,-87.7388,-87.7483
442,-83.0919,-86.4746,-87.3296,-87.5325,-87.6152,-87.6619,-87.6921,-87.7131,-87.7285,-87.7403,-87.7497
443,-83.1217,-86.4945,-87.3375,-87.537,-87.6186,-87.6646,-87.6943,-87.715,-87.7302,-87.7419,-87.751
444,-83.1515,-86.5141,-87.3453,-87.5415,-87.6219,-87.6673,-87.6966,-87.717,-87.732,-87.7434,-87.7524
445,-83.181,-86.5336,-87.353,-87.546,-87.6253,-87.67,-87.6988,-87.7189,-87.7336,-87.7449,-87.7538
446,-83.2105,-86.5527,-87.3606,-87.5505,-87.6286,-87.6727,-87.7011,-87.7208,-87.7353,-87.7464,-87.7551
447,-83.2398,-86.5717,-87.3681,-87.5549,-87.6319,-87.6753,-87.7033,-87.7228,-87.737,-87.7479,-87.7564
448,-83.2689,-86.5904,-87.3756,-87.5593,-87.6352,-87.678,-87.7055,-87.7247,-87.7387,-87.7494,-87.7578
449,-83.298,-86.6089,-87.3829,-87.5637,-87.6385,-87.6806,-87.7077,-87.7265,-87.7403,-87.7508,-87.7591
450,-83.3269,-86.6272,-87.3902,-87.5681,-87.6417,-87.6832,-87.7099,-87.7284,-87.742,-87.7523,-87.7604
451,-83.3557,-86.6453,-87.3975,-87.5724,-87.6449,-87.6858,-87.7121,-87.7303,-87.7436,-87.7538,-87.7617
452,-83.3843,-86.6632,-87.4046,-87.5767,-87.6481,-87.6884,-87.7142,-87.7322,-87.7452,-87.7552,-87.7631
453,-83.4129,-86.6809,-87.4117,-87.581,-87.6513,-87.691,-87.7164,-87.734,-87.7469,-87.7567,-87.7644
454,-83.4413,-86.6983,-87.4187,-87.5852,-87.6545,-87.6935,-87.7185,-87.7358,-87.7485,-87.7581,-87.7657
455,-83.4696,-86.7156,-87.4256,-87.5894,-87.6577,-87.6961,-87.7207,-87.7377,-87.7501,-87.7595,-87.7669
456,-83.4978,-86.7327,-87.4325,-87.5936,-87.6608,-87.6986,-87.7228,-87.7395,-87.7517,-87.7609,-87.7682
457,-83.5259,-86.7496,-87.4393,-87.5978,-87.664,-87.7011,-87.7249,-87.7413,-87.7533,-87.7623,-87.7695
458,-83.5539,-86.7663,-87.4461,-87.602,-87.6671,-87.7036,-87.727,-87.7431,-87.7548,-87.7638,-87.7708
459,-83.5818,-86.7828,-87.4528,-87.6061,-87.6702,-87.7061,-87.7291,-87.7449,-87.7564,-87.7652,-87.772
460,-83.6096,-86.7992,-87.4594,-87.6102,-87.6733,-87.7086,-87.7311,-87.7467,-87.758,-87.7665,-87.7733
461,-83.6372,-86.8153,-87.466,-87.6143,-87.6763,-87.7111,-87.7332,-87.7484,-87.7595,-87.7679,-87.7745
462,-83.6648,-86.8313,-87.4725,-87.6183,-87.6794,-87.7135,-87.7352,-87.7502,-87.7611,-87.7693,-87.7757
463,-83.6922,-86.8471,-87.479,-87.6223,-87.6824,-87.716,-87.7373,-87.752,-87.7626,-87.7707,-87.777
464,-83.7196,-86.8628,-87.4854,-87.6263,-87.6854,-87.7184,-87.7393,-87.7537,-87.7641,-87.772,-87.7782
465,-83.7469,-86.8783,-87.4917,-87.6303,-87.6884,-87.7208,-87.7413,-87.7554,-87.7657,-87.7734,-87.7794
466,-83.7741,-86.8936,-87.498,-87.6343,-87.6914,-87.7232,-87.7433,-87.7572,-87.7672,-87.7747,-87.7806
467,-83.8012,-86.9088,-87.5043,-87.6382,-87.6944,-87.7256,-87.7453,-87.7589,-87.7687,-87.7761,-87.7818
468,-83.8281,-86.9238,-87.5105,-87.6422,-87.6973,-87.728,-87.7473,-87.7606,-87.7702,-87.7774,-87.783
469,-83.8551,-86.9387,-87.5166,-87.646,-87.7002,-87.7303,-87.7493,-87.7623,-87.7716,-87.7787,-87.7842
470,-83.8819,-86.9534,-87.5227,-87.6499,-87.7032,-87.7327,-87.7512,-87.764,-87.7731,-87.78,-87.7854
471,-83.9086,-86.968,-87.5288,-87.6538,-87.7061,-87.735,-87.7532,-87.7656,-87.7746,-87.7813,-87.7866
472,-83.9352,-86.9824,-87.5348,-87.6576,-87.7089,-87.7373,-87.7551,-87.7673,-87.7761,-87.7826,-87.7878
473,-83.9618,-86.9966,-87.5407,-87.6614,-87.7118,-87.7396,-87.7571,-87.769,-87.7775,-87.7839,-87.7889
474,-83.9883,-87.0108,-87.5467,-87.6652,-87.7147,-87.7419,-87.759,-87.7706,-87.779,-87.7852,-87.7901
475,-84.0147,-87.0248,-87.5525,-87.669,-87.7175,-87.7442,-87.7609,-87.7723,-87.7804,-87.7865,-87.7912
476,-84.041,-87.0386,-87.5584,-87.6727,-87.7203,-87.7465,-87.7628,-87.7739,-87.7818,-87.7878,-87.7924
477,-84.0672,-87.0524,-87.5642,-87.6764,-87.7231,-87.7487,-87.7647,-87.7755,-87.7832,-87.789,-87.7935
478,-84.0934,-87.066,-87.5699,-87.6801,-87.7259,-87.751,-87.7666,-87.7771,-87.7847,-87.7903,-87.7947
479,-84.1195,-87.0794,-87.5756,-87.6838,-87.7287,-87.7532,-87.7684,-87.7787,-87.7861,-87.7915,-87.7958
480,-84.1455,-87.0928,-87.5813,-87.6875,-87.7315,-87.7554,-87.7703,-87.7803,-87.7875,-87.7928,-87.7969
481,-84.1714,-87.106,-87.5869,-87.6911,-87.7342,-87.7577,-87.7721,-87.7819,-87.7889,-87.794,-87.798
482,-84.1973,-87.1191,-87.5925,-87.6948,-87.737,-87.7599,-87.774,-87.7835,-87.7902,-87.7953,-87.7991
483,-84.2231,-87.132,-87.598,-87.6984,-87.7397,-87.762,-87.7758,-87.7851,-87.7916,-87.7965,-87.8002
484,-84.2488,-87.1449,-87.6035,-87.702,-87.7424,-87.7642,-87.7776,-87.7866,-87.793,-87.7977,-87.8013
485,-84.2745,-87.1576,-87.609,-87.7055,-87.7451,-87.7664,-87.7794,-87.7882,-87.7944,-87.7989,-87.8024
486,-84.3,-87.1702,-87.6144,-87.7091,-87.7478,-87.7685,-87.7812,-87.7897,-87.7957,-87.8001,-87.8035
487,-84.3256,-87.1827,-87.6198,-87.7126,-87.7504,-87.7707,-87.783,-87.7913,-87.7971,-87.8013,-87.8046
488,-84.351,-87.1951,-87.6252,-87.7161,-87.7531,-87.7728,-87.7848,-87.7928,-87.7984,-87.8025,-87.8057
489,-84.3764,-87.2074,-87.6305,-87.7196,-87.7557,-87.7749,-87.7866,-87.7943,-87.7997,-87.8037,-87.8067
490,-84.4017,-87.2195,-87.6358,-87.7231,-87.7583,-87.777,-87.7883,-87.7958,-87.8011,-87.8049,-87.8078
491,-84.4269,-87.2316,-87.6411,-87.7265,-87.7609,-87.7791,-87.7901,-87.7973,-87.8024,-87.8061,-87.8089
492,-84.4521,-87.2435,-87.6463,-87.7299,-87.7635,-87.7812,-87.7918,-87.7988,-87.8037,-87.8072,-87.8099
493,-84.4772,-87.2554,-87.6515,-87.7334,-87.7661,-87.7833,-87.7936,-87.8003,-87.805,-87.8084,-87.811
494,-84.5023,-87.2671,-87.6566,-87.7368,-87.7687,-87.7853,-87.7953,-87.8018,-87.8063,-87.8095,-87.812
495,-84.5273,-87.2788,-87.6618,-87.7401,-87.7712,-87.7874,-87.797,-87.8033,-87.8076,-87.8107,-87.813
496,-84.5522,-87.2903,-87.6669,-87.7435,-87.7738,-87.7894,-87.7987,-87.8047,-87.8089,-87.8118,-87.8141
497,-84.5771,-87.3017,-87.6719,-87.7468,-87.7763,-87.7915,-87.8004,-87.8062,-87.8101,-87.813,-87.8151
498,-84.6019,-87.3131,-87.6769,-87.7502,-87.7788,-87.7935,-87.8021,-87.8076,-87.8114,-87.8141,-87.8161
499,-84.6267,-87.3243,-87.6819,-87.7535,-87.7813,-87.7955,-87.8038,-87.8091,-87.8127,-87.8152,-87.8171
500,-84.6514,-87.3355,-87.6869,-87.7567,-87.7838,-87.7975,-87.8054,-87.8105,-87.8139,-87.8163,-87.8181
501,-84.676,-87.3466,-87.6918,-87.76,-87.7863,-87.7995,-87.8071,-87.8119,-87.8152,-87.8175,-87.8191
502,-84.7006,-87.3575,-87.6967,-87.7633,-87.7887,-87.8014,-87.8088,-87.8134,-87.8164,-87.8186,-87.8201
503,-84.7251,-87.3684,-87.7016,-87.7665,-87.7912,-87.8034,-87.8104,-87.8148,-87.8177,-87.8197,-87.8211
504,-84.7496,-87.3792,-87.7065,-87.7697,-87.7936,-87.8054,-87.812,-87.8162,-87.8189,-87.8208,-87.8221
505,-84.774,-87.3899,-87.7113,-87.7729,-87.796,-87.8073,-87.8137,-87.8176,-87.8201,-87.8218,-87.8231
506,-84.7984,-87.4005,-87.7161,-87.7761,-87.7984,-87.8092,-87.8153,-87.819,-87.8213,-87.8229,-87.8241
507,-84.8227,-87.4111,-87.7208,-87.7793,-87.8008,-87.8112,-87.8169,-87.8203,-87.8225,-87.824,-87.825
508,-84.8469,-87.4215,-87.7256,-87.7824,-87.8032,-87.8131,-87.8185,-87.8217,-87.8237,-87.8251,-87.826
509,-84.8711,-87.4319,-87.7303,-87.7855,-87.8055,-87.815,-87.8201,-87.8231,-87.8249,-87.8261,-87.827
510,-84.8952,-87.4421,-87.7349,-87.7887,-87.8079,-87.8169,-87.8216,-87.8244,-87.8261,-87.8272,-87.8279
511,-84.9193,-87.4523,-87.7396,-87.7918,-87.8102,-87.8187,-87.8232,-87.8258,-87.8273,-87.8283,-87.8289
512,-84.9434,-87.4625,-87.7442,-87.7948,-87.8126,-87.8206,-87.8248,-87.8271,-87.8285,-87.8293,-87.8298
513,-84.9674,-87.4725,-87.7488,-87.7979,-87.8149,-87.8225,-87.8263,-87.8285,-87.8297,-87.8304,-87.8308
514,-84.9913,-87.4825,-87.7533,-87.8009,-87.8172,-87.8243,-87.8279,-87.8298,-87.8308,-87.8314,-87.8317
515,-85.0152,-87.4923,-87.7579,-87.804,-87.8195,-87.8262,-87.8294,-87.8311,-87.832,-87.8324,-87.8326
516,-85.039,-87.5022,-87.7624,-87.807,-87.8218,-87.828,-87.831,-87.8324,-87.8331,-87.8334,-87.8335
517,-85.0628,-87.5119,-87.7669,-87.81,-87.824,-87.8298,-87.8325,-87.8337,-87.8343,-87.8345,-87.8345
518,-85.0865,-87.5216,-87.7713,-87.813,-87.8263,-87.8316,-87.834,-87.835,-87.8354,-87.8355,-87.8354
519,-85.1102,-87.5311,-87.7758,-87.8159,-87.8285,-87.8334,-87.8355,-87.8363,-87.8366,-87.8365,-87.8363
520,-85.1338,-87.5407,-87.7802,-87.8189,-87.8307,-87.8352,-87.837,-87.8376,-87.8377,-87.8375,-87.8372
521,-85.1574,-87.5501,-87.7846,-87.8218,-87.833,-87.837,-87.8385,-87.8389,-87.8388,-87.8385,-87.8381
522,-85.181,-87.5595,-87.7889,-87.8248,-87.8352,-87.8388,-87.84,-87.8402,-87.8399,-87.8395,-87.839
523,-85.2045,-87.5688,-87.7933,-87.8277,-87.8374,-87.8406,-87.8414,-87.8414,-87.841,-87.8405,-87.8399
524,-85.2279,-87.578,-87.7976,-87.8305,-87.8395,-87.8423,-87.8429,-87.8427,-87.8421,-87.8415,-87.8408
525,-85.2513,-87.5872,-87.8019,-87.8334,-87.8417,-87.8441,-87.8444,-87.844,-87.8432,-87.8424,-87.8417
526,-85.2746,-87.5963,-87.8061,-87.8363,-87.8439,-87.8458,-87.8458,-87.8452,-87.8443,-87.8434,-87.8425
527,-85.298,-87.6053,-87.8104,-87.8391,-87.846,-87.8475,-87.8473,-87.8464,-87.8454,-87.8444,-87.8434
528,-85.3212,-87.6143,-87.8146,-87.842,-87.8482,-87.8492,-87.8487,-87.8477,-87.8465,-87.8453,-87.8443
529,-85.3444,-87.6232,-87.8188,-87.8448,-87.8503,-87.8509,-87.8501,-87.8489,-87.8476,-87.8463,-87.8451
530,-85.3676,-87.632,-87.8229,-87.8476,-87.8524,-87.8526,-87.8516,-87.8501,-87.8487,-87.8473,-87.846
531,-85.3907,-87.6408,-87.8271,-87.8503,-87.8545,-87.8543,-87.853,-87.8513,-87.8497,-87.8482,-87.8468
532,-85.4138,-87.6495,-87.8312,-87.8531,-87.8566,-87.856,-87.8544,-87.8526,-87.8508,-87.8492,-87.8477
533,-85.4368,-87.6582,-87.8353,-87.8559,-87.8587,-87.8577,-87.8558,-87.8538,-87.8518,-87.8501,-87.8485
534,-85.4598,-87.6667,-87.8394,-87.8586,-87.8608,-87.8593,-87.8572,-87.8549,-87.8529,-87.851,-87.8494
535,-85.4827,-87.6753,-87.8434,-87.8613,-87.8628,-87.861,-87.8585,-87.8561,-87.8539,-87.8519,-87.8502
536,-85.5056,-87.6837,-87.8474,-87.864,-87.8649,-87.8627,-87.8599,-87.8573,-87.855,-87.8529,-87.8511
537,-85.5284,-87.6922,-87.8514,-87.8667,-87.8669,-87.8643,-87.8613,-87.8585,-87.856,-87.8538,-87.8519
538,-85.5512,-87.7005,-87.8554,-87.8694,-87.8689,-87.8659,-87.8627,-87.8597,-87.857,-87.8547,-87.8527
539,-85.574,-87.7088,-87.8594,-87.8721,-87.8709,-87.8675,-87.864,-87.8608,-87.858,-87.8556,-87.8535
540,-85.5967,-87.717,-87.8633,-87.8747,-87.8729,-87.8691,-87.8654,-87.862,-87.8591,-87.8565,-87.8543
541,-85.6194,-87.7252,-87.8672,-87.8774,-87.8749,-87.8708,-87.8667,-87.8631,-87.8601,-87.8574,-87.8551
542,-85.642,-87.7333,-87.8711,-87.88,-87.8769,-87.8723,-87.868,-87.8643,-87.8611,-87.8583,-87.856
543,-85.6646,-87.7414,-87.875,-87.8826,-87.8789,-87.8739,-87.8694,-87.8654,-87.8621,-87.8592,-87.8568
544,-85.6871,-87.7494,-87.8789,-87.8852,-87.8809,-87.8755,-87.8707,-87.8666,-87.8631,-87.8601,-87.8576
545,-85.7096,-87.7574,-87.8827,-87.8878,-87.8828,-87.8771,-87.872,-87.8677,-87.8641,-87.861,-87.8583
546,-85.7321,-87.7653,-87.8865,-87.8904,-87.8848,-87.8786,-87.8733,-87.8688,-87.865,-87.8618,-87.8591
547,-85.7545,-87.7731,-87.8903,-87.8929,-87.8867,-87.8802,-87.8746,-87.8699,-87.866,-87.8627,-87.8599
548,-85.7769,-87.781,-87.8941,-87.8955,-87.8886,-87.8817,-87.8759,-87.871,-87.867,-87.8636,-87.8607
549,-85.7992,-87.7887,-87.8978,-87.898,-87.8905,-87.8833,-87.8772,-87.8721,-87.868,-87.8644,-87.8615
550,-85.8215,-87.7964,-87.9016,-87.9005,-87.8924,-87.8848,-87.8785,-87.8732,-87.8689,-87.8653,-87.8623
551,-85.8437,-87.804,-87.9053,-87.903,-87.8943,-87.8863,-87.8797,-87.8743,-87.8699,-87.8662,-87.863
552,-85.8659,-87.8116,-87.909,-87.9055,-87.8962,-87.8878,-87.881,-87.8754,-87.8708,-87.867,-87.8638
553,-85.8881,-87.8192,-87.9126,-87.908,-87.8981,-87.8893,-87.8822,-87.8765,-87.8718,-87.8678,-87.8645
554,-85.9102,-87.8267,-87.9163,-87.9104,-87.8999,-87.8908,-87.8835,-87.8776,-87.8727,-87.8687,-87.8653
555,-85.9323,-87.8341,-87.9199,-87.9129,-87.9018,-87.8923,-87.8847,-87.8787,-87.8737,-87.8695,-87.8661
556,-85.9543,-87.8415,-87.9235,-87.9153,-87.9036,-87.8938,-87.886,-87.8797,-87.8746,-87.8704,-87.8668
557,-85.9763,-87.8489,-87.9271,-87.9177,-87.9055,-87.8953,-87.8872,-87.8808,-87.8755,-87.8712,-87.8676
558,-85.9983,-87.8562,-87.9307,-87.9202,-87.9073,-87.8968,-87.8884,-87.8818,-87.8764,-87.872,-87.8683
559,-86.0202,-87.8635,-87.9343,-87.9226,-87.9091,-87.8982,-87.8897,-87.8829,-87.8774,-87.8728,-87.869
560,-86.0421,-87.8707,-87.9378,-87.9249,-87.9109,-87.8997,-87.8909,-87.8839,-87.8783,-87.8736,-87.8698
561,-86.0639,-87.8778,-87.9413,-87.9273,-87.9127,-87.9011,-87.8921,-87.885,-87.8792,-87.8744,-87.8705
562,-86.0857,-87.885,-87.9448,-87.9297,-87.9145,-87.9025,-87.8933,-87.886,-87.8801,-87.8753,-87.8712
563,-86.1075,-87.892,-87.9483,-87.932,-87.9163,-87.904,-87.8945,-87.887,-87.881,-87.8761,-87.8719
564,-86.1292,-87.8991,-87.9518,-87.9344,-87.918,-87.9054,-87.8957,-87.888,-87.8819,-87.8769,-87.8727
565,-86.1509,-87.9061,-87.9552,-87.9367,-87.9198,-87.9068,-87.8969,-87.8891,-87.8828,-87.8776,-87.8734
566,-86.1725,-87.913,-87.9586,-87.939,-87.9215,-87.9082,-87.898,-87.8901,-87.8837,-87.8784,-87.8741
567,-86.1941,-87.9199,-87.962,-87.9413,-87.9233,-87.9096,-87.8992,-87.8911,-87.8846,-87.8792,-87.8748
568,-86.2156,-87.9268,-87.9654,-87.9436,-87.925,-87.911,-87.9004,-87.8921,-87.8854,-87.88,-87.8755
569,-86.2371,-87.9336,-87.9688,-87.9459,-87.9267,-87.9124,-87.9015,-87.8931,-87.8863,-87.8808,-87.8762
570,-86.2586,-87.9404,-87.9721,-87.9481,-87.9284,-87.9138,-87.9027,-87.8941,-87.8872,-87.8816,-87.8769
571,-86.2801,-87.9471,-87.9755,-87.9504,-87.9301,-87.9151,-87.9038,-87.895,-87.888,-87.8823,-87.8776
572,-86.3014,-87.9538,-87.9788,-87.9526,-87.9318,-87.9165,-87.905,-87.896,-87.8889,-87.8831,-87.8783
573,-86.3228,-87.9604,-87.9821,-87.9549,-87.9335,-87.9179,-87.9061,-87.897,-87.8897,-87.8838,-87.879
574,-86.3441,-87.967,-87.9854,-87.9571,-87.9352,-87.9192,-87.9072,-87.898,-87.8906,-87.8846,-87.8796
575,-86.3654,-87.9736,-87.9886,-87.9593,-87.9369,-87.9205,-87.9083,-87.8989,-87.8914,-87.8854,-87.8803
576,-86.3866,-87.9801,-87.9919,-87.9615,-87.9385,-87.9219,-87.9095,-87.8999,-87.8923,-87.8861,-87.881
577,-86.4078,-87.9866,-87.9951,-87.9637,-87.9402,-87.9232,-87.9106,-87.9008,-87.8931,-87.8869,-87.8817
578,-86.429,-87.9931,-87.9983,-87.9658,-87.9418,-87.9245,-87.9117,-87.9018,-87.894,-87.8876,-87.8823
579,-86.4501,-87.9995,-88.0015,-87.968,-87.9435,-87.9259,-87.9128,-87.9027,-87.8948,-87.8883,-87.883
580,-86.4712,-88.0059,-88.0047,-87.9702,-87.9451,-87.9272,-87.9139,-87.9037,-87.8956,-87.8891,-87.8837
581,-86.4922,-88.0122,-88.0079,-87.9723,-87.9467,-87.9285,-87.915,-87.9046,-87.8964,-87.8898,-87.8843
582,-86.5132,-88.0185,-88.011,-87.9744,-87.9483,-87.9298,-87.916,-87.9056,-87.8972,-87.8905,-87.885
583,-86.5342,-88.0248,-88.0142,-87.9765,-87.9499,-87.931,-87.9171,-87.9065,-87.8981,-87.8913,-87.8856
584,-86.5551,-88.031,-88.0173,-87.9787,-87.9515,-87.9323,-87.9182,-87.9074,-87.8989,-87.892,-87.8863
585,-86.576,-88.0372,-88.0204,-87.9807,-87.9531,-87.9336,-87.9193,-87.9083,-87.8997,-87.8927,-87.8869
586,-86.5969,-88.0433,-88.0235,-87.9828,-87.9547,-87.9349,-87.9203,-87.9092,-87.9005,-87.8934,-87.8876
587,-86.6177,-88.0494,-88.0265,-87.9849,-87.9562,-87.9361,-87.9214,-87.9101,-87.9013,-87.8941,-87.8882
588,-86.6385,-88.0555,-88.0296,-87.987,-87.9578,-87.9374,-87.9224,-87.911,-87.9021,-87.8948,-87.8888
589,-86.6592,-88.0616,-88.0326,-87.989,-87.9594,-87.9386,-87.9235,-87.9119,-87.9028,-87.8955,-87.8895
590,-86.6799,-88.0676,-88.0356,-87.9911,-87.9609,-87.9399,-87.9245,-87.9128,-87.9036,-87.8962,-87.8901
591,-86.7006,-88.0735,-88.0386,-87.9931,-87.9624,-87.9411,-87.9255,-87.9137,-87.9044,-87.8969,-87.8907
592,-86.7212,-88.0795,-88.0416,-87.9951,-87.964,-87.9423,-87.9266,-87.9146,-87.9052,-87.8976,-87.8914
593,-86.7418,-88.0854,-88.0446,-87.9971,-87.9655,-87.9436,-87.9276,-87.9155,-87.906,-87.8983,-87.892
594,-86.7623,-88.0912,-88.0475,-87.9991,-87.967,-87.9448,-87.9286,-87.9164,-87.9067,-87.899,-87.8926
595,-86.7828,-88.0971,-88.0505,-88.0011,-87.9685,-87.946,-87.9296,-87.9172,-87.9075,-87.8996,-87.8932
596,-86.8033,-88.1029,-88.0534,-88.0031,-87.97,-87.9472,-87.9306,-87.9181,-87.9082,-87.9003,-87.8938
597,-86.8237,-88.1087,-88.0563,-88.0051,-87.9715,-87.9484,-87.9316,-87.919,-87.909,-87.901,-87.8944
598,-86.8441,-88.1144,-88.0592,-88.007,-87.973,-87.9496,-87.9326,-87.9198,-87.9098,-87.9017,-87.895
599,-86.8645,-88.1201,-88.0621,-88.009,-87.9745,-87.9508,-87.9336,-87.9207,-87.9105,-87.9023,-87.8956
600,-86.8848,-88.1258,-88.065,-88.0109,-87.9759,-87.952,-87.9346,-87.9215,-87.9113,-87.903,-87.8962
601,-86.9051,-88.1314,-88.0678,-88.0129,-87.9774,-87.9531,-87.9356,-87.9224,-87.912,-87.9037,-87.8968
602,-86.9254,-88.137,-88.0707,-88.0148,-87.9788,-87.9543,-87.9366,-87.9232,-87.9127,-87.9043,-87.8974
603,-86.9456,-88.1426,-88.0735,-88.0167,-87.9803,-87.9555,-87.9376,-87.924,-87.9135,-87.905,-87.898
604,-86.9657,-88.1481,-88.0763,-88.0186,-87.9817,-87.9566,-87.9385,-87.9249,-87.9142,-87.9056,-87.8986
605,-86.9859,-88.1536,-88.0791,-88.0205,-87.9832,-87.9578,-87.9395,-87.9257,-87.9149,-87.9063,-87.8992
606,-87.006,-88.1591,-88.0819,-88.0224,-87.9846,-87.9589,-87.9404,-87.9265,-87.9156,-87.9069,-87.8997
607,-87.026,-88.1646,-88.0846,-88.0242,-87.986,-87.9601,-87.9414,-87.9273,-87.9164,-87.9075,-87.9003
608,-87.0461,-88.17,-88.0874,-88.0261,-87.9874,-87.9612,-87.9423,-87.9282,-87.9171,-87.9082,-87.9009
609,-87.0661,-88.1754,-88.0901,-88.028,-87.9888,-87.9623,-87.9433,-87.929,-87.9178,-87.9088,-87.9015
610,-87.086,-88.1807,-88.0929,-88.0298,-87.9902,-87.9634,-87.9442,-87.9298,-87.9185,-87.9094,-87.902
611,-87.1059,-88.1861,-88.0956,-88.0316,-87.9916,-87.9646,-87.9452,-87.9306,-87.9192,-87.9101,-87.9026
612,-87.1258,-88.1914,-88.0983,-88.0335,-87.993,-87.9657,-87.9461,-87.9314,-87.9199,-87.9107,-87.9032
613,-87.1457,-88.1967,-88.1009,-88.0353,-87.9943,-87.9668,-87.947,-87.9322,-87.9206,-87.9113,-87.9037
614,-87.1655,-88.2019,-88.1036,-88.0371,-87.9957,-87.9679,-87.9479,-87.933,-87.9213,-87.9119,-87.9043
615,-87.1852,-88.2071,-88.1063,-88.0389,-87.9971,-87.969,-87.9489,-87.9338,-87.922,-87.9126,-87.9048
616,-87.205,-88.2123,-88.1089,-88.0407,-87.9984,-87.9701,-87.9498,-87.9345,-87.9227,-87.9132,-87.9054
617,-87.2247,-88.2175,-88.1115,-88.0424,-87.9998,-87.9711,-87.9507,-87.9353,-87.9234,-87.9138,-87.9059
618,-87.2443,-88.2226,-88.1142,-88.0442,-88.0011,-87.9722,-87.9516,-87.9361,-87.924,-87.9144,-87.9065
619,-87.264,-88.2277,-88.1168,-88.046,-88.0024,-87.9733,-87.9525,-87.9369,-87.9247,-87.915,-87.907
620,-87.2836,-88.2328,-88.1193,-88.0477,-88.0038,-87.9744,-87.9534,-87.9376,-87.9254,-87.9156,-87.9076
621,-87.3031,-88.2378,-88.1219,-88.0495,-88.0051,-87.9754,-87.9542,-87.9384,-87.9261,-87.9162,-87.9081
622,-87.3226,-88.2428,-88.1245,-88.0512,-88.0064,-87.9765,-87.9551,-87.9392,-87.9267,-87.9168,-87.9086
623,-87.3421,-88.2478,-88.127,-88.0529,-88.0077,-87.9775,-87.956,-87.9399,-87.9274,-87.9174,-87.9092
624,-87.3616,-88.2528,-88.1296,-88.0547,-88.009,-87.9786,-87.9569,-87.9407,-87.928,-87.918,-87.9097
625,-87.381,-88.2577,-88.1321,-88.0564,-88.0103,-87.9796,-87.9578,-87.9414,-87.9287,-87.9185,-87.9102
626,-87.4004,-88.2626,-88.1346,-88.0581,-88.0116,-87.9807,-87.9586,-87.9422,-87.9294,-87.9191,-87.9108
627,-87.4197,-88.2675,-88.1371,-88.0598,-88.0129,-87.9817,-87.9595,-87.9429,-87.93,-87.9197,-87.9113
628,-87.439,-88.2724,-88.1396,-88.0615,-88.0142,-87.9827,-87.9603,-87.9436,-87.9307,-87.9203,-87.9118
629,-87.4583,-88.2772,-88.1421,-88.0631,-88.0154,-87.9837,-87.9612,-87.9444,-87.9313,-87.9208,-87.9123
630,-87.4775,-88.282,-88.1445,-88.0648,-88.0167,-87.9847,-87.9621,-87.9451,-87.9319,-87.9214,-87.9128
631,-87.4967,-88.2868,-88.147,-88.0665,-88.0179,-87.9858,-87.9629,-87.9458,-87.9326,-87.922,-87.9133
632,-87.5159,-88.2916,-88.1494,-88.0681,-88.0192,-87.9868,-87.9637,-87.9466,-87.9332,-87.9226,-87.9139
633,-87.535,-88.2963,-88.1519,-88.0698,-88.0204,-87.9878,-87.9646,-87.9473,-87.9338,-87.9231,-87.9144
634,-87.5541,-88.301,-88.1543,-88.0714,-88.0217,-87.9888,-87.9654,-87.948,-87.9345,-87.9237,-87.9149
635,-87.5732,-88.3057,-88.1567,-88.073,-88.0229,-87.9897,-87.9662,-87.9487,-87.9351,-87.9242,-87.9154
636,-87.5922,-88.3103,-88.1591,-88.0746,-88.0241,-87.9907,-87.9671,-87.9494,-87.9357,-87.9248,-87.9159
637,-87.6112,-88.315,-88.1614,-88.0762,-88.0253,-87.9917,-87.9679,-87.9501,-87.9363,-87.9253,-87.9164
638,-87.6302,-88.3196,-88.1638,-88.0778,-88.0266,-87.9927,-87.9687,-87.9508,-87.9369,-87.9259,-87.9169
639,-87.6491,-88.3242,-88.1662,-88.0794,-88.0278,-87.9937,-87.9695,-87.9515,-87.9376,-87.9264,-87.9173
640,-87.668,-88.3287,-88.1685,-88.081,-88.029,-87.9946,-87.9703,-87.9522,-87.9382,-87.927,-87.9178
641,-87.6868,-88.3333,-88.1708,-88.0826,-88.0302,-87.9956,-87.9711,-87.9529,-87.9388,-87.9275,-87.9183
642,-87.7056,-88.3378,-88.1732,-88.0842,-88.0313,-87.9965,-87.9719,-87.9536,-87.9394,-87.9281,-87.9188
643,-87.7244,-88.3423,-88.1755,-88.0857,-88.0325,-87.9975,-87.9727,-87.9543,-87.94,-87.9286,-87.9193
644,-87.7432,-88.3467,-88.1778,-88.0873,-88.0337,-87.9984,-87.9735,-87.955,-87.9406,-87.9291,-87.9198
645,-87.7619,-88.3512,-88.18,-88.0888,-88.0349,-87.9994,-87.9743,-87.9556,-87.9412,-87.9296,-87.9203
646,-87.7806,-88.3556,-88.1823,-88.0904,-88.036,-88.0003,-87.9751,-87.9563,-87.9418,-87.9302,-87.9207
647,-87.7992,-88.36,-88.1846,-88.0919,-88.0372,-88.0013,-87.9759,-87.957,-87.9424,-87.9307,-87.9212
648,-87.8178,-88.3644,-88.1868,-88.0935,-88.0384,-88.0022,-87.9766,-87.9576,-87.9429,-87.9312,-87.9217
649,-87.8364,-88.3687,-88.1891,-88.095,-88.0395,-88.0031,-87.9774,-87.9583,-87.9435,-87.9317,-87.9221
650,-87.855,-88.3731,-88.1913,-88.0965,-88.0407,-88.004,-87.9782,-87.959,-87.9441,-87.9323,-87.9226
651,-87.8735,-88.3774,-88.1935,-88.098,-88.0418,-88.005,-87.979,-87.9596,-87.9447,-87.9328,-87.9231
652,-87.892,-88.3817,-88.1957,-88.0995,-88.0429,-88.0059,-87.9797,-87.9603,-87.9453,-87.9333,-87.9235
653,-87.9104,-88.3859,-88.1979,-88.101,-88.0441,-88.0068,-87.9805,-87.9609,-87.9458,-87.9338,-87.924
654,-87.9288,-88.3902,-88.2001,-88.1024,-88.0452,-88.0077,-87.9812,-87.9616,-87.9464,-87.9343,-87.9244
655,-87.9472,-88.3944,-88.2023,-88.1039,-88.0463,-88.0086,-87.982,-87.9622,-87.947,-87.9348,-87.9249
656,-87.9655,-88.3986,-88.2045,-88.1054,-88.0474,-88.0095,-87.9827,-87.9629,-87.9475,-87.9353,-87.9254
657,-87.9839,-88.4028,-88.2066,-88.1069,-88.0485,-88.0104,-87.9835,-87.9635,-87.9481,-87.9358,-87.9258
658,-88.0021,-88.4069,-88.2088,-88.1083,-88.0496,-88.0112,-87.9842,-87.9642,-87.9486,-87.9363,-87.9263
659,-88.0204,-88.4111,-88.2109,-88.1098,-88.0507,-88.0121,-87.9849,-87.9648,-87.9492,-87.9368,-87.9267
660,-88.0386,-88.4152,-88.213,-88.1112,-88.0518,-88.013,-87.9857,-87.9654,-87.9498,-87.9373,-87.9271
661,-88.0568,-88.4193,-88.2151,-88.1126,-88.0529,-88.0139,-87.9864,-87.966,-87.9503,-87.9378,-87.9276
662,-88.0749,-88.4233,-88.2172,-88.114,-88.0539,-88.0147,-87.9871,-87.9667,-87.9509,-87.9383,-87.928
663,-88.093,-88.4274,-88.2193,-88.1155,-88.055,-88.0156,-87.9879,-87.9673,-87.9514,-87.9388,-87.9285
664,-88.1111,-88.4314,-88.2214,-88.1169,-88.0561,-88.0165,-87.9886,-87.9679,-87.9519,-87.9392,-87.9289
665,-88.1292,-88.4354,-88.2235,-88.1183,-88.0572,-88.0173,-87.9893,-87.9685,-87.9525,-87.9397,-87.9293
666,-88.1472,-88.4394,-88.2255,-88.1197,-88.0582,-88.0182,-87.99,-87.9691,-87.953,-87.9402,-87.9298
667,-88.1652,-88.4434,-88.2276,-88.1211,-88.0593,-88.019,-87.9907,-87.9697,-87.9536,-87.9407,-87.9302
668,-88.1831,-88.4474,-88.2296,-88.1225,-88.0603,-88.0198,-87.9914,-87.9704,-87.9541,-87.9411,-87.9306
669,-88.201,-88.4513,-88.2317,-88.1238,-88.0614,-88.0207,-87.9921,-87.971,-87.9546,-87.9416,-87.931
670,-88.2189,-88.4552,-88.2337,-88.1252,-88.0624,-88.0215,-87.9928,-87.9716,-87.9551,-87.9421,-87.9315
671,-88.2368,-88.4591,-88.2357,-88.1266,-88.0634,-88.0224,-87.9935,-87.9722,-87.9557,-87.9426,-87.9319
672,-88.2546,-88.463,-88.2377,-88.1279,-88.0644,-88.0232,-87.9942,-87.9727,-87.9562,-87.943,-87.9323
673,-88.2724,-88.4668,-88.2397,-88.1293,-88.0655,-88.024,-87.9949,-87.9733,-87.9567,-87.9435,-87.9327
674,-88.2901,-88.4707,-88.2417,-88.1306,-88.0665,-88.0248,-87.9956,-87.9739,-87.9572,-87.9439,-87.9331
675,-88.3079,-88.4745,-88.2437,-88.132,-88.0675,-88.0256,-87.9963,-87.9745,-87.9577,-87.9444,-87.9335
676,-88.3256,-88.4783,-88.2456,-88.1333,-88.0685,-88.0264,-87.9969,-87.9751,-87.9582,-87.9449,-87.934
677,-88.3432,-88.4821,-88.2476,-88.1346,-88.0695,-88.0273,-87.9976,-87.9757,-87.9588,-87.9453,-87.9344
678,-88.3609,-88.4859,-88.2495,-88.1359,-88.0705,-88.0281,-87.9983,-87.9763,-87.9593,-87.9458,-87.9348
679,-88.3785,-88.4896,-88.2515,-88.1372,-88.0715,-88.0289,-87.999,-87.9768,-87.9598,-87.9462,-87.9352
680,-88.396,-88.4933,-88.2534,-88.1386,-88.0725,-88.0296,-87.9996,-87.9774,-87.9603,-87.9467,-87.9356
681,-88.4136,-88.497,-88.2553,-88.1399,-88.0735,-88.0304,-88.0003,-87.978,-87.9608,-87.9471,-87.936
682,-88.4311,-88.5007,-88.2572,-88.1411,-88.0745,-88.0312,-88.0009,-87.9785,-87.9613,-87.9475,-87.9364
683,-88.4485,-88.5044,-88.2591,-88.1424,-88.0754,-88.032,-88.0016,-87.9791,-87.9618,-87.948,-87.9368
684,-88.466,-88.5081,-88.261,-88.1437,-88.0764,-88.0328,-88.0022,-87.9797,-87.9622,-87.9484,-87.9372
685,-88.4834,-88.5117,-88.2629,-88.145,-88.0774,-88.0336,-88.0029,-87.9802,-87.9627,-87.9489,-87.9376
686,-88.5008,-88.5153,-88.2648,-88.1463,-88.0783,-88.0343,-88.0035,-87.9808,-87.9632,-87.9493,-87.938
687,-88.5181,-88.5189,-88.2667,-88.1475,-88.0793,-88.0351,-88.0042,-87.9813,-87.9637,-87.9497,-87.9383
688,-88.5354,-88.5225,-88.2685,-88.1488,-88.0802,-88.0359,-88.0048,-87.9819,-87.9642,-87.9502,-87.9387
689,-88.5527,-88.5261,-88.2704,-88.15,-88.0812,-88.0366,-88.0055,-87.9824,-87.9647,-87.9506,-87.9391
690,-88.57,-88.5296,-88.2722,-88.1513,-88.0821,-88.0374,-88.0061,-87.983,-87.9652,-87.951,-87.9395
691,-88.5872,-88.5331,-88.274,-88.1525,-88.0831,-88.0381,-88.0067,-87.9835,-87.9656,-87.9514,-87.9399
692,-88.6044,-88.5367,-88.2759,-88.1538,-88.084,-88.0389,-88.0074,-87.9841,-87.9661,-87.9519,-87.9403
693,-88.6216,-88.5402,-88.2777,-88.155,-88.0849,-88.0396,-88.008,-87.9846,-87.9666,-87.9523,-87.9406
694,-88.6387,-88.5436,-88.2795,-88.1562,-88.0858,-88.0404,-88.0086,-87.9851,-87.967,-87.9527,-87.941
695,-88.6558,-88.5471,-88.2813,-88.1574,-88.0868,-88.0411,-88.0092,-87.9857,-87.9675,-87.9531,-87.9414
696,-88.6729,-88.5506,-88.2831,-88.1586,-88.0877,-88.0419,-88.0098,-87.9862,-87.968,-87.9535,-87.9418
697,-88.6899,-88.554,-88.2848,-88.1598,-88.0886,-88.0426,-88.0105,-87.9867,-87.9684,-87.9539,-87.9421
698,-88.7069,-88.5574,-88.2866,-88.161,-88.0895,-88.0433,-88.0111,-87.9872,-87.9689,-87.9543,-87.9425
699,-88.7239,-88.5608,-88.2884,-88.1622,-88.0904,-88.0441,-88.0117,-87.9878,-87.9694,-87.9547,-87.9429
700,-88.7409,-88.5642,-88.2901,-88.1634,-88.0913,-88.0448,-88.0123,-87.9883,-87.9698,-87.9552,-87.9432
701,-88.7578,-88.5676,-88.2919,-88.1646,-88.0922,-88.0455,-88.0129,-87.9888,-87.9703,-87.9556,-87.9436
702,-88.7747,-88.5709,-88.2936,-88.1658,-88.0931,-88.0462,-88.0135,-87.9893,-87.9707,-87.956,-87.944
703,-88.7916,-88.5743,-88.2953,-88.1669,-88.094,-88.0469,-88.0141,-87.9898,-87.9712,-87.9564,-87.9443
704,-88.8084,-88.5776,-88.2971,-88.1681,-88.0948,-88.0476,-88.0147,-87.9903,-87.9716,-87.9568,-87.9447
705,-88.8252,-88.5809,-88.2988,-88.1693,-88.0957,-88.0483,-88.0153,-87.9908,-87.9721,-87.9572,-87.9451
706,-88.842,-88.5842,-88.3005,-88.1704,-88.0966,-88.049,-88.0158,-87.9914,-87.9725,-87.9576,-87.9454
707,-88.8587,-88.5875,-88.3022,-88.1716,-88.0975,-88.0497,-88.0164,-87.9919,-87.9729,-87.9579,-87.9458
708,-88.8755,-88.5907,-88.3039,-88.1727,-88.0983,-88.0504,-88.017,-87.9924,-87.9734,-87.9583,-87.9461
709,-88.8921,-88.594,-88.3055,-88.1739,-88.0992,-88.0511,-88.0176,-87.9929,-87.9738,-87.9587,-87.9465
710,-88.9088,-88.5972,-88.3072,-88.175,-88.1001,-88.0518,-88.0182,-87.9933,-87.9743,-87.9591,-87.9468
711,-88.9254,-88.6004,-88.3089,-88.1761,-88.1009,-88.0525,-88.0187,-87.9938,-87.9747,-87.9595,-87.9472
712,-88.942,-88.6036,-88.3105,-88.1772,-88.1018,-88.0532,-88.0193,-87.9943,-87.9751,-87.9599,-87.9475
713,-88.9586,-88.6068,-88.3122,-88.1784,-88.1026,-88.0539,-88.0199,-87.9948,-87.9755,-87.9603,-87.9478
714,-88.9752,-88.61,-88.3138,-88.1795,-88.1034,-88.0545,-88.0204,-87.9953,-87.976,-87.9606,-87.9482
715,-88.9917,-88.6131,-88.3155,-88.1806,-88.1043,-88.0552,-88.021,-87.9958,-87.9764,-87.961,-87.9485
716,-89.0082,-88.6163,-88.3171,-88.1817,-88.1051,-88.0559,-88.0216,-87.9963,-87.9768,-87.9614,-87.9489
717,-89.0246,-88.6194,-88.3187,-88.1828,-88.1059,-88.0566,-88.0221,-87.9968,-87.9772,-87.9618,-87.9492
718,-89.0411,-88.6225,-88.3203,-88.1839,-88.1068,-88.0572,-88.0227,-87.9972,-87.9777,-87.9621,-87.9495
719,-89.0575,-88.6256,-88.3219,-88.185,-88.1076,-88.0579,-88.0232,-87.9977,-87.9781,-87.9625,-87.9499
720,-89.0738,-88.6287,-88.3235,-88.186,-88.1084,-88.0585,-88.0238,-87.9982,-87.9785,-87.9629,-87.9502
721,-89.0902,-88.6317,-88.3251,-88.1871,-88.1092,-88.0592,-88.0243,-87.9986,-87.9789,-87.9633,-87.9505
722,-89.1065,-88.6348,-88.3267,-88.1882,-88.11,-88.0598,-88.0249,-87.9991,-87.9793,-87.9636,-87.9509
723,-89.1228,-88.6378,-88.3283,-88.1892,-88.1108,-88.0605,-88.0254,-87.9996,-87.9797,-87.964,-87.9512
724,-89.1391,-88.6409,-88.3299,-88.1903,-88.1116,-88.0611,-88.026,-88,-87.9801,-87.9643,-87.9515
725,-89.1553,-88.6439,-88.3314,-88.1914,-88.1124,-88.0618,-88.0265,-88.0005,-87.9805,-87.9647,-87.9519
726,-89.1715,-88.6469,-88.333,-88.1924,-88.1132,-88.0624,-88.027,-88.001,-87.9809,-87.9651,-87.9522
727,-89.1877,-88.6499,-88.3345,-88.1935,-88.114,-88.0631,-88.0276,-88.0014,-87.9813,-87.9654,-87.9525
728,-89.2038,-88.6528,-88.3361,-88.1945,-88.1148,-88.0637,-88.0281,-88.0019,-87.9817,-87.9658,-87.9528
729,-89.22,-88.6558,-88.3376,-88.1955,-88.1156,-88.0643,-88.0286,-88.0023,-87.9821,-87.9661,-87.9531
730,-89.2361,-88.6587,-88.3391,-88.1966,-88.1164,-88.0649,-88.0292,-88.0028,-87.9825,-87.9665,-87.9535
731,-89.2521,-88.6617,-88.3406,-88.1976,-88.1172,-88.0656,-88.0297,-88.0032,-87.9829,-87.9668,-87.9538
732,-89.2682,-88.6646,-88.3421,-88.1986,-88.1179,-88.0662,-88.0302,-88.0037,-87.9833,-87.9672,-87.9541
733,-89.2842,-88.6675,-88.3437,-88.1996,-88.1187,-88.0668,-88.0307,-88.0041,-87.9837,-87.9675,-87.9544
734,-89.3002,-88.6704,-88.3451,-88.2007,-88.1195,-88.0674,-88.0312,-88.0046,-87.9841,-87.9679,-87.9547
735,-89.3161,-88.6733,-88.3466,-88.2017,-88.1202,-88.068,-88.0317,-88.005,-87.9845,-87.9682,-87.955
736,-89.3321,-88.6761,-88.3481,-88.2027,-88.121,-88.0687,-88.0322,-88.0055,-87.9849,-87.9686,-87.9553
737,-89.348,-88.679,-88.3496,-88.2037,-88.1217,-88.0693,-88.0328,-88.0059,-87.9853,-87.9689,-87.9556
738,-89.3639,-88.6818,-88.3511,-88.2047,-88.1225,-88.0699,-88.0333,-88.0063,-87.9856,-87.9692,-87.956
739,-89.3797,-88.6846,-88.3525,-88.2057,-88.1232,-88.0705,-88.0338,-88.0068,-87.986,-87.9696,-87.9563
740,-89.3956,-88.6875,-88.354,-88.2066,-88.124,-88.0711,-88.0343,-88.0072,-87.9864,-87.9699,-87.9566
741,-89.4114,-88.6903,-88.3554,-88.2076,-88.1247,-88.0717,-88.0348,-88.0076,-87.9868,-87.9703,-87.9569
742,-89.4271,-88.693,-88.3569,-88.2086,-88.1255,-88.0723,-88.0353,-88.008,-87.9871,-87.9706,-87.9572
743,-89.4429,-88.6958,-88.3583,-88.2096,-88.1262,-88.0728,-88.0358,-88.0085,-87.9875,-87.9709,-87.9575
744,-89.4586,-88.6986,-88.3598,-88.2105,-88.1269,-88.0734,-88.0362,-88.0089,-87.9879,-87.9713,-87.9578
745,-89.4743,-88.7013,-88.3612,-88.2115,-88.1277,-88.074,-88.0367,-88.0093,-87.9883,-87.9716,-87.9581
746,-89.49,-88.7041,-88.3626,-88.2125,-88.1284,-88.0746,-88.0372,-88.0097,-87.9886,-87.9719,-87.9583
747,-89.5056,-88.7068,-88.364,-88.2134,-88.1291,-88.0752,-88.0377,-88.0101,-87.989,-87.9722,-87.9586
748,-89.5213,-88.7095,-88.3654,-88.2144,-88.1298,-88.0758,-88.0382,-88.0106,-87.9894,-87.9726,-87.9589
749,-89.5369,-88.7122,-88.3668,-88.2153,-88.1305,-88.0763,-88.0387,-88.011,-87.9897,-87.9729,-87.9592
750,-89.5524,-88.7149,-88.3682,-88.2163,-88.1313,-88.0769,-88.0392,-88.0114,-87.9901,-87.9732,-87.9595
751,-89.568,-88.7176,-88.3696,-88.2172,-88.132,-88.0775,-88.0396,-88.0118,-87.9904,-87.9735,-87.9598
752,-89.5835,-88.7203,-88.371,-88.2181,-88.1327,-88.078,-88.0401,-88.0122,-87.9908,-87.9738,-87.9601
753,-89.599,-88.7229,-88.3724,-88.2191,-88.1334,-88.0786,-88.0406,-88.0126,-87.9911,-87.9742,-87.9604
754,-89.6144,-88.7256,-88.3737,-88.22,-88.1341,-88.0792,-88.041,-88.013,-87.9915,-87.9745,-87.9607
755,-89.6299,-88.7282,-88.3751,-88.2209,-88.1348,-88.0797,-88.0415,-88.0134,-87.9919,-87.9748,-87.9609
756,-89.6453,-88.7308,-88.3764,-88.2218,-88.1355,-88.0803,-88.042,-88.0138,-87.9922,-87.9751,-87.9612
757,-89.6607,-88.7334,-88.3778,-88.2227,-88.1361,-88.0808,-88.0424,-88.0142,-87.9926,-87.9754,-87.9615
758,-89.6761,-88.736,-88.3791,-88.2236,-88.1368,-88.0814,-88.0429,-88.0146,-87.9929,-87.9757,-87.9618
759,-89.6914,-88.7386,-88.3805,-88.2245,-88.1375,-88.0819,-88.0434,-88.015,-87.9932,-87.976,-87.9621
760,-89.7067,-88.7412,-88.3818,-88.2254,-88.1382,-88.0825,-88.0438,-88.0154,-87.9936,-87.9763,-87.9623
761,-89.722,-88.7437,-88.3831,-88.2263,-88.1389,-88.083,-88.0443,-88.0158,-87.9939,-87.9766,-87.9626
762,-89.7373,-88.7463,-88.3845,-88.2272,-88.1395,-88.0836,-88.0447,-88.0162,-87.9943,-87.9769,-87.9629
763,-89.7525,-88.7488,-88.3858,-88.2281,-88.1402,-88.0841,-88.0452,-88.0166,-87.9946,-87.9772,-87.9632
764,-89.7678,-88.7514,-88.3871,-88.229,-88.1409,-88.0846,-88.0456,-88.0169,-87.995,-87.9775,-87.9634
765,-89.783,-88.7539,-88.3884,-88.2299,-88.1415,-88.0852,-88.0461,-88.0173,-87.9953,-87.9778,-87.9637
766,-89.7981,-88.7564,-88.3897,-88.2308,-88.1422,-88.0857,-88.0465,-88.0177,-87.9956,-87.9781,-87.964
767,-89.8133,-88.7589,-88.391,-88.2316,-88.1429,-88.0862,-88.047,-88.0181,-87.996,-87.9784,-87.9642
768,-89.8284,-88.7614,-88.3923,-88.2325,-88.1435,-88.0868,-88.0474,-88.0185,-87.9963,-87.9787,-87.9645
769,-89.8435,-88.7638,-88.3935,-88.2334,-88.1442,-88.0873,-88.0478,-88.0188,-87.9966,-87.979,-87.9648
770,-89.8586,-88.7663,-88.3948,-88.2342,-88.1448,-88.0878,-88.0483,-88.0192,-87.9969,-87.9793,-87.965
771,-89.8736,-88.7688,-88.3961,-88.2351,-88.1455,-88.0883,-88.0487,-88.0196,-87.9973,-87.9796,-87.9653
772,-89.8887,-88.7712,-88.3973,-88.2359,-88.1461,-88.0889,-88.0491,-88.02,-87.9976,-87.9799,-87.9656
773,-89.9037,-88.7736,-88.3986,-88.2368,-88.1468,-88.0894,-88.0496,-88.0203,-87.9979,-87.9802,-87.9658
774,-89.9187,-88.7761,-88.3999,-88.2376,-88.1474,-88.0899,-88.05,-88.0207,-87.9982,-87.9805,-87.9661
775,-89.9336,-88.7785,-88.4011,-88.2385,-88.148,-88.0904,-88.0504,-88.0211,-87.9986,-87.9808,-87.9663
776,-89.9485,-88.7809,-88.4023,-88.2393,-88.1487,-88.0909,-88.0509,-88.0214,-87.9989,-87.9811,-87.9666
777,-89.9635,-88.7833,-88.4036,-88.2401,-88.1493,-88.0914,-88.0513,-88.0218,-87.9992,-87.9813,-87.9668
778,-89.9783,-88.7857,-88.4048,-88.241,-88.1499,-88.0919,-88.0517,-88.0222,-87.9995,-87.9816,-87.9671
779,-89.9932,-88.788,-88.406,-88.2418,-88.1505,-88.0924,-88.0521,-88.0225,-87.9998,-87.9819,-87.9674
780,-90.0081,-88.7904,-88.4072,-88.2426,-88.1512,-88.0929,-88.0525,-88.0229,-88.0002,-87.9822,-87.9676
781,-90.0229,-88.7927,-88.4085,-88.2434,-88.1518,-88.0934,-88.0529,-88.0232,-88.0005,-87.9825,-87.9679
782,-90.0377,-88.7951,-88.4097,-88.2443,-88.1524,-88.0939,-88.0534,-88.0236,-88.0008,-87.9827,-87.9681
783,-90.0524,-88.7974,-88.4109,-88.2451,-88.153,-88.0944,-88.0538,-88.0239,-88.0011,-87.983,-87.9684
784,-90.0672,-88.7997,-88.4121,-88.2459,-88.1536,-88.0949,-88.0542,-88.0243,-88.0014,-87.9833,-87.9686
785,-90.0819,-88.802,-88.4133,-88.2467,-88.1542,-88.0954,-88.0546,-88.0246,-88.0017,-87.9836,-87.9689
786,-90.0966,-88.8043,-88.4145,-88.2475,-88.1548,-88.0959,-88.055,-88.025,-88.002,-87.9838,-87.9691
787,-90.1113,-88.8066,-88.4156,-88.2483,-88.1554,-88.0963,-88.0554,-88.0253,-88.0023,-87.9841,-87.9693
788,-90.126,-88.8089,-88.4168,-88.2491,-88.156,-88.0968,-88.0558,-88.0257,-88.0026,-87.9844,-87.9696
789,-90.1406,-88.8112,-88.418,-88.2499,-88.1566,-88.0973,-88.0562,-88.026,-88.0029,-87.9846,-87.9698
790,-90.1552,-88.8134,-88.4191,-88.2506,-88.1572,-88.0978,-88.0566,-88.0264,-88.0032,-87.9849,-87.9701
791,-90.1698,-88.8157,-88.4203,-88.2514,-88.1578,-88.0982,-88.057,-88.0267,-88.0035,-87.9852,-87.9703
792,-90.1844,-88.8179,-88.4215,-88.2522,-88.1584,-88.0987,-88.0574,-88.0271,-88.0038,-87.9854,-87.9705
793,-90.199,-88.8202,-88.4226,-88.253,-88.159,-88.0992,-88.0578,-88.0274,-88.0041,-87.9857,-87.9708
794,-90.2135,-88.8224,-88.4238,-88.2538,-88.1596,-88.0997,-88.0582,-88.0277,-88.0044,-87.986,-87.971
795,-90.228,-88.8246,-88.4249,-88.2545,-88.1601,-88.1001,-88.0586,-88.0281,-88.0047,-87.9862,-87.9713
796,-90.2425,-88.8268,-88.426,-88.2553,-88.1607,-88.1006,-88.059,-88.0284,-88.005,-87.9865,-87.9715
797,-90.2569,-88.829,-88.4272,-88.2561,-88.1613,-88.1011,-88.0593,-88.0287,-88.0053,-87.9867,-87.9717
798,-90.2714,-88.8312,-88.4283,-88.2568,-88.1619,-88.1015,-88.0597,-88.0291,-88.0056,-87.987,-87.972
799,-90.2858,-88.8334,-88.4294,-88.2576,-88.1624,-88.102,-88.0601,-88.0294,-88.0059,-87.9873,-87.9722
800,-90.3002,-88.8355,-88.4305,-88.2583,-88.163,-88.1024,-88.0605,-88.0297,-88.0061,-87.9875,-87.9724
801,-90.3146,-88.8377,-88.4316,-88.2591,-88.1636,-88.1029,-88.0609,-88.03,-88.0064,-87.9878,-87.9726
802,-90.3289,-88.8398,-88.4328,-88.2598,-88.1641,-88.1033,-88.0612,-88.0304,-88.0067,-87.988,-87.9729
803,-90.3433,-88.842,-88.4339,-88.2606,-88.1647,-88.1038,-88.0616,-88.0307,-88.007,-87.9883,-87.9731
804,-90.3576,-88.8441,-88.435,-88.2613,-88.1653,-88.1042,-88.062,-88.031,-88.0073,-87.9885,-87.9733
805,-90.3719,-88.8462,-88.436,-88.262,-88.1658,-88.1047,-88.0624,-88.0313,-88.0076,-87.9888,-87.9736
806,-90.3861,-88.8484,-88.4371,-88.2628,-88.1664,-88.1051,-88.0627,-88.0316,-88.0078,-87.989,-87.9738
807,-90.4004,-88.8505,-88.4382,-88.2635,-88.1669,-88.1056,-88.0631,-88.032,-88.0081,-87.9893,-87.974
808,-90.4146,-88.8526,-88.4393,-88.2642,-88.1675,-88.106,-88.0635,-88.0323,-88.0084,-87.9895,-87.9742
809,-90.4288,-88.8546,-88.4404,-88.2649,-88.168,-88.1064,-88.0638,-88.0326,-88.0087,-87.9898,-87.9744
810,-90.443,-88.8567,-88.4414,-88.2657,-88.1685,-88.1069,-88.0642,-88.0329,-88.0089,-87.99,-87.9747
811,-90.4572,-88.8588,-88.4425,-88.2664,-88.1691,-88.1073,-88.0646,-88.0332,-88.0092,-87.9903,-87.9749
812,-90.4714,-88.8609,-88.4436,-88.2671,-88.1696,-88.1077,-88.0649,-88.0335,-88.0095,-87.9905,-87.9751
813,-90.4855,-88.8629,-88.4446,-88.2678,-88.1702,-88.1082,-88.0653,-88.0338,-88.0098,-87.9907,-87.9753
814,-90.4996,-88.865,-88.4457,-88.2685,-88.1707,-88.1086,-88.0656,-88.0341,-88.01,-87.991,-87.9755
815,-90.5137,-88.867,-88.4467,-88.2692,-88.1712,-88.109,-88.066,-88.0345,-88.0103,-87.9912,-87.9758
816,-90.5277,-88.869,-88.4478,-88.2699,-88.1718,-88.1094,-88.0664,-88.0348,-88.0106,-87.9915,-87.976
817,-90.5418,-88.871,-88.4488,-88.2706,-88.1723,-88.1099,-88.0667,-88.0351,-88.0108,-87.9917,-87.9762
818,-90.5558,-88.873,-88.4498,-88.2713,-88.1728,-88.1103,-88.0671,-88.0354,-88.0111,-87.9919,-87.9764
819,-90.5698,-88.8751,-88.4509,-88.272,-88.1733,-88.1107,-88.0674,-88.0357,-88.0114,-87.9922,-87.9766
820,-90.5838,-88.877,-88.4519,-88.2727,-88.1738,-88.1111,-88.0678,-88.036,-88.0116,-87.9924,-87.9768
821,-90.5978,-88.879,-88.4529,-88.2734,-88.1744,-88.1115,-88.0681,-88.0363,-88.0119,-87.9926,-87.977
822,-90.6117,-88.881,-88.4539,-88.2741,-88.1749,-88.112,-88.0684,-88.0366,-88.0121,-87.9929,-87.9772
823,-90.6257,-88.883,-88.4549,-88.2747,-88.1754,-88.1124,-88.0688,-88.0369,-88.0124,-87.9931,-87.9774
824,-90.6396,-88.8849,-88.4559,-88.2754,-88.1759,-88.1128,-88.0691,-88.0371,-88.0127,-87.9933,-87.9776
825,-90.6535,-88.8869,-88.4569,-88.2761,-88.1764,-88.1132,-88.0695,-88.0374,-88.0129,-87.9935,-87.9779
826,-90.6673,-88.8888,-88.4579,-88.2768,-88.1769,-88.1136,-88.0698,-88.0377,-88.0132,-87.9938,-87.9781
827,-90.6812,-88.8908,-88.4589,-88.2774,-88.1774,-88.114,-88.0702,-88.038,-88.0134,-87.994,-87.9783
828,-90.695,-88.8927,-88.4599,-88.2781,-88.1779,-88.1144,-88.0705,-88.0383,-88.0137,-87.9942,-87.9785
829,-90.7088,-88.8946,-88.4609,-88.2788,-88.1784,-88.1148,-88.0708,-88.0386,-88.0139,-87.9944,-87.9787
830,-90.7226,-88.8966,-88.4619,-88.2794,-88.1789,-88.1152,-88.0712,-88.0389,-88.0142,-87.9947,-87.9789
831,-90.7364,-88.8985,-88.4629,-88.2801,-88.1794,-88.1156,-88.0715,-88.0392,-88.0144,-87.9949,-87.9791
832,-90.7502,-88.9004,-88.4638,-88.2807,-88.1799,-88.116,-88.0718,-88.0394,-88.0147,-87.9951,-87.9793
833,-90.7639,-88.9022,-88.4648,-88.2814,-88.1804,-88.1164,-88.0721,-88.0397,-88.0149,-87.9953,-87.9795
834,-90.7776,-88.9041,-88.4658,-88.282,-88.1809,-88.1168,-88.0725,-88.04,-88.0152,-87.9956,-87.9797
835,-90.7913,-88.906,-88.4667,-88.2827,-88.1814,-88.1172,-88.0728,-88.0403,-88.0154,-87.9958,-87.9799
836,-90.805,-88.9079,-88.4677,-88.2833,-88.1819,-88.1175,-88.0731,-88.0406,-88.0157,-87.996,-87.9801
837,-90.8187,-88.9097,-88.4686,-88.284,-88.1823,-88.1179,-88.0734,-88.0408,-88.0159,-87.9962,-87.9802
838,-90.8323,-88.9116,-88.4696,-88.2846,-88.1828,-88.1183,-88.0738,-88.0411,-88.0161,-87.9964,-87.9804
839,-90.846,-88.9134,-88.4705,-88.2852,-88.1833,-88.1187,-88.0741,-88.0414,-88.0164,-87.9966,-87.9806
840,-90.8596,-88.9153,-88.4715,-88.2859,-88.1838,-88.1191,-88.0744,-88.0417,-88.0166,-87.9968,-87.9808
841,-90.8732,-88.9171,-88.4724,-88.2865,-88.1842,-88.1195,-88.0747,-88.0419,-88.0169,-87.9971,-87.981
842,-90.8867,-88.9189,-88.4733,-88.2871,-88.1847,-88.1198,-88.075,-88.0422,-88.0171,-87.9973,-87.9812
843,-90.9003,-88.9207,-88.4743,-88.2877,-88.1852,-88.1202,-88.0754,-88.0425,-88.0173,-87.9975,-87.9814
844,-90.9138,-88.9226,-88.4752,-88.2884,-88.1857,-88.1206,-88.0757,-88.0428,-88.0176,-87.9977,-87.9816
845,-90.9273,-88.9244,-88.4761,-88.289,-88.1861,-88.121,-88.076,-88.043,-88.0178,-87.9979,-87.9818
846,-90.9408,-88.9262,-88.477,-88.2896,-88.1866,-88.1213,-88.0763,-88.0433,-88.018,-87.9981,-87.982
847,-90.9543,-88.9279,-88.4779,-88.2902,-88.187,-88.1217,-88.0766,-88.0436,-88.0183,-87.9983,-87.9822
848,-90.9678,-88.9297,-88.4789,-88.2908,-88.1875,-88.1221,-88.0769,-88.0438,-88.0185,-87.9985,-87.9823
849,-90.9812,-88.9315,-88.4798,-88.2914,-88.188,-88.1224,-88.0772,-88.0441,-88.0187,-87.9987,-87.9825
850,-90.9947,-88.9333,-88.4807,-88.292,-88.1884,-88.1228,-88.0775,-88.0443,-88.019,-87.9989,-87.9827
851,-91.0081,-88.935,-88.4816,-88.2926,-88.1889,-88.1232,-88.0778,-88.0446,-88.0192,-87.9991,-87.9829
852,-91.0215,-88.9368,-88.4825,-88.2932,-88.1893,-88.1235,-88.0781,-88.0449,-88.0194,-87.9993,-87.9831
853,-91.0349,-88.9385,-88.4833,-88.2938,-88.1898,-88.1239,-88.0784,-88.0451,-88.0196,-87.9995,-87.9833
854,-91.0482,-88.9402,-88.4842,-88.2944,-88.1902,-88.1243,-88.0787,-88.0454,-88.0199,-87.9997,-87.9834
855,-91.0616,-88.942,-88.4851,-88.295,-88.1907,-88.1246,-88.079,-88.0456,-88.0201,-87.9999,-87.9836
856,-91.0749,-88.9437,-88.486,-88.2956,-88.1911,-88.125,-88.0793,-88.0459,-88.0203,-88.0001,-87.9838
857,-91.0882,-88.9454,-88.4869,-88.2962,-88.1915,-88.1253,-88.0796,-88.0461,-88.0205,-88.0003,-87.984
858,-91.1015,-88.9471,-88.4877,-88.2968,-88.192,-88.1257,-88.0799,-88.0464,-88.0208,-88.0005,-87.9842
859,-91.1148,-88.9488,-88.4886,-88.2974,-88.1924,-88.126,-88.0802,-88.0466,-88.021,-88.0007,-87.9843
860,-91.128,-88.9505,-88.4895,-88.2979,-88.1929,-88.1264,-88.0805,-88.0469,-88.0212,-88.0009,-87.9845
861,-91.1413,-88.9522,-88.4903,-88.2985,-88.1933,-88.1267,-88.0808,-88.0471,-88.0214,-88.0011,-87.9847
862,-91.1545,-88.9539,-88.4912,-88.2991,-88.1937,-88.1271,-88.0811,-88.0474,-88.0216,-88.0013,-87.9849
863,-91.1677,-88.9556,-88.492,-88.2997,-88.1942,-88.1274,-88.0814,-88.0476,-88.0219,-88.0015,-87.985
864,-91.1809,-88.9573,-88.4929,-88.3002,-88.1946,-88.1278,-88.0816,-88.0479,-88.0221,-88.0017,-87.9852
865,-91.1941,-88.9589,-88.4937,-88.3008,-88.195,-88.1281,-88.0819,-88.0481,-88.0223,-88.0019,-87.9854
866,-91.2072,-88.9606,-88.4946,-88.3014,-88.1954,-88.1284,-88.0822,-88.0484,-88.0225,-88.0021,-87.9855
867,-91.2204,-88.9622,-88.4954,-88.3019,-88.1959,-88.1288,-88.0825,-88.0486,-88.0227,-88.0023,-87.9857
868,-91.2335,-88.9639,-88.4963,-88.3025,-88.1963,-88.1291,-88.0828,-88.0489,-88.0229,-88.0025,-87.9859
869,-91.2466,-88.9655,-88.4971,-88.303,-88.1967,-88.1295,-88.0831,-88.0491,-88.0231,-88.0026,-87.9861
870,-91.2597,-88.9671,-88.4979,-88.3036,-88.1971,-88.1298,-88.0833,-88.0493,-88.0233,-88.0028,-87.9862
871,-91.2728,-88.9688,-88.4988,-88.3042,-88.1975,-88.1301,-88.0836,-88.0496,-88.0236,-88.003,-87.9864
872,-91.2859,-88.9704,-88.4996,-88.3047,-88.1979,-88.1305,-88.0839,-88.0498,-88.0238,-88.0032,-87.9866
873,-91.2989,-88.972,-88.5004,-88.3053,-88.1984,-88.1308,-88.0842,-88.0501,-88.024,-88.0034,-87.9867
874,-91.3119,-88.9736,-88.5012,-88.3058,-88.1988,-88.1311,-88.0844,-88.0503,-88.0242,-88.0036,-87.9869
875,-91.325,-88.9752,-88.502,-88.3063,-88.1992,-88.1314,-88.0847,-88.0505,-88.0244,-88.0038,-87.9871
876,-91.338,-88.9768,-88.5028,-88.3069,-88.1996,-88.1318,-88.085,-88.0508,-88.0246,-88.0039,-87.9872
877,-91.351,-88.9784,-88.5036,-88.3074,-88.2,-88.1321,-88.0853,-88.051,-88.0248,-88.0041,-87.9874
878,-91.3639,-88.98,-88.5044,-88.308,-88.2004,-88.1324,-88.0855,-88.0512,-88.025,-88.0043,-87.9875
879,-91.3769,-88.9815,-88.5052,-88.3085,-88.2008,-88.1327,-88.0858,-88.0515,-88.0252,-88.0045,-87.9877
880,-91.3898,-88.9831,-88.506,-88.309,-88.2012,-88.1331,-88.0861,-88.0517,-88.0254,-88.0047,-87.9879
881,-91.4027,-88.9847,-88.5068,-88.3096,-88.2016,-88.1334,-88.0863,-88.0519,-88.0256,-88.0048,-87.988
882,-91.4156,-88.9862,-88.5076,-88.3101,-88.202,-88.1337,-88.0866,-88.0521,-88.0258,-88.005,-87.9882
883,-91.4285,-88.9878,-88.5084,-88.3106,-88.2024,-88.134,-88.0869,-88.0524,-88.026,-88.0052,-87.9883
884,-91.4414,-88.9893,-88.5092,-88.3111,-88.2028,-88.1343,-88.0871,-88.0526,-88.0262,-88.0054,-87.9885
885,-91.4543,-88.9908,-88.51,-88.3117,-88.2032,-88.1346,-88.0874,-88.0528,-88.0264,-88.0055,-87.9887
886,-91.4671,-88.9924,-88.5107,-88.3122,-88.2036,-88.1349,-88.0876,-88.053,-88.0266,-88.0057,-87.9888
887,-91.48,-88.9939,-88.5115,-88.3127,-88.2039,-88.1353,-88.0879,-88.0533,-88.0268,-88.0059,-87.989
888,-91.4928,-88.9954,-88.5123,-88.3132,-88.2043,-88.1356,-88.0882,-88.0535,-88.027,-88.0061,-87.9891
889,-91.5056,-88.9969,-88.513,-88.3137,-88.2047,-88.1359,-88.0884,-88.0537,-88.0272,-88.0062,-87.9893
890,-91.5184,-88.9985,-88.5138,-88.3142,-88.2051,-88.1362,-88.0887,-88.0539,-88.0274,-88.0064,-87.9894
891,-91.5312,-89,-88.5146,-88.3147,-88.2055,-88.1365,-88.0889,-88.0541,-88.0276,-88.0066,-87.9896
892,-91.5439,-89.0015,-88.5153,-88.3152,-88.2059,-88.1368,-88.0892,-88.0544,-88.0277,-88.0067,-87.9897
893,-91.5567,-89.0029,-88.5161,-88.3157,-88.2062,-88.1371,-88.0894,-88.0546,-88.0279,-88.0069,-87.9899
894,-91.5694,-89.0044,-88.5168,-88.3162,-88.2066,-88.1374,-88.0897,-88.0548,-88.0281,-88.0071,-87.99
895,-91.5821,-89.0059,-88.5176,-88.3167,-88.207,-88.1377,-88.0899,-88.055,-88.0283,-88.0072,-87.9902
896,-91.5948,-89.0074,-88.5183,-88.3172,-88.2074,-88.138,-88.0902,-88.0552,-88.0285,-88.0074,-87.9903
897,-91.6075,-89.0088,-88.5191,-88.3177,-88.2077,-88.1383,-88.0904,-88.0554,-88.0287,-88.0076,-87.9905
898,-91.6202,-89.0103,-88.5198,-88.3182,-88.2081,-88.1386,-88.0907,-88.0556,-88.0289,-88.0077,-87.9906
899,-91.6328,-89.0118,-88.5205,-88.3187,-88.2085,-88.1389,-88.0909,-88.0559,-88.0291,-88.0079,-87.9908
900,-91.6455,-89.0132,-88.5213,-88.3192,-88.2088,-88.1392,-88.0912,-88.0561,-88.0292,-88.0081,-87.9909
901,-91.6581,-89.0147,-88.522,-88.3197,-88.2092,-88.1395,-88.0914,-88.0563,-88.0294,-88.0082,-87.9911
902,-91.6707,-89.0161,-88.5227,-88.3202,-88.2096,-88.1398,-88.0917,-88.0565,-88.0296,-88.0084,-87.9912
903,-91.6833,-89.0175,-88.5234,-88.3207,-88.2099,-88.14,-88.0919,-88.0567,-88.0298,-88.0086,-87.9914
904,-91.6959,-89.019,-88.5242,-88.3211,-88.2103,-88.1403,-88.0921,-88.0569,-88.03,-88.0087,-87.9915
905,-91.7085,-89.0204,-88.5249,-88.3216,-88.2106,-88.1406,-88.0924,-88.0571,-88.0301,-88.0089,-87.9917
906,-91.7211,-89.0218,-88.5256,-88.3221,-88.211,-88.1409,-88.0926,-88.0573,-88.0303,-88.009,-87.9918
907,-91.7336,-89.0232,-88.5263,-88.3226,-88.2114,-88.1412,-88.0929,-88.0575,-88.0305,-88.0092,-87.992
908,-91.7461,-89.0246,-88.527,-88.323,-88.2117,-88.1415,-88.0931,-88.0577,-88.0307,-88.0094,-87.9921
909,-91.7587,-89.026,-88.5277,-88.3235,-88.2121,-88.1418,-88.0933,-88.0579,-88.0309,-88.0095,-87.9922
910,-91.7712,-89.0274,-88.5284,-88.324,-88.2124,-88.142,-88.0936,-88.0581,-88.031,-88.0097,-87.9924
911,-91.7837,-89.0288,-88.5291,-88.3245,-88.2128,-88.1423,-88.0938,-88.0583,-88.0312,-88.0098,-87.9925
912,-91.7961,-89.0302,-88.5298,-88.3249,-88.2131,-88.1426,-88.094,-88.0585,-88.0314,-88.01,-87.9927
913,-91.8086,-89.0316,-88.5305,-88.3254,-88.2135,-88.1429,-88.0943,-88.0587,-88.0316,-88.0101,-87.9928
914,-91.8211,-89.033,-88.5312,-88.3258,-88.2138,-88.1432,-88.0945,-88.0589,-88.0317,-88.0103,-87.9929
915,-91.8335,-89.0343,-88.5319,-88.3263,-88.2142,-88.1434,-88.0947,-88.0591,-88.0319,-88.0104,-87.9931
916,-91.8459,-89.0357,-88.5326,-88.3268,-88.2145,-88.1437,-88.0949,-88.0593,-88.0321,-88.0106,-87.9932
917,-91.8584,-89.0371,-88.5333,-88.3272,-88.2148,-88.144,-88.0952,-88.0595,-88.0322,-88.0107,-87.9934
918,-91.8708,-89.0384,-88.534,-88.3277,-88.2152,-88.1442,-88.0954,-88.0597,-88.0324,-88.0109,-87.9935
919,-91.8831,-89.0398,-88.5346,-88.3281,-88.2155,-88.1445,-88.0956,-88.0599,-88.0326,-88.0111,-87.9936
920,-91.8955,-89.0411,-88.5353,-88.3286,-88.2159,-88.1448,-88.0959,-88.0601,-88.0328,-88.0112,-87.9938
921,-91.9079,-89.0425,-88.536,-88.329,-88.2162,-88.1451,-88.0961,-88.0603,-88.0329,-88.0114,-87.9939
922,-91.9202,-89.0438,-88.5366,-88.3295,-88.2165,-88.1453,-88.0963,-88.0605,-88.0331,-88.0115,-87.994
923,-91.9326,-89.0451,-88.5373,-88.3299,-88.2169,-88.1456,-88.0965,-88.0607,-88.0333,-88.0116,-87.9942
924,-91.9449,-89.0464,-88.538,-88.3303,-88.2172,-88.1459,-88.0967,-88.0608,-88.0334,-88.0118,-87.9943
925,-91.9572,-89.0478,-88.5386,-88.3308,-88.2175,-88.1461,-88.097,-88.061,-88.0336,-88.0119,-87.9944
926,-91.9695,-89.0491,-88.5393,-88.3312,-88.2178,-88.1464,-88.0972,-88.0612,-88.0337,-88.0121,-87.9946
927,-91.9818,-89.0504,-88.54,-88.3317,-88.2182,-88.1466,-88.0974,-88.0614,-88.0339,-88.0122,-87.9947
928,-91.9941,-89.0517,-88.5406,-88.3321,-88.2185,-88.1469,-88.0976,-88.0616,-88.0341,-88.0124,-87.9948
929,-92.0063,-89.053,-88.5413,-88.3325,-88.2188,-88.1472,-88.0978,-88.0618,-88.0342,-88.0125,-87.995
930,-92.0186,-89.0543,-88.5419,-88.333,-88.2191,-88.1474,-88.098,-88.062,-88.0344,-88.0127,-87.9951
931,-92.0308,-89.0556,-88.5426,-88.3334,-88.2195,-88.1477,-88.0983,-88.0621,-88.0346,-88.0128,-87.9952
932,-92.0431,-89.0569,-88.5432,-88.3338,-88.2198,-88.1479,-88.0985,-88.0623,-88.0347,-88.013,-87.9953
933,-92.0553,-89.0581,-88.5438,-88.3342,-88.2201,-88.1482,-88.0987,-88.0625,-88.0349,-88.0131,-87.9955
934,-92.0675,-89.0594,-88.5445,-88.3347,-88.2204,-88.1484,-88.0989,-88.0627,-88.035,-88.0132,-87.9956
935,-92.0797,-89.0607,-88.5451,-88.3351,-88.2207,-88.1487,-88.0991,-88.0629,-88.0352,-88.0134,-87.9957
936,-92.0919,-89.062,-88.5457,-88.3355,-88.2211,-88.1489,-88.0993,-88.063,-88.0354,-88.0135,-87.9958
937,-92.104,-89.0632,-88.5464,-88.3359,-88.2214,-88.1492,-88.0995,-88.0632,-88.0355,-88.0137,-87.996
938,-92.1162,-89.0645,-88.547,-88.3363,-88.2217,-88.1494,-88.0997,-88.0634,-88.0357,-88.0138,-87.9961
939,-92.1283,-89.0657,-88.5476,-88.3368,-88.222,-88.1497,-88.0999,-88.0636,-88.0358,-88.0139,-87.9962
940,-92.1405,-89.067,-88.5482,-88.3372,-88.2223,-88.1499,-88.1001,-88.0638,-88.036,-88.0141,-87.9963
941,-92.1526,-89.0682,-88.5489,-88.3376,-88.2226,-88.1502,-88.1003,-88.0639,-88.0361,-88.0142,-87.9965
942,-92.1647,-89.0695,-88.5495,-88.338,-88.2229,-88.1504,-88.1006,-88.0641,-88.0363,-88.0143,-87.9966
943,-92.1768,-89.0707,-88.5501,-88.3384,-88.2232,-88.1507,-88.1008,-88.0643,-88.0364,-88.0145,-87.9967
944,-92.1889,-89.0719,-88.5507,-88.3388,-88.2235,-88.1509,-88.101,-88.0645,-88.0366,-88.0146,-87.9968
945,-92.201,-89.0731,-88.5513,-88.3392,-88.2238,-88.1512,-88.1012,-88.0646,-88.0367,-88.0147,-87.997
946,-92.213,-89.0744,-88.5519,-88.3396,-88.2241,-88.1514,-88.1014,-88.0648,-88.0369,-88.0149,-87.9971
947,-92.2251,-89.0756,-88.5525,-88.34,-88.2244,-88.1516,-88.1016,-88.065,-88.037,-88.015,-87.9972
948,-92.2371,-89.0768,-88.5531,-88.3404,-88.2247,-88.1519,-88.1018,-88.0651,-88.0372,-88.0151,-87.9973
949,-92.2491,-89.078,-88.5537,-88.3408,-88.225,-88.1521,-88.102,-88.0653,-88.0373,-88.0153,-87.9974
950,-92.2612,-89.0792,-88.5543,-88.3412,-88.2253,-88.1524,-88.1022,-88.0655,-88.0375,-88.0154,-87.9976
951,-92.2732,-89.0804,-88.5549,-88.3416,-88.2256,-88.1526,-88.1024,-88.0657,-88.0376,-88.0155,-87.9977
952,-92.2852,-89.0816,-88.5555,-88.342,-88.2259,-88.1528,-88.1025,-88.0658,-88.0378,-88.0157,-87.9978
953,-92.2972,-89.0828,-88.5561,-88.3424,-88.2262,-88.1531,-88.1027,-88.066,-88.0379,-88.0158,-87.9979
954,-92.3091,-89.084,-88.5567,-88.3428,-88.2265,-88.1533,-88.1029,-88.0662,-88.0381,-88.0159,-87.998
955,-92.3211,-89.0852,-88.5573,-88.3432,-88.2268,-88.1535,-88.1031,-88.0663,-88.0382,-88.0161,-87.9981
956,-92.333,-89.0863,-88.5579,-88.3436,-88.2271,-88.1538,-88.1033,-88.0665,-88.0384,-88.0162,-87.9983
957,-92.345,-89.0875,-88.5585,-88.3439,-88.2274,-88.154,-88.1035,-88.0666,-88.0385,-88.0163,-87.9984
958,-92.3569,-89.0887,-88.559,-88.3443,-88.2276,-88.1542,-88.1037,-88.0668,-88.0386,-88.0164,-87.9985
959,-92.3688,-89.0898,-88.5596,-88.3447,-88.2279,-88.1544,-88.1039,-88.067,-88.0388,-88.0166,-87.9986
960,-92.3808,-89.091,-88.5602,-88.3451,-88.2282,-88.1547,-88.1041,-88.0671,-88.0389,-88.0167,-87.9987
961,-92.3927,-89.0921,-88.5608,-88.3455,-88.2285,-88.1549,-88.1043,-88.0673,-88.0391,-88.0168,-87.9988
962,-92.4045,-89.0933,-88.5613,-88.3458,-88.2288,-88.1551,-88.1045,-88.0675,-88.0392,-88.0169,-87.9989
963,-92.4164,-89.0944,-88.5619,-88.3462,-88.2291,-88.1553,-88.1046,-88.0676,-88.0394,-88.0171,-87.9991
964,-92.4283,-89.0956,-88.5625,-88.3466,-88.2293,-88.1556,-88.1048,-88.0678,-88.0395,-88.0172,-87.9992
965,-92.4402,-89.0967,-88.563,-88.347,-88.2296,-88.1558,-88.105,-88.0679,-88.0396,-88.0173,-87.9993
966,-92.452,-89.0979,-88.5636,-88.3473,-88.2299,-88.156,-88.1052,-88.0681,-88.0398,-88.0174,-87.9994
967,-92.4638,-89.099,-88.5641,-88.3477,-88.2302,-88.1562,-88.1054,-88.0682,-88.0399,-88.0176,-87.9995
968,-92.4757,-89.1001,-88.5647,-88.3481,-88.2304,-88.1564,-88.1056,-88.0684,-88.04,-88.0177,-87.9996
969,-92.4875,-89.1012,-88.5653,-88.3484,-88.2307,-88.1567,-88.1057,-88.0686,-88.0402,-88.0178,-87.9997
970,-92.4993,-89.1023,-88.5658,-88.3488,-88.231,-88.1569,-88.1059,-88.0687,-88.0403,-88.0179,-87.9998
971,-92.5111,-89.1035,-88.5664,-88.3492,-88.2313,-88.1571,-88.1061,-88.0689,-88.0404,-88.018,-87.9999
972,-92.5229,-89.1046,-88.5669,-88.3495,-88.2315,-88.1573,-88.1063,-88.069,-88.0406,-88.0182,-88
973,-92.5347,-89.1057,-88.5675,-88.3499,-88.2318,-88.1575,-88.1065,-88.0692,-88.0407,-88.0183,-88.0001
974,-92.5464,-89.1068,-88.568,-88.3503,-88.2321,-88.1577,-88.1066,-88.0693,-88.0409,-88.0184,-88.0003
975,-92.5582,-89.1079,-88.5685,-88.3506,-88.2323,-88.158,-88.1068,-88.0695,-88.041,-88.0185,-88.0004
976,-92.5699,-89.109,-88.5691,-88.351,-88.2326,-88.1582,-88.107,-88.0696,-88.0411,-88.0186,-88.0005
977,-92.5817,-89.1101,-88.5696,-88.3513,-88.2329,-88.1584,-88.1072,-88.0698,-88.0412,-88.0188,-88.0006
978,-92.5934,-89.1111,-88.5701,-88.3517,-88.2331,-88.1586,-88.1073,-88.0699,-88.0414,-88.0189,-88.0007
979,-92.6051,-89.1122,-88.5707,-88.352,-88.2334,-88.1588,-88.1075,-88.0701,-88.0415,-88.019,-88.0008
980,-92.6168,-89.1133,-88.5712,-88.3524,-88.2337,-88.159,-88.1077,-88.0702,-88.0416,-88.0191,-88.0009
981,-92.6285,-89.1144,-88.5717,-88.3527,-88.2339,-88.1592,-88.1079,-88.0704,-88.0418,-88.0192,-88.001
982,-92.6402,-89.1154,-88.5723,-88.3531,-88.2342,-88.1594,-88.108,-88.0705,-88.0419,-88.0193,-88.0011
983,-92.6519,-89.1165,-88.5728,-88.3534,-88.2344,-88.1596,-88.1082,-88.0707,-88.042,-88.0195,-88.0012
984,-92.6636,-89.1176,-88.5733,-88.3538,-88.2347,-88.1598,-88.1084,-88.0708,-88.0422,-88.0196,-88.0013
985,-92.6753,-89.1186,-88.5738,-88.3541,-88.2349,-88.16,-88.1086,-88.071,-88.0423,-88.0197,-88.0014
986,-92.6869,-89.1197,-88.5743,-88.3544,-88.2352,-88.1602,-88.1087,-88.0711,-88.0424,-88.0198,-88.0015
987,-92.6986,-89.1207,-88.5749,-88.3548,-88.2355,-88.1604,-88.1089,-88.0713,-88.0425,-88.0199,-88.0016
988,-92.7102,-89.1218,-88.5754,-88.3551,-88.2357,-88.1606,-88.1091,-88.0714,-88.0427,-88.02,-88.0017
989,-92.7218,-89.1228,-88.5759,-88.3555,-88.236,-88.1608,-88.1092,-88.0715,-88.0428,-88.0201,-88.0018
990,-92.7334,-89.1239,-88.5764,-88.3558,-88.2362,-88.161,-88.1094,-88.0717,-88.0429,-88.0202,-88.0019
