-10,-87.9973,-87.9979,-87.9984,-87.9988,-87.9993,-87.9998,-88.0002,-88.0006,-88.0011,-88.0015,-88.0019
-9,-87.9974,-87.998,-87.9985,-87.9989,-87.9994,-87.9999,-88.0003,-88.0007,-88.0012,-88.0016,-88.002
-8,-87.9975,-87.9981,-87.9986,-87.999,-87.9995,-88,-88.0004,-88.0008,-88.0013,-88.0017,-88.0021
-7,-87.9976,-87.9982,-87.9987,-87.9991,-87.9996,-88.0001,-88.0005,-88.0009,-88.0014,-88.0018,-88.0022
-6,-87.9977,-87.9983,-87.9988,-87.9992,-87.9997,-88.0002,-88.0006,-88.001,-88.0015,-88.0019,-88.0023
-5,-87.9978,-87.9984,-87.9989,-87.9993,-87.9998,-88.0003,-88.0007,-88.0011,-88.0016,-88.002,-88.0024
-4,-87.9979,-87.9985,-87.999,-87.9994,-87.9999,-88.0004,-88.0008,-88.0012,-88.0017,-88.0021,-88.0025
-3,-87.998,-87.9986,-87.9991,-87.9995,-88,-88.0005,-88.0009,-88.0013,-88.0018,-88.0022,-88.0026
-2,-87.9981,-87.9987,-87.9992,-87.9996,-88.0001,-88.0006,-88.001,-88.0014,-88.0019,-88.0023,-88.0027
-1,-87.9982,-87.9988,-87.9992,-87.9997,-88.0002,-88.0007,-88.0011,-88.0015,-88.0019,-88.0024,-88.0028
0,-87.9983,-87.9988,-87.9993,-87.9998,-88.0003,-88.0007,-88.0012,-88.0016,-88.002,-88.0025,-88.0029
1,-38.8624,-38.8623,-38.8607,-38.8603,-38.8601,-38.8599,-38.8601,-38.8586,-38.8589,-38.8581,-38.8625
2,32.687,32.6846,32.6829,32.681,32.6792,32.6775,32.6756,32.6747,32.673,32.6718,32.6693
3,37.407,37.404,37.4015,37.399,37.3965,37.3943,37.3919,37.3902,37.3881,37.3863,37.3838
4,39.2329,39.2291,39.2257,39.2223,39.2191,39.2159,39.2128,39.2102,39.2073,39.2048,39.2017
5,39.8927,39.8886,39.8849,39.8813,39.8777,39.8743,39.8709,39.868,39.8649,39.862,39.8589
6,40.0326,40.029,40.0256,40.0223,40.0192,40.0161,40.013,40.0103,40.0076,40.0051,40.0023
7,39.9268,39.9241,39.9216,39.9192,39.9169,39.9147,39.9124,39.9105,39.9086,39.9068,39.9048
8,39.7079,39.7063,39.705,39.7037,39.7024,39.7013,39.7001,39.6993,39.6983,39.6973,39.6964
9,39.4483,39.4478,39.4476,39.4473,39.4471,39.447,39.4468,39.4469,39.4468,39.4468,39.4467
10,39.1895,39.1899,39.1904,39.1909,39.1914,39.192,39.1925,39.1934,39.194,39.1946,39.1952
11,38.9534,38.9541,38.9551,38.9559,38.9568,38.9577,38.9586,38.9597,38.9607,38.9616,38.9625
12,38.749,38.7496,38.7505,38.7513,38.7521,38.753,38.7538,38.7549,38.7558,38.7566,38.7575
13,38.5773,38.5775,38.5779,38.5783,38.5786,38.5792,38.5796,38.5803,38.5808,38.5812,38.5818
14,38.4353,38.4347,38.4343,38.434,38.4336,38.4334,38.4331,38.4331,38.4329,38.4327,38.4326
15,38.3179,38.3163,38.3149,38.3135,38.3122,38.3111,38.3099,38.3089,38.3079,38.3068,38.3058
16,38.2199,38.217,38.2144,38.2119,38.2093,38.2071,38.2048,38.2027,38.2006,38.1984,38.1964
17,38.1361,38.1318,38.1278,38.124,38.1201,38.1166,38.113,38.1097,38.1064,38.103,38.0999
18,38.062,38.0563,38.0508,38.0455,38.0403,38.0353,38.0304,38.0258,38.0211,38.0164,38.012
19,37.9941,37.9868,37.9797,37.9729,37.9661,37.9597,37.9533,37.9473,37.9412,37.9351,37.9294
20,37.9292,37.9202,37.9115,37.903,37.8947,37.8867,37.8789,37.8713,37.8638,37.8563,37.8491
21,37.8649,37.8542,37.8438,37.8337,37.8238,37.8142,37.8048,37.7956,37.7866,37.7776,37.769
22,37.7993,37.7869,37.7748,37.763,37.7514,37.7402,37.7292,37.7185,37.7079,37.6974,37.6872
23,37.7311,37.7169,37.7031,37.6895,37.6763,37.6634,37.6507,37.6384,37.6262,37.6141,37.6025
24,37.6592,37.6432,37.6275,37.6123,37.5973,37.5827,37.5684,37.5544,37.5406,37.527,37.5137
25,37.5828,37.5649,37.5475,37.5304,37.5137,37.4974,37.4814,37.4658,37.4504,37.4351,37.4203
26,37.5013,37.4816,37.4623,37.4435,37.425,37.407,37.3893,37.372,37.3549,37.338,37.3216
27,37.4145,37.3929,37.3718,37.3511,37.3309,37.3111,37.2917,37.2727,37.2539,37.2354,37.2173
28,37.322,37.2985,37.2756,37.2531,37.2311,37.2095,37.1884,37.1676,37.1472,37.127,37.1073
29,37.2239,37.1985,37.1736,37.1493,37.1255,37.1022,37.0792,37.0568,37.0347,37.0128,36.9915
30,37.1199,37.0926,37.0659,37.0398,37.0141,36.989,36.9643,36.9401,36.9163,36.8928,36.8697
31,37.0103,36.9811,36.9525,36.9245,36.897,36.8701,36.8436,36.8177,36.7921,36.7669,36.7422
32,36.8951,36.8639,36.8334,36.8035,36.7742,36.7455,36.7172,36.6895,36.6622,36.6353,36.6089
33,36.7744,36.7413,36.7089,36.6771,36.6459,36.6154,36.5853,36.5558,36.5268,36.4981,36.47
34,36.6484,36.6133,36.5789,36.5453,36.5122,36.4798,36.448,36.4167,36.3859,36.3555,36.3257
35,36.5172,36.4801,36.4438,36.4082,36.3733,36.3391,36.3054,36.2723,36.2397,36.2076,36.1761
36,36.381,36.3419,36.3037,36.2661,36.2293,36.1932,36.1577,36.1228,36.0885,36.0546,36.0213
37,36.2399,36.1989,36.1587,36.1192,36.0805,36.0425,36.0052,35.9685,35.9323,35.8966,35.8617
38,36.0943,36.0512,36.009,35.9676,35.927,35.8871,35.8479,35.8094,35.7714,35.734,35.6972
39,35.9441,35.899,35.8548,35.8115,35.7689,35.7272,35.6861,35.6457,35.6059,35.5667,35.5282
40,35.7897,35.7426,35.6964,35.6511,35.6066,35.5629,35.5199,35.4777,35.4361,35.3951,35.3548
41,35.6312,35.582,35.5338,35.4865,35.4401,35.3945,35.3496,35.3055,35.2621,35.2192,35.1771
42,35.4687,35.4175,35.3672,35.3179,35.2695,35.222,35.1753,35.1293,35.084,35.0393,34.9955
43,35.3025,35.2492,35.1969,35.1456,35.0952,35.0457,34.9971,34.9492,34.9021,34.8556,34.8099
44,35.1326,35.0772,35.0229,34.9696,34.9172,34.8658,34.8152,34.7654,34.7164,34.6681,34.6206
45,34.9593,34.9018,34.8454,34.7901,34.7357,34.6823,34.6298,34.5781,34.5273,34.4771,34.4277
46,34.7827,34.7231,34.6646,34.6072,34.5509,34.4955,34.4411,34.3874,34.3347,34.2826,34.2314
47,34.6029,34.5412,34.4806,34.4212,34.3628,34.3055,34.2491,34.1935,34.1388,34.0849,34.0319
48,34.42,34.3562,34.2936,34.2321,34.1717,34.1123,34.054,33.9965,33.9399,33.8841,33.8292
49,34.2343,34.1683,34.1036,34.04,33.9776,33.9162,33.8559,33.7964,33.738,33.6802,33.6235
50,34.0458,33.9777,33.9108,33.8452,33.7807,33.7173,33.655,33.5936,33.5332,33.4735,33.4149
51,33.8547,33.7844,33.7154,33.6477,33.5811,33.5157,33.4514,33.388,33.3257,33.2641,33.2036
52,33.661,33.5885,33.5174,33.4476,33.379,33.3115,33.2452,33.1798,33.1155,33.0521,32.9897
53,33.4649,33.3903,33.317,33.245,33.1744,33.1049,33.0365,32.9692,32.9029,32.8375,32.7732
54,33.2665,33.1897,33.1142,33.0402,32.9674,32.8959,32.8255,32.7562,32.6879,32.6206,32.5544
55,33.0659,32.9869,32.9093,32.8331,32.7582,32.6846,32.6122,32.5409,32.4707,32.4014,32.3333
56,32.8632,32.782,32.7022,32.6238,32.5469,32.4712,32.3968,32.3234,32.2513,32.1801,32.11
57,32.6586,32.5751,32.4931,32.4126,32.3335,32.2558,32.1793,32.1039,32.0298,31.9566,31.8846
58,32.452,32.3662,32.2821,32.1994,32.1182,32.0384,31.9599,31.8825,31.8063,31.7312,31.6573
59,32.2436,32.1556,32.0692,31.9844,31.9011,31.8192,31.7386,31.6592,31.581,31.5039,31.4281
60,32.0334,31.9432,31.8546,31.7677,31.6822,31.5982,31.5156,31.4341,31.354,31.2749,31.1971
61,31.8217,31.7292,31.6384,31.5493,31.4617,31.3756,31.2908,31.2074,31.1252,31.0442,30.9644
62,31.6084,31.5137,31.4207,31.3293,31.2396,31.1514,31.0646,30.979,30.8949,30.8118,30.7301
63,31.3936,31.2966,31.2014,31.1079,31.016,30.9257,30.8368,30.7492,30.663,30.578,30.4943
64,31.1775,31.0782,30.9808,30.8851,30.791,30.6986,30.6076,30.518,30.4298,30.3428,30.2571
65,30.9601,30.8585,30.7588,30.6609,30.5647,30.4702,30.3771,30.2854,30.1952,30.1062,30.0185
66,30.7414,30.6376,30.5357,30.4356,30.3372,30.2405,30.1453,30.0516,29.9593,29.8683,29.7787
67,30.5216,30.4155,30.3113,30.209,30.1085,30.0097,29.9124,29.8166,29.7223,29.6293,29.5377
68,30.3007,30.1923,30.0859,29.9814,29.8787,29.7777,29.6784,29.5805,29.4842,29.3891,29.2956
69,30.0789,29.9682,29.8595,29.7528,29.6479,29.5448,29.4433,29.3434,29.245,29.148,29.0524
70,29.856,29.7431,29.6321,29.5232,29.4161,29.3109,29.2073,29.1053,29.0049,28.9058,28.8083
71,29.6324,29.5171,29.4039,29.2927,29.1835,29.0761,28.9704,28.8663,28.7639,28.6628,28.5633
72,29.4079,29.2903,29.1748,29.0614,28.95,28.8405,28.7327,28.6265,28.522,28.419,28.3175
73,29.1826,29.0627,28.945,28.8294,28.7158,28.6041,28.4942,28.386,28.2794,28.1743,28.0709
74,28.9567,28.8345,28.7145,28.5967,28.4809,28.3671,28.2551,28.1447,28.0361,27.929,27.8236
75,28.7301,28.6056,28.4834,28.3633,28.2454,28.1294,28.0153,27.9028,27.7922,27.6831,27.5756
76,28.503,28.3762,28.2517,28.1294,28.0092,27.8911,27.7749,27.6604,27.5477,27.4366,27.3271
77,28.2754,28.1463,28.0195,27.895,27.7726,27.6523,27.534,27.4174,27.3027,27.1895,27.0781
78,28.0473,27.9158,27.7868,27.66,27.5355,27.4131,27.2926,27.1739,27.0572,26.942,26.8286
79,27.8188,27.685,27.5537,27.4247,27.298,27.1734,27.0508,26.9301,26.8112,26.694,26.5786
80,27.5899,27.4538,27.3202,27.189,27.0601,26.9334,26.8086,26.6858,26.5649,26.4457,26.3283
81,27.3607,27.2223,27.0864,26.953,26.8218,26.693,26.5661,26.4412,26.3183,26.197,26.0776
82,27.1311,26.9904,26.8523,26.7166,26.5833,26.4523,26.3233,26.1963,26.0713,25.9481,25.8267
83,26.9014,26.7584,26.6179,26.4801,26.3446,26.2114,26.0803,25.9512,25.8241,25.6988,25.5755
84,26.6714,26.5261,26.3834,26.2433,26.1056,25.9702,25.837,25.7058,25.5767,25.4494,25.324
85,26.4413,26.2936,26.1487,26.0063,25.8664,25.7289,25.5936,25.4603,25.3291,25.1998,25.0724
86,26.211,26.061,25.9138,25.7692,25.6271,25.4874,25.35,25.2146,25.0814,24.95,24.8206
87,25.9806,25.8283,25.6788,25.532,25.3877,25.2458,25.1063,24.9688,24.8335,24.7001,24.5687
88,25.7502,25.5955,25.4437,25.2946,25.1482,25.0042,24.8625,24.7229,24.5856,24.4501,24.3167
89,25.5196,25.3627,25.2086,25.0573,24.9086,24.7624,24.6186,24.4769,24.3375,24.2,24.0646
90,25.2891,25.1298,24.9734,24.8198,24.6689,24.5206,24.3746,24.2309,24.0894,23.9498,23.8124
91,25.0585,24.8968,24.7382,24.5824,24.4293,24.2788,24.1307,23.9848,23.8412,23.6996,23.5602
92,24.8279,24.6639,24.503,24.3449,24.1896,24.0369,23.8867,23.7387,23.5931,23.4494,23.3079
93,24.5973,24.431,24.2678,24.1075,23.9499,23.7951,23.6427,23.4926,23.3449,23.1991,23.0557
94,24.3668,24.1981,24.0326,23.87,23.7102,23.5532,23.3987,23.2465,23.0967,22.9489,22.8033
95,24.1362,23.9653,23.7974,23.6326,23.4706,23.3114,23.1547,23.0003,22.8484,22.6986,22.551
96,23.9058,23.7325,23.5623,23.3952,23.231,23.0696,22.9107,22.7542,22.6002,22.4483,22.2987
97,23.6754,23.4997,23.3272,23.1579,22.9914,22.8278,22.6667,22.5081,22.352,22.198,22.0463
98,23.445,23.267,23.0922,22.9205,22.7518,22.586,22.4228,22.262,22.1038,21.9477,21.794
99,23.2148,23.0343,22.8572,22.6833,22.5123,22.3443,22.1788,22.016,21.8556,21.6974,21.5416
100,22.9845,22.8017,22.6223,22.446,22.2728,22.1025,21.9349,21.7699,21.6074,21.447,21.2892
101,22.7544,22.5692,22.3874,22.2088,22.0333,21.8608,21.691,21.5238,21.3591,21.1967,21.0367
102,22.5242,22.3367,22.1525,21.9717,21.7939,21.6191,21.4471,21.2777,21.1109,20.9463,20.7842
103,22.2942,22.1042,21.9177,21.7345,21.5544,21.3774,21.2031,21.0315,20.8625,20.6958,20.5316
104,22.0642,21.8718,21.6829,21.4973,21.3149,21.1357,20.9592,20.7853,20.6142,20.4453,20.2789
105,21.8342,21.6394,21.448,21.2602,21.0755,20.8939,20.7151,20.5391,20.3657,20.1946,20.0261
106,21.6042,21.4069,21.2132,21.023,20.8359,20.6521,20.471,20.2927,20.1172,19.9439,19.7732
107,21.3742,21.1745,20.9784,20.7858,20.5964,20.4102,20.2269,20.0463,19.8685,19.693,19.5201
108,21.1442,20.9421,20.7435,20.5485,20.3567,20.1682,19.9826,19.7998,19.6197,19.442,19.2669
109,20.9142,20.7096,20.5086,20.3111,20.117,19.9261,19.7382,19.5531,19.3707,19.1907,19.0135
110,20.6842,20.477,20.2735,20.0737,19.8771,19.6839,19.4936,19.3062,19.1216,18.9393,18.7598
111,20.454,20.2444,20.0384,19.8361,19.6371,19.4415,19.2489,19.0591,18.8722,18.6876,18.5058
112,20.2238,20.0116,19.8032,19.5984,19.397,19.199,19.0039,18.8118,18.6225,18.4357,18.2516
113,19.9935,19.7788,19.5678,19.3605,19.1566,18.9562,18.7587,18.5642,18.3726,18.1834,17.997
114,19.7631,19.5457,19.3322,19.1224,18.916,18.7132,18.5133,18.3164,18.1224,17.9308,17.742
115,19.5325,19.3125,19.0964,18.8841,18.6752,18.4699,18.2675,18.0682,17.8718,17.6778,17.4867
116,19.3017,19.0791,18.8604,18.6455,18.4341,18.2262,18.0214,17.8196,17.6208,17.4244,17.2309
117,19.0707,18.8455,18.6241,18.4067,18.1927,17.9823,17.775,17.5707,17.3694,17.1705,16.9746
118,18.8395,18.6116,18.3876,18.1675,17.9509,17.738,17.5281,17.3213,17.1175,16.9162,16.7178
119,18.608,18.3773,18.1507,17.928,17.7088,17.4932,17.2808,17.0715,16.8651,16.6613,16.4604
120,18.3762,18.1428,17.9135,17.688,17.4662,17.248,17.033,16.8211,16.6122,16.4058,16.2023
121,18.144,17.9079,17.6758,17.4477,17.2232,17.0023,16.7847,16.5701,16.3586,16.1496,15.9437
122,17.9115,17.6726,17.4378,17.2069,16.9797,16.7561,16.5358,16.3186,16.1045,15.8929,15.6843
123,17.6787,17.4369,17.1992,16.9656,16.7356,16.5093,16.2863,16.0664,15.8496,15.6353,15.4241
124,17.4453,17.2007,16.9602,16.7237,16.491,16.2619,16.0361,15.8136,15.594,15.3771,15.1631
125,17.2115,16.964,16.7206,16.4813,16.2457,16.0139,15.7853,15.5599,15.3377,15.118,14.9013
126,16.9772,16.7267,16.4804,16.2383,15.9998,15.7651,15.5337,15.3056,15.0805,14.858,14.6386
127,16.7424,16.4889,16.2397,15.9945,15.7532,15.5156,15.2813,15.0503,14.8224,14.5971,14.3748
128,16.5069,16.2505,15.9982,15.7501,15.5058,15.2653,15.0281,14.7942,14.5634,14.3352,14.1101
129,16.2709,16.0113,15.7561,15.505,15.2576,15.0142,14.774,14.5372,14.3034,14.0723,13.8443
130,16.0342,15.7715,15.5132,15.259,15.0086,14.7622,14.519,14.2791,14.0424,13.8083,13.5773
131,15.7967,15.5309,15.2695,15.0122,14.7587,14.5092,14.263,14.0201,13.7803,13.5432,13.3092
132,15.5586,15.2896,15.0249,14.7645,14.5079,14.2552,14.0059,13.7599,13.5171,13.2768,13.0398
133,15.3196,15.0474,14.7795,14.5159,14.2561,14.0003,13.7477,13.4986,13.2526,13.0092,12.7691
134,15.0799,14.8043,14.5331,14.2663,14.0032,13.7442,13.4884,13.2361,12.9869,12.7403,12.4969
135,14.8392,14.5603,14.2858,14.0156,13.7493,13.4869,13.2279,12.9723,12.7199,12.47,12.2234
136,14.5976,14.3153,14.0375,13.7639,13.4942,13.2285,12.9662,12.7073,12.4515,12.1983,11.9483
137,14.3551,14.0693,13.788,13.511,13.2379,12.9689,12.7031,12.4408,12.1816,11.925,11.6716
138,14.1116,13.8223,13.5375,13.257,12.9804,12.7079,12.4387,12.1729,11.9102,11.6501,11.3932
139,13.867,13.5741,13.2857,13.0017,12.7216,12.4455,12.1727,11.9034,11.6372,11.3736,11.1131
140,13.6213,13.3248,13.0328,12.7451,12.4614,12.1817,11.9053,11.6324,11.3626,11.0953,10.8312
141,13.3744,13.0742,12.7785,12.4872,12.1998,11.9164,11.6363,11.3597,11.0862,10.8151,10.5473
142,13.1263,12.8224,12.5229,12.2279,11.9367,11.6495,11.3657,11.0853,10.808,10.5331,10.2614
143,12.877,12.5693,12.2659,11.967,11.672,11.381,11.0933,10.809,10.5278,10.2491,9.9735
144,12.6264,12.3147,12.0075,11.7047,11.4057,11.1108,10.8192,10.5309,10.2457,9.96297,9.68337
145,12.3744,12.0587,11.7475,11.4407,11.1377,10.8388,10.5431,10.2508,9.96158,9.6747,9.39096
146,12.121,11.8013,11.486,11.175,10.868,10.565,10.2652,9.96869,9.67525,9.38415,9.09616
147,11.8661,11.5422,11.2227,10.9076,10.5964,10.2892,9.98513,9.6844,9.38667,9.09124,8.79888
148,11.6097,11.2815,10.9578,10.6384,10.3229,10.0114,9.70298,9.39788,9.09574,8.79585,8.499
149,11.3517,11.0192,10.6911,10.3673,10.0474,9.73147,9.41862,9.10903,8.80236,8.49788,8.1964
150,11.092,10.755,10.4225,10.0943,9.76988,9.44938,9.13196,8.81776,8.50642,8.19722,7.89096
151,10.8305,10.489,10.152,9.81917,9.49015,9.165,8.84288,8.52394,8.2078,7.89373,7.58255
152,10.5673,10.2212,9.87943,9.54193,9.20818,8.87826,8.55131,8.22748,7.90639,7.5873,7.27102
153,10.3022,9.95131,9.60479,9.26248,8.92387,8.58903,8.25711,7.92825,7.60206,7.27778,6.95624
154,10.0351,9.6794,9.32797,8.98072,8.63711,8.29723,7.96019,7.62614,7.29468,6.96504,6.63805
155,9.76604,9.40534,9.04889,8.69655,8.34782,8.00273,7.66042,7.32101,6.98411,6.64891,6.31627
156,9.49487,9.12905,8.76744,8.40989,8.05587,7.70543,7.35767,7.01273,6.67019,6.32925,5.99075
157,9.22151,8.85045,8.48354,8.12061,7.76116,7.40519,7.05181,6.70115,6.35278,6.00587,5.66128
158,8.94588,8.56944,8.19708,7.82863,7.46356,7.1019,6.74271,6.38612,6.03169,5.67859,5.32766
159,8.6679,8.28592,7.90795,7.53381,7.16296,6.7954,6.4302,6.06747,5.70676,5.34721,4.98969
160,8.38747,7.9998,7.61606,7.23604,6.85922,6.48557,6.11413,5.74502,5.37779,5.01154,4.64712
161,8.10449,7.71097,7.32127,6.93519,6.55219,6.17223,5.79433,5.4186,5.04458,4.67133,4.29973
162,7.81886,7.41931,7.02347,6.63113,6.24174,5.85523,5.47062,5.088,4.7069,4.32635,3.94723
163,7.53047,7.1247,6.72252,6.3237,5.92769,5.53439,5.14281,4.75301,4.36452,3.97634,3.58935
164,7.23921,6.82702,6.41828,6.01276,5.60988,5.20953,4.81068,4.41341,4.01719,3.62102,3.22578
165,6.94495,6.52614,6.11062,5.69815,5.28813,4.88044,4.47402,4.06894,3.66465,3.26011,2.8562
166,6.64758,6.22191,5.79937,5.37968,4.96225,4.54691,4.1326,3.71934,3.30659,2.89327,2.48025
167,6.34695,5.91419,5.48436,5.05718,4.63203,4.20872,3.78615,3.36435,2.94273,2.52018,2.09757
168,6.04292,5.60281,5.16542,4.73045,4.29725,3.86562,3.43442,3.00365,2.57271,2.14046,1.70775
169,5.73535,5.28761,4.84236,4.39927,3.95768,3.51735,3.0771,2.63693,2.1962,1.75372,1.31036
170,5.42406,4.96841,4.51498,4.06343,3.61307,3.16363,2.7139,2.26384,1.8128,1.35955,0.904942
171,5.1089,4.64501,4.18307,3.72268,3.26315,2.80416,2.34447,1.88401,1.42212,0.957499,0.49102
172,4.78967,4.31722,3.84639,3.37676,2.90763,2.43862,1.96846,1.49706,1.02372,0.547105,0.0680812
173,4.46618,3.9848,3.50469,3.02541,2.54621,2.06667,1.5855,1.10257,0.617147,0.127865,-0.364413
174,4.13823,3.64754,3.15773,2.66833,2.17855,1.68795,1.19518,0.700089,0.20192,-0.300743,-0.807024
175,3.80559,3.30518,2.80521,2.30519,1.80431,1.30207,0.797074,0.289156,-0.222472,-0.739265,-1.26033
176,3.46804,2.95745,2.44684,1.93568,1.42312,0.908614,0.39073,-0.130724,-0.65656,-1.18827,-1.72493
177,3.12531,2.60407,2.0823,1.55943,1.03458,0.507149,-0.0243275,-0.560068,-1.1009,-1.64834,-2.20143
178,2.77714,2.24473,1.71125,1.17607,0.638272,0.0972154,-0.4486,-0.99941,-1.55605,-2.12006,-2.69042
179,2.42324,1.87913,1.33333,0.785185,0.233751,-0.32167,-0.882608,-1.44931,-2.02259,-2.60402,-3.1925
180,2.0633,1.5069,0.948156,0.386362,-0.179446,-0.75001,-1.32689,-1.91032,-2.50111,-3.10081,-3.70822
181,1.69701,1.12769,0.555322,-0.0208466,-0.601804,-1.18833,-1.78199,-2.38301,-2.99217,-3.61098,-4.23811
182,1.32402,0.741116,0.154402,-0.436909,-1.03383,-1.63715,-2.24846,-2.86795,-3.49632,-4.13504,-4.78262
183,0.943953,0.346766,-0.255052,-0.862311,-1.47603,-2.09703,-2.72687,-3.36568,-4.01408,-4.67346,-5.34213
184,0.556436,-0.0557864,-0.673505,-1.29755,-1.92895,-2.5685,-3.21774,-3.87671,-4.54591,-5.22661,-5.91691
185,0.161059,-0.466987,-1.10144,-1.74315,-2.3931,-3.05209,-3.72159,-4.40151,-5.09221,-5.7948,-6.50711
186,-0.242604,-0.887299,-1.53936,-2.19961,-2.86903,-3.54832,-4.2389,-4.94049,-5.65329,-6.3782,-7.11277
187,-0.654996,-1.3172,-1.98775,-2.66746,-3.35722,-4.05766,-4.77007,-5.49398,-6.22935,-6.97686,-7.73375
188,-1.07658,-1.75718,-2.44714,-3.1472,-3.85817,-4.58055,-5.31546,-6.0622,-6.82047,-7.59069,-8.36978
189,-1.50781,-2.20773,-2.918,-3.63931,-4.37231,-5.11734,-5.87532,-6.64528,-7.4266,-8.21946,-9.02043
190,-1.94919,-2.66934,-3.40084,-4.14424,-4.90002,-5.66832,-6.44981,-7.24319,-8.04755,-8.86277,-9.6851
191,-2.40118,-3.14249,-3.89609,-4.66239,-5.44162,-6.23368,-7.03896,-7.8558,-8.68297,-9.52009,-10.3631
192,-2.86426,-3.62763,-4.40418,-5.19409,-5.99733,-6.81349,-7.64266,-8.48282,-9.33239,-10.1908,-11.0536
193,-3.33888,-4.1252,-4.92547,-5.7396,-6.56726,-7.4077,-8.26069,-9.12381,-9.99519,-10.874,-11.7556
194,-3.8255,-4.63557,-5.46024,-6.29909,-7.15144,-8.01615,-8.89267,-9.77821,-10.6706,-11.5688,-12.4682
195,-4.32449,-5.15907,-6.0087,-6.87261,-7.74972,-8.63852,-9.5381,-10.4453,-11.3578,-12.2744,-13.1903
196,-4.83621,-5.69595,-6.57097,-7.46012,-8.36188,-9.27437,-10.1963,-11.1244,-12.0559,-12.9897,-13.9208
197,-5.36096,-6.24636,-7.14705,-8.06142,-8.98754,-9.92313,-10.8667,-11.8145,-12.7639,-13.7137,-14.6588
198,-5.89893,-6.81038,-7.73682,-8.67622,-9.62619,-10.5841,-11.5483,-12.5148,-13.4808,-14.4453,-15.4033
199,-6.45027,-7.38796,-8.34007,-9.30408,-10.2772,-11.2566,-12.2402,-13.2242,-14.2057,-15.1836,-16.1532
200,-7.01498,-7.97895,-8.95643,-9.94448,-10.9399,-11.9397,-12.9416,-13.9418,-14.9374,-15.9275,-16.9077
201,-7.593,-8.58307,-9.58545,-10.5967,-11.6135,-12.6325,-13.6515,-14.6666,-15.6751,-16.6763,-17.6659
202,-8.18413,-9.19994,-10.2265,-11.2602,-12.2972,-13.3341,-14.3689,-15.3976,-16.4179,-17.4291,-18.4272
203,-8.78807,-9.82906,-10.879,-11.9339,-12.9899,-14.0436,-15.0929,-16.1341,-17.165,-18.1852,-19.1909
204,-9.4044,-10.4698,-11.5422,-12.6172,-13.6909,-14.76,-15.8226,-16.8751,-17.9156,-18.9439,-19.9565
205,-10.0326,-11.1216,-12.2152,-13.3091,-14.3993,-15.4825,-16.5572,-17.6199,-18.669,-19.7046,-20.7234
206,-10.6721,-11.7836,-12.8973,-14.0087,-15.114,-16.2102,-17.2958,-18.3678,-19.4247,-20.4669,-21.4915
207,-11.3222,-12.455,-13.5875,-14.7152,-15.8344,-16.9424,-18.0379,-19.1182,-20.1821,-21.2305,-22.2604
208,-11.9821,-13.135,-14.285,-15.4277,-16.5596,-17.6782,-18.7827,-19.8706,-20.941,-21.9949,-23.0298
209,-12.6511,-13.8229,-14.989,-16.1454,-17.2889,-18.4172,-19.5297,-20.6245,-21.7009,-22.7601,-23.7998
210,-13.3284,-14.5176,-15.6986,-16.8676,-18.0215,-19.1586,-20.2785,-21.3797,-22.4616,-23.5259,-24.5702
211,-14.0131,-15.2185,-16.4132,-17.5935,-18.757,-19.902,-21.0288,-22.1358,-23.2231,-24.2922,-25.3409
212,-14.7045,-15.9248,-17.1319,-18.3226,-19.4947,-20.647,-21.7801,-22.8928,-23.9851,-25.0589,-26.1121
213,-15.4018,-16.6357,-17.8541,-19.0543,-20.2343,-21.3934,-22.5324,-23.6504,-24.7477,-25.826,-26.8836
214,-16.1042,-17.3505,-18.5793,-19.7881,-20.9754,-22.1408,-23.2855,-24.4087,-25.5107,-26.5936,-27.6555
215,-16.811,-18.0687,-19.3069,-20.5236,-21.7177,-22.8891,-24.0393,-25.1675,-26.2743,-27.3617,-28.4278
216,-17.5216,-18.7897,-20.0366,-21.2606,-22.461,-23.6383,-24.7937,-25.9269,-27.0384,-28.1303,-29.2005
217,-18.2354,-19.513,-20.7679,-21.9987,-23.2053,-24.3881,-25.5488,-26.6869,-27.8031,-28.8993,-29.9738
218,-18.9519,-20.2383,-21.5005,-22.7379,-23.9504,-25.1387,-26.3045,-27.4475,-28.5683,-29.669,-30.7476
219,-19.6707,-20.9652,-22.2344,-23.4781,-24.6963,-25.89,-27.0609,-28.2088,-29.3342,-30.4392,-31.522
220,-20.3914,-21.6934,-22.9693,-24.2191,-25.443,-26.642,-27.8181,-28.9708,-30.1007,-31.2101,-32.2971
221,-21.1136,-22.4229,-23.7052,-24.9609,-26.1905,-27.3949,-28.5759,-29.7334,-30.868,-31.9817,-33.0729
222,-21.8373,-23.1534,-24.4421,-25.7037,-26.9388,-28.1485,-29.3346,-30.4969,-31.636,-32.7541,-33.8496
223,-22.5621,-23.8849,-25.1798,-26.4473,-27.688,-28.903,-30.0941,-31.2612,-32.4048,-33.5274,-34.6273
224,-23.2881,-24.6175,-25.9185,-27.1918,-28.4381,-29.6584,-30.8545,-32.0264,-33.1746,-34.3018,-35.4062
225,-24.0152,-25.351,-26.6582,-27.9374,-29.1892,-30.4147,-31.6158,-32.7925,-33.9455,-35.0773,-36.1866
226,-24.7433,-26.0856,-27.3989,-28.6839,-29.9413,-31.172,-32.3782,-33.5597,-34.7175,-35.8542,-36.9685
227,-25.4725,-26.8212,-28.1407,-29.4315,-30.6944,-31.9304,-33.1416,-34.3281,-35.4909,-36.6328,-37.7523
228,-26.2029,-27.558,-28.8836,-30.1802,-31.4486,-32.6898,-33.9062,-35.0979,-36.2659,-37.4131,-38.5382
229,-26.9344,-28.2959,-29.6276,-30.93,-32.2039,-33.4505,-34.6722,-35.8692,-37.0426,-38.1955,-39.3266
230,-27.6671,-29.0351,-30.3729,-31.681,-32.9605,-34.2126,-35.4397,-36.6422,-37.8214,-38.9802,-40.1175
231,-28.4011,-29.7755,-31.1193,-32.4333,-33.7184,-34.9761,-36.2088,-37.4172,-38.6024,-39.7676,-40.9114
232,-29.1363,-30.5172,-31.8671,-33.187,-34.4778,-35.7413,-36.9799,-38.1943,-39.386,-40.5578,-41.7085
233,-29.8729,-31.2602,-32.6163,-33.9421,-35.2389,-36.5083,-37.7531,-38.974,-40.1723,-41.3511,-42.509
234,-30.6109,-32.0046,-33.3669,-34.6988,-36.0017,-37.2773,-38.5286,-39.7563,-40.9617,-42.1478,-43.3131
235,-31.3504,-32.7505,-34.1191,-35.4572,-36.7664,-38.0487,-39.3068,-40.5416,-41.7544,-42.948,-44.121
236,-32.0913,-33.498,-34.873,-36.2176,-37.5334,-38.8226,-40.0879,-41.3301,-42.5506,-43.752,-44.9328
237,-32.8339,-34.2472,-35.6287,-36.98,-38.3028,-39.5992,-40.8721,-42.1221,-43.3505,-44.5599,-45.7487
238,-33.578,-34.9981,-36.3865,-37.7448,-39.0749,-40.3789,-41.6596,-42.9177,-44.1543,-45.3719,-46.5686
239,-34.324,-35.751,-37.1465,-38.5122,-39.8499,-41.1618,-42.4507,-43.7172,-44.9621,-46.1879,-47.3928
240,-35.0719,-36.5061,-37.909,-39.2823,-40.6281,-41.9483,-43.2457,-44.5207,-45.7741,-47.0082,-48.2212
241,-35.8218,-37.2635,-38.6741,-40.0555,-41.4096,-42.7384,-44.0445,-45.3282,-46.5902,-47.8327,-49.0538
242,-36.574,-38.0234,-39.4422,-40.832,-42.1948,-43.5325,-44.8475,-46.14,-47.4106,-48.6615,-49.8908
243,-37.3286,-38.7862,-40.2133,-41.612,-42.9838,-44.3306,-45.6546,-46.9561,-48.2353,-49.4947,-50.7322
244,-38.0858,-39.5519,-40.9879,-42.3957,-43.7767,-45.1328,-46.4661,-47.7765,-49.0645,-50.3323,-51.5782
245,-38.8458,-40.3208,-41.7661,-43.1833,-44.5739,-45.9394,-47.2819,-48.6013,-49.898,-51.1744,-52.4288
246,-39.609,-41.0933,-42.5481,-43.975,-45.3752,-46.7503,-48.1021,-49.4305,-50.7361,-52.0212,-53.2844
247,-40.3755,-41.8694,-43.3341,-44.7709,-46.1809,-47.5656,-48.9267,-50.2643,-51.5788,-52.8729,-54.1451
248,-41.1455,-42.6494,-44.1242,-45.5711,-46.9911,-48.3854,-49.7559,-51.1027,-52.4263,-53.7296,-55.0112
249,-41.9193,-43.4335,-44.9186,-46.3757,-47.8057,-49.2097,-50.5897,-51.9458,-53.2788,-54.5917,-55.8832
250,-42.697,-44.2217,-45.7174,-47.1848,-48.6249,-50.0386,-51.4282,-52.7939,-54.1366,-55.4594,-56.7614
251,-43.4788,-45.0144,-46.5207,-47.9985,-49.4486,-50.8722,-52.2716,-53.6471,-54.9999,-56.3333,-57.6463
252,-44.2649,-45.8114,-47.3285,-48.8168,-50.277,-51.7107,-53.1201,-54.5058,-55.8692,-57.2137,-58.5385
253,-45.0555,-46.613,-48.1409,-49.6397,-51.1102,-52.5541,-53.9738,-55.3703,-56.7448,-58.1011,-59.4385
254,-45.8505,-47.4192,-48.958,-50.4674,-51.9484,-53.4027,-54.8332,-56.2409,-57.6273,-58.9962,-60.3469
255,-46.6501,-48.2301,-49.7798,-51.2999,-52.7916,-54.2569,-55.6986,-57.1181,-58.5171,-59.8994,-61.2642
256,-47.4543,-49.0457,-50.6064,-52.1375,-53.6402,-55.1168,-56.5704,-58.0025,-59.4148,-60.8113,-62.1912
257,-48.2632,-49.866,-51.438,-52.9802,-54.4944,-55.9828,-57.449,-58.8945,-60.321,-61.7327,-63.1283
258,-49.077,-50.6913,-52.2747,-53.8284,-55.3545,-56.8555,-58.335,-59.7947,-61.2364,-62.6639,-64.0761
259,-49.8955,-51.5215,-53.1166,-54.6824,-56.221,-57.7353,-59.229,-60.7037,-62.1614,-63.6057,-65.035
260,-50.719,-52.357,-53.9642,-55.5425,-57.0943,-58.6226,-60.1314,-61.6222,-63.0967,-64.5584,-66.0051
261,-51.5476,-53.1978,-54.8176,-56.409,-57.9748,-59.5182,-61.0429,-62.5507,-64.0428,-65.5224,-66.9866
262,-52.3814,-54.0443,-55.6772,-57.2825,-58.8632,-60.4225,-61.9642,-63.4897,-65.0001,-66.4978,-67.9792
263,-53.2207,-54.8967,-56.5434,-58.1635,-59.76,-61.3361,-62.8957,-64.4397,-65.9687,-67.4845,-68.9822
264,-54.0657,-55.7554,-57.4168,-59.0525,-60.6658,-62.2598,-63.838,-65.4011,-66.9489,-68.4821,-69.9947
265,-54.9167,-56.6209,-58.2977,-59.9501,-61.5812,-63.1939,-64.7916,-66.3741,-67.9403,-69.4897,-71.0149
266,-55.7741,-57.4936,-59.1868,-60.8569,-62.5067,-64.1391,-65.7567,-67.3585,-68.9423,-70.5061,-72.0404
267,-56.6384,-58.374,-60.0847,-61.7734,-63.443,-65.0957,-66.7334,-68.3541,-69.9539,-71.5292,-73.0683
268,-57.5099,-59.2627,-60.9919,-62.7004,-64.3905,-66.0639,-67.7215,-69.3599,-70.9735,-72.5563,-74.0944
269,-58.3892,-60.1603,-61.9091,-63.6382,-65.3495,-67.0438,-68.7206,-70.3748,-71.9987,-73.5838,-75.1139
270,-59.2769,-61.0673,-62.8367,-64.5874,-66.3203,-68.0351,-69.7297,-71.3969,-73.0264,-74.6073,-76.121
271,-60.1735,-61.9844,-63.7755,-65.5483,-67.3028,-69.0371,-70.7473,-72.4235,-74.0527,-75.6214,-77.109
272,-61.0797,-62.9122,-64.7257,-66.5209,-68.2966,-70.0489,-71.7712,-73.4512,-75.0728,-76.6199,-78.0707
273,-61.996,-63.8511,-65.6877,-67.5054,-69.301,-71.0685,-72.7986,-74.4756,-76.0807,-77.5959,-78.9986
274,-62.9231,-64.8016,-66.6616,-68.5011,-70.3148,-72.0938,-73.8257,-75.4915,-77.0699,-78.5418,-79.8853
275,-63.8613,-65.7639,-67.6472,-69.5073,-71.3361,-73.1215,-74.8477,-76.4927,-78.0333,-79.4502,-80.7241
276,-64.8113,-66.7382,-68.6442,-70.5225,-72.3622,-74.1476,-75.8591,-77.4723,-78.9633,-80.314,-81.5089
277,-65.7732,-67.7244,-69.6515,-71.5449,-73.3899,-75.167,-76.8535,-78.4231,-79.8524,-81.1266,-82.2353
278,-66.7471,-68.7218,-70.6677,-72.5716,-74.4148,-76.174,-77.8237,-79.3373,-80.6938,-81.8828,-82.9003
279,-67.7329,-69.7296,-71.6908,-73.5992,-75.4317,-77.1618,-78.7623,-80.2078,-81.4815,-82.579,-83.5028
280,-68.7301,-70.7463,-72.7178,-74.623,-76.4346,-78.1231,-79.6617,-81.0279,-82.2109,-83.2129,-84.0431
281,-69.7378,-71.7697,-73.7451,-75.6377,-77.4164,-79.0505,-80.5148,-81.7923,-82.879,-83.7842,-84.5231
282,-70.7543,-72.7969,-74.7681,-76.637,-78.3699,-79.9364,-81.3155,-82.4969,-83.4845,-84.2942,-84.946
283,-71.7776,-73.8241,-75.7812,-77.6139,-79.2874,-80.7739,-82.0587,-83.1394,-84.0277,-84.7452,-85.3156
284,-72.8048,-74.8466,-76.778,-78.561,-80.1616,-81.5574,-82.7411,-83.7193,-84.5105,-85.1409,-85.6364
285,-73.832,-75.8589,-77.7514,-79.4706,-80.9859,-82.2821,-83.361,-84.2374,-84.9359,-85.4856,-85.9133
286,-74.8547,-76.8543,-78.6939,-80.3355,-81.7547,-82.9452,-83.9183,-84.6962,-85.3078,-85.7838,-86.151
287,-75.867,-77.8259,-79.5979,-81.1492,-82.4638,-83.5456,-84.4147,-85.0991,-85.6306,-86.0404,-86.3541
288,-76.8626,-78.7661,-80.4563,-81.9065,-83.1109,-84.0838,-84.8527,-85.4502,-85.9093,-86.2602,-86.5272
289,-77.8342,-79.6672,-81.2626,-82.6034,-83.6952,-84.5616,-85.2363,-85.7543,-86.1485,-86.4478,-86.6742
290,-78.7744,-80.5221,-82.0118,-83.238,-84.2176,-84.9823,-85.5698,-86.0161,-86.353,-86.6072,-86.7987
291,-79.6756,-81.3246,-82.7003,-83.8098,-84.6803,-85.3498,-85.858,-86.2404,-86.5272,-86.7425,-86.904
292,-80.5305,-82.0695,-83.3262,-84.32,-85.0868,-85.6685,-86.1056,-86.4319,-86.6751,-86.8569,-86.993
293,-81.3329,-82.7536,-83.8894,-84.7711,-85.4412,-85.9435,-86.3174,-86.5947,-86.8004,-86.9537,-87.0682
294,-82.0778,-83.3749,-84.3912,-85.1668,-85.7481,-86.1794,-86.4979,-86.7328,-86.9064,-87.0354,-87.1316
295,-82.7616,-83.9336,-84.8343,-85.5112,-86.0124,-86.3809,-86.6513,-86.8497,-86.9959,-87.1044,-87.1852
296,-83.3828,-84.431,-85.2225,-85.8091,-86.2389,-86.5524,-86.7812,-86.9485,-87.0715,-87.1626,-87.2305
297,-83.9412,-84.8699,-85.5601,-86.0653,-86.4322,-86.698,-86.8911,-87.0319,-87.1353,-87.2118,-87.2688
298,-84.4384,-85.2542,-85.8519,-86.2847,-86.5965,-86.8213,-86.984,-87.1023,-87.1891,-87.2533,-87.3012
299,-84.877,-85.5882,-86.1026,-86.4717,-86.7359,-86.9255,-87.0623,-87.1617,-87.2346,-87.2885,-87.3288
300,-85.261,-85.8766,-86.3171,-86.6306,-86.8539,-87.0134,-87.1284,-87.2119,-87.273,-87.3184,-87.3523
301,-85.5947,-86.1245,-86.4999,-86.7654,-86.9535,-87.0877,-87.1842,-87.2542,-87.3056,-87.3437,-87.3723
302,-85.8829,-86.3363,-86.6551,-86.8793,-87.0376,-87.1503,-87.2313,-87.2901,-87.3332,-87.3653,-87.3895
303,-86.1304,-86.5168,-86.7866,-86.9755,-87.1086,-87.2031,-87.2711,-87.3204,-87.3567,-87.3838,-87.4043
304,-86.3421,-86.6701,-86.8978,-87.0567,-87.1684,-87.2477,-87.3047,-87.3462,-87.3768,-87.3997,-87.4171
305,-86.5223,-86.7999,-86.9917,-87.1252,-87.2189,-87.2854,-87.3333,-87.3682,-87.394,-87.4134,-87.4283
306,-86.6754,-86.9096,-87.0709,-87.1829,-87.2615,-87.3173,-87.3575,-87.387,-87.4088,-87.4253,-87.438
307,-86.8049,-87.0022,-87.1377,-87.2316,-87.2975,-87.3444,-87.3782,-87.4031,-87.4216,-87.4357,-87.4466
308,-86.9145,-87.0803,-87.1939,-87.2727,-87.328,-87.3674,-87.3959,-87.4169,-87.4327,-87.4448,-87.4542
309,-87.0069,-87.1461,-87.2414,-87.3075,-87.3539,-87.387,-87.4111,-87.4289,-87.4424,-87.4528,-87.461
310,-87.0848,-87.2016,-87.2815,-87.3369,-87.3759,-87.4038,-87.4242,-87.4394,-87.451,-87.46,-87.4671
311,-87.1505,-87.2484,-87.3153,-87.3618,-87.3947,-87.4182,-87.4356,-87.4486,-87.4585,-87.4664,-87.4727
312,-87.2058,-87.2878,-87.344,-87.3831,-87.4107,-87.4307,-87.4455,-87.4566,-87.4653,-87.4722,-87.4778
313,-87.2525,-87.3212,-87.3684,-87.4012,-87.4246,-87.4415,-87.4542,-87.4638,-87.4714,-87.4775,-87.4825
314,-87.2919,-87.3495,-87.3891,-87.4167,-87.4365,-87.451,-87.4619,-87.4702,-87.4769,-87.4823,-87.4868
315,-87.3251,-87.3734,-87.4067,-87.4301,-87.4469,-87.4593,-87.4687,-87.476,-87.4819,-87.4868,-87.4909
316,-87.3533,-87.3938,-87.4219,-87.4417,-87.456,-87.4667,-87.4748,-87.4813,-87.4865,-87.491,-87.4948
317,-87.3771,-87.4112,-87.4349,-87.4517,-87.464,-87.4732,-87.4804,-87.4861,-87.4908,-87.4949,-87.4984
318,-87.3974,-87.4261,-87.4462,-87.4605,-87.4711,-87.4791,-87.4854,-87.4906,-87.4949,-87.4986,-87.5019
319,-87.4147,-87.439,-87.456,-87.4683,-87.4774,-87.4845,-87.4901,-87.4947,-87.4986,-87.5021,-87.5052
320,-87.4296,-87.4501,-87.4646,-87.4752,-87.4831,-87.4893,-87.4944,-87.4986,-87.5022,-87.5055,-87.5084
321,-87.4423,-87.4597,-87.4722,-87.4813,-87.4883,-87.4938,-87.4984,-87.5022,-87.5056,-87.5087,-87.5115
322,-87.4534,-87.4682,-87.4789,-87.4869,-87.493,-87.498,-87.5021,-87.5057,-87.5089,-87.5118,-87.5145
323,-87.463,-87.4756,-87.4849,-87.4919,-87.4974,-87.5019,-87.5057,-87.509,-87.5121,-87.5148,-87.5175
324,-87.4714,-87.4823,-87.4903,-87.4965,-87.5014,-87.5055,-87.5091,-87.5122,-87.5151,-87.5178,-87.5203
325,-87.4788,-87.4882,-87.4952,-87.5007,-87.5052,-87.509,-87.5123,-87.5153,-87.5181,-87.5207,-87.5231
326,-87.4853,-87.4935,-87.4997,-87.5047,-87.5088,-87.5123,-87.5154,-87.5183,-87.521,-87.5235,-87.5259
327,-87.4912,-87.4983,-87.5039,-87.5084,-87.5122,-87.5155,-87.5185,-87.5212,-87.5238,-87.5263,-87.5286
328,-87.4965,-87.5028,-87.5078,-87.5119,-87.5154,-87.5185,-87.5214,-87.524,-87.5266,-87.529,-87.5313
329,-87.5013,-87.5069,-87.5114,-87.5152,-87.5185,-87.5215,-87.5242,-87.5268,-87.5293,-87.5317,-87.534
330,-87.5056,-87.5107,-87.5148,-87.5184,-87.5215,-87.5244,-87.527,-87.5295,-87.532,-87.5343,-87.5366
331,-87.5097,-87.5143,-87.5181,-87.5214,-87.5244,-87.5272,-87.5297,-87.5322,-87.5346,-87.5369,-87.5392
332,-87.5135,-87.5177,-87.5212,-87.5244,-87.5272,-87.5299,-87.5324,-87.5348,-87.5372,-87.5395,-87.5417
333,-87.517,-87.5209,-87.5242,-87.5272,-87.53,-87.5326,-87.5351,-87.5374,-87.5398,-87.5421,-87.5443
334,-87.5203,-87.5239,-87.5271,-87.53,-87.5327,-87.5352,-87.5377,-87.54,-87.5423,-87.5446,-87.5468
335,-87.5235,-87.5269,-87.5299,-87.5327,-87.5353,-87.5378,-87.5402,-87.5426,-87.5449,-87.5471,-87.5493
336,-87.5265,-87.5297,-87.5327,-87.5354,-87.5379,-87.5404,-87.5428,-87.5451,-87.5474,-87.5496,-87.5518
337,-87.5295,-87.5325,-87.5353,-87.538,-87.5405,-87.5429,-87.5453,-87.5476,-87.5498,-87.5521,-87.5543
338,-87.5323,-87.5352,-87.5379,-87.5405,-87.543,-87.5454,-87.5478,-87.55,-87.5523,-87.5545,-87.5567
339,-87.535,-87.5378,-87.5405,-87.5431,-87.5455,-87.5479,-87.5502,-87.5525,-87.5548,-87.557,-87.5591
340,-87.5377,-87.5404,-87.543,-87.5455,-87.548,-87.5503,-87.5527,-87.5549,-87.5572,-87.5594,-87.5616
341,-87.5403,-87.543,-87.5455,-87.548,-87.5504,-87.5528,-87.5551,-87.5574,-87.5596,-87.5618,-87.564
342,-87.5428,-87.5455,-87.548,-87.5505,-87.5528,-87.5552,-87.5575,-87.5598,-87.562,-87.5642,-87.5663
343,-87.5453,-87.5479,-87.5504,-87.5529,-87.5553,-87.5576,-87.5599,-87.5621,-87.5644,-87.5666,-87.5687
344,-87.5478,-87.5504,-87.5529,-87.5553,-87.5576,-87.56,-87.5623,-87.5645,-87.5667,-87.5689,-87.5711
345,-87.5502,-87.5528,-87.5552,-87.5577,-87.56,-87.5623,-87.5646,-87.5669,-87.5691,-87.5713,-87.5734
346,-87.5527,-87.5552,-87.5576,-87.56,-87.5624,-87.5647,-87.567,-87.5692,-87.5714,-87.5736,-87.5758
347,-87.555,-87.5575,-87.56,-87.5624,-87.5647,-87.567,-87.5693,-87.5715,-87.5738,-87.5759,-87.5781
348,-87.5574,-87.5599,-87.5623,-87.5647,-87.567,-87.5694,-87.5716,-87.5739,-87.5761,-87.5782,-87.5804
349,-87.5597,-87.5622,-87.5646,-87.567,-87.5694,-87.5717,-87.5739,-87.5762,-87.5784,-87.5805,-87.5827
350,-87.5621,-87.5645,-87.5669,-87.5693,-87.5717,-87.574,-87.5762,-87.5785,-87.5807,-87.5828,-87.585
351,-87.5644,-87.5668,-87.5692,-87.5716,-87.574,-87.5763,-87.5785,-87.5807,-87.5829,-87.5851,-87.5872
352,-87.5666,-87.5691,-87.5715,-87.5739,-87.5762,-87.5785,-87.5808,-87.583,-87.5852,-87.5874,-87.5895
353,-87.5689,-87.5714,-87.5738,-87.5762,-87.5785,-87.5808,-87.5831,-87.5853,-87.5875,-87.5896,-87.5917
354,-87.5712,-87.5736,-87.576,-87.5784,-87.5808,-87.583,-87.5853,-87.5875,-87.5897,-87.5918,-87.594
355,-87.5734,-87.5759,-87.5783,-87.5807,-87.583,-87.5853,-87.5875,-87.5897,-87.5919,-87.5941,-87.5962
356,-87.5757,-87.5781,-87.5805,-87.5829,-87.5852,-87.5875,-87.5898,-87.592,-87.5941,-87.5963,-87.5984
357,-87.5779,-87.5803,-87.5828,-87.5851,-87.5874,-87.5897,-87.592,-87.5942,-87.5964,-87.5985,-87.6006
358,-87.5801,-87.5826,-87.585,-87.5873,-87.5897,-87.5919,-87.5942,-87.5964,-87.5985,-87.6007,-87.6028
359,-87.5823,-87.5848,-87.5872,-87.5895,-87.5919,-87.5941,-87.5964,-87.5986,-87.6007,-87.6029,-87.6049
360,-87.5845,-87.587,-87.5894,-87.5917,-87.594,-87.5963,-87.5986,-87.6007,-87.6029,-87.605,-87.6071
361,-87.5867,-87.5891,-87.5915,-87.5939,-87.5962,-87.5985,-87.6007,-87.6029,-87.6051,-87.6072,-87.6092
362,-87.5889,-87.5913,-87.5937,-87.5961,-87.5984,-87.6007,-87.6029,-87.6051,-87.6072,-87.6093,-87.6114
363,-87.591,-87.5935,-87.5959,-87.5982,-87.6005,-87.6028,-87.605,-87.6072,-87.6093,-87.6114,-87.6135
364,-87.5932,-87.5956,-87.598,-87.6004,-87.6027,-87.6049,-87.6072,-87.6093,-87.6115,-87.6136,-87.6156
365,-87.5953,-87.5978,-87.6002,-87.6025,-87.6048,-87.6071,-87.6093,-87.6115,-87.6136,-87.6157,-87.6177
366,-87.5975,-87.5999,-87.6023,-87.6047,-87.6069,-87.6092,-87.6114,-87.6136,-87.6157,-87.6178,-87.6198
367,-87.5996,-87.602,-87.6044,-87.6068,-87.6091,-87.6113,-87.6135,-87.6157,-87.6178,-87.6199,-87.6219
368,-87.6017,-87.6041,-87.6065,-87.6089,-87.6112,-87.6134,-87.6156,-87.6177,-87.6199,-87.6219,-87.624
369,-87.6038,-87.6062,-87.6086,-87.611,-87.6133,-87.6155,-87.6177,-87.6198,-87.6219,-87.624,-87.626
370,-87.6059,-87.6083,-87.6107,-87.6131,-87.6153,-87.6176,-87.6198,-87.6219,-87.624,-87.6261,-87.6281
371,-87.608,-87.6104,-87.6128,-87.6151,-87.6174,-87.6196,-87.6218,-87.6239,-87.626,-87.6281,-87.6301
372,-87.6101,-87.6125,-87.6149,-87.6172,-87.6195,-87.6217,-87.6239,-87.626,-87.6281,-87.6301,-87.6321
373,-87.6121,-87.6146,-87.6169,-87.6193,-87.6215,-87.6237,-87.6259,-87.628,-87.6301,-87.6321,-87.6341
374,-87.6142,-87.6166,-87.619,-87.6213,-87.6236,-87.6258,-87.6279,-87.63,-87.6321,-87.6342,-87.6361
375,-87.6162,-87.6187,-87.621,-87.6233,-87.6256,-87.6278,-87.63,-87.6321,-87.6341,-87.6362,-87.6381
376,-87.6183,-87.6207,-87.6231,-87.6254,-87.6276,-87.6298,-87.632,-87.6341,-87.6361,-87.6381,-87.6401
377,-87.6203,-87.6227,-87.6251,-87.6274,-87.6296,-87.6318,-87.634,-87.6361,-87.6381,-87.6401,-87.6421
378,-87.6223,-87.6247,-87.6271,-87.6294,-87.6316,-87.6338,-87.636,-87.638,-87.6401,-87.6421,-87.644
379,-87.6243,-87.6268,-87.6291,-87.6314,-87.6336,-87.6358,-87.6379,-87.64,-87.642,-87.644,-87.646
380,-87.6264,-87.6288,-87.6311,-87.6334,-87.6356,-87.6378,-87.6399,-87.642,-87.644,-87.646,-87.6479
381,-87.6283,-87.6307,-87.6331,-87.6354,-87.6376,-87.6397,-87.6419,-87.6439,-87.6459,-87.6479,-87.6499
382,-87.6303,-87.6327,-87.635,-87.6373,-87.6395,-87.6417,-87.6438,-87.6459,-87.6479,-87.6499,-87.6518
383,-87.6323,-87.6347,-87.637,-87.6393,-87.6415,-87.6436,-87.6457,-87.6478,-87.6498,-87.6518,-87.6537
384,-87.6343,-87.6366,-87.639,-87.6412,-87.6434,-87.6456,-87.6477,-87.6497,-87.6517,-87.6537,-87.6556
385,-87.6362,-87.6386,-87.6409,-87.6432,-87.6454,-87.6475,-87.6496,-87.6516,-87.6536,-87.6556,-87.6575
386,-87.6382,-87.6405,-87.6428,-87.6451,-87.6473,-87.6494,-87.6515,-87.6535,-87.6555,-87.6575,-87.6594
387,-87.6401,-87.6425,-87.6448,-87.647,-87.6492,-87.6513,-87.6534,-87.6554,-87.6574,-87.6593,-87.6612
388,-87.642,-87.6444,-87.6467,-87.6489,-87.6511,-87.6532,-87.6553,-87.6573,-87.6593,-87.6612,-87.6631
389,-87.644,-87.6463,-87.6486,-87.6508,-87.653,-87.6551,-87.6572,-87.6592,-87.6611,-87.663,-87.6649
390,-87.6459,-87.6482,-87.6505,-87.6527,-87.6549,-87.657,-87.659,-87.661,-87.663,-87.6649,-87.6668
391,-87.6478,-87.6501,-87.6524,-87.6546,-87.6567,-87.6588,-87.6609,-87.6629,-87.6648,-87.6667,-87.6686
392,-87.6496,-87.652,-87.6542,-87.6564,-87.6586,-87.6607,-87.6627,-87.6647,-87.6666,-87.6686,-87.6704
393,-87.6515,-87.6538,-87.6561,-87.6583,-87.6604,-87.6625,-87.6646,-87.6665,-87.6685,-87.6704,-87.6722
394,-87.6534,-87.6557,-87.658,-87.6602,-87.6623,-87.6644,-87.6664,-87.6683,-87.6703,-87.6722,-87.674
395,-87.6553,-87.6576,-87.6598,-87.662,-87.6641,-87.6662,-87.6682,-87.6702,-87.6721,-87.674,-87.6758
396,-87.6571,-87.6594,-87.6616,-87.6638,-87.6659,-87.668,-87.67,-87.672,-87.6739,-87.6758,-87.6776
397,-87.659,-87.6612,-87.6635,-87.6656,-87.6678,-87.6698,-87.6718,-87.6737,-87.6757,-87.6775,-87.6793
398,-87.6608,-87.6631,-87.6653,-87.6675,-87.6696,-87.6716,-87.6736,-87.6755,-87.6774,-87.6793,-87.6811
399,-87.6626,-87.6649,-87.6671,-87.6693,-87.6713,-87.6734,-87.6754,-87.6773,-87.6792,-87.681,-87.6828
400,-87.6644,-87.6667,-87.6689,-87.6711,-87.6731,-87.6752,-87.6771,-87.6791,-87.6809,-87.6828,-87.6846
401,-87.6662,-87.6685,-87.6707,-87.6728,-87.6749,-87.6769,-87.6789,-87.6808,-87.6827,-87.6845,-87.6863
402,-87.668,-87.6703,-87.6725,-87.6746,-87.6767,-87.6787,-87.6807,-87.6826,-87.6844,-87.6863,-87.688
403,-87.6698,-87.6721,-87.6743,-87.6764,-87.6784,-87.6804,-87.6824,-87.6843,-87.6862,-87.688,-87.6897
404,-87.6716,-87.6738,-87.676,-87.6781,-87.6802,-87.6822,-87.6841,-87.686,-87.6879,-87.6897,-87.6915
405,-87.6734,-87.6756,-87.6778,-87.6799,-87.6819,-87.6839,-87.6859,-87.6877,-87.6896,-87.6914,-87.6931
406,-87.6751,-87.6774,-87.6795,-87.6816,-87.6836,-87.6856,-87.6876,-87.6894,-87.6913,-87.6931,-87.6948
407,-87.6769,-87.6791,-87.6812,-87.6833,-87.6854,-87.6873,-87.6893,-87.6911,-87.693,-87.6948,-87.6965
408,-87.6786,-87.6808,-87.683,-87.6851,-87.6871,-87.689,-87.691,-87.6928,-87.6946,-87.6964,-87.6982
409,-87.6804,-87.6826,-87.6847,-87.6868,-87.6888,-87.6907,-87.6926,-87.6945,-87.6963,-87.6981,-87.6998
410,-87.6821,-87.6843,-87.6864,-87.6885,-87.6905,-87.6924,-87.6943,-87.6962,-87.698,-87.6997,-87.7015
411,-87.6838,-87.686,-87.6881,-87.6902,-87.6922,-87.6941,-87.696,-87.6978,-87.6996,-87.7014,-87.7031
412,-87.6855,-87.6877,-87.6898,-87.6918,-87.6938,-87.6958,-87.6977,-87.6995,-87.7013,-87.703,-87.7047
413,-87.6872,-87.6894,-87.6915,-87.6935,-87.6955,-87.6974,-87.6993,-87.7011,-87.7029,-87.7047,-87.7064
414,-87.6889,-87.6911,-87.6931,-87.6952,-87.6972,-87.6991,-87.7009,-87.7028,-87.7045,-87.7063,-87.708
415,-87.6906,-87.6927,-87.6948,-87.6968,-87.6988,-87.7007,-87.7026,-87.7044,-87.7061,-87.7079,-87.7096
416,-87.6922,-87.6944,-87.6965,-87.6985,-87.7004,-87.7023,-87.7042,-87.706,-87.7078,-87.7095,-87.7112
417,-87.6939,-87.696,-87.6981,-87.7001,-87.7021,-87.704,-87.7058,-87.7076,-87.7094,-87.7111,-87.7127
418,-87.6956,-87.6977,-87.6997,-87.7018,-87.7037,-87.7056,-87.7074,-87.7092,-87.7109,-87.7127,-87.7143
419,-87.6972,-87.6993,-87.7014,-87.7034,-87.7053,-87.7072,-87.709,-87.7108,-87.7125,-87.7142,-87.7159
420,-87.6988,-87.701,-87.703,-87.705,-87.7069,-87.7088,-87.7106,-87.7124,-87.7141,-87.7158,-87.7174
421,-87.7005,-87.7026,-87.7046,-87.7066,-87.7085,-87.7104,-87.7122,-87.7139,-87.7157,-87.7174,-87.719
422,-87.7021,-87.7042,-87.7062,-87.7082,-87.7101,-87.7119,-87.7138,-87.7155,-87.7172,-87.7189,-87.7205
423,-87.7037,-87.7058,-87.7078,-87.7098,-87.7117,-87.7135,-87.7153,-87.7171,-87.7188,-87.7204,-87.7221
424,-87.7053,-87.7074,-87.7094,-87.7113,-87.7132,-87.7151,-87.7169,-87.7186,-87.7203,-87.722,-87.7236
425,-87.7069,-87.709,-87.711,-87.7129,-87.7148,-87.7166,-87.7184,-87.7201,-87.7218,-87.7235,-87.7251
426,-87.7085,-87.7105,-87.7125,-87.7145,-87.7163,-87.7182,-87.72,-87.7217,-87.7234,-87.725,-87.7266
427,-87.7101,-87.7121,-87.7141,-87.716,-87.7179,-87.7197,-87.7215,-87.7232,-87.7249,-87.7265,-87.7281
428,-87.7116,-87.7137,-87.7156,-87.7176,-87.7194,-87.7212,-87.723,-87.7247,-87.7264,-87.728,-87.7296
429,-87.7132,-87.7152,-87.7172,-87.7191,-87.721,-87.7228,-87.7245,-87.7262,-87.7279,-87.7295,-87.7311
430,-87.7147,-87.7168,-87.7187,-87.7206,-87.7225,-87.7243,-87.726,-87.7277,-87.7294,-87.731,-87.7326
431,-87.7163,-87.7183,-87.7203,-87.7221,-87.724,-87.7258,-87.7275,-87.7292,-87.7308,-87.7325,-87.734
432,-87.7178,-87.7198,-87.7218,-87.7237,-87.7255,-87.7273,-87.729,-87.7307,-87.7323,-87.7339,-87.7355
433,-87.7193,-87.7213,-87.7233,-87.7252,-87.727,-87.7288,-87.7305,-87.7321,-87.7338,-87.7354,-87.7369
434,-87.7209,-87.7229,-87.7248,-87.7267,-87.7285,-87.7302,-87.732,-87.7336,-87.7352,-87.7368,-87.7384
435,-87.7224,-87.7244,-87.7263,-87.7281,-87.7299,-87.7317,-87.7334,-87.7351,-87.7367,-87.7383,-87.7398
436,-87.7239,-87.7258,-87.7278,-87.7296,-87.7314,-87.7332,-87.7349,-87.7365,-87.7381,-87.7397,-87.7413
437,-87.7254,-87.7273,-87.7292,-87.7311,-87.7329,-87.7346,-87.7363,-87.738,-87.7396,-87.7411,-87.7427
438,-87.7269,-87.7288,-87.7307,-87.7326,-87.7343,-87.7361,-87.7378,-87.7394,-87.741,-87.7426,-87.7441
439,-87.7283,-87.7303,-87.7322,-87.734,-87.7358,-87.7375,-87.7392,-87.7408,-87.7424,-87.744,-87.7455
440,-87.7298,-87.7317,-87.7336,-87.7355,-87.7372,-87.7389,-87.7406,-87.7422,-87.7438,-87.7454,-87.7469
441,-87.7313,-87.7332,-87.7351,-87.7369,-87.7387,-87.7404,-87.742,-87.7436,-87.7452,-87.7468,-87.7483
442,-87.7327,-87.7346,-87.7365,-87.7383,-87.7401,-87.7418,-87.7434,-87.745,-87.7466,-87.7482,-87.7497
443,-87.7342,-87.7361,-87.7379,-87.7397,-87.7415,-87.7432,-87.7448,-87.7464,-87.748,-87.7495,-87.751
444,-87.7356,-87.7375,-87.7394,-87.7412,-87.7429,-87.7446,-87.7462,-87.7478,-87.7494,-87.7509,-87.7524
445,-87.737,-87.7389,-87.7408,-87.7426,-87.7443,-87.746,-87.7476,-87.7492,-87.7508,-87.7523,-87.7538
446,-87.7385,-87.7404,-87.7422,-87.744,-87.7457,-87.7474,-87.749,-87.7506,-87.7521,-87.7536,-87.7551
447,-87.7399,-87.7418,-87.7436,-87.7454,-87.7471,-87.7487,-87.7504,-87.7519,-87.7535,-87.755,-87.7564
448,-87.7413,-87.7432,-87.745,-87.7467,-87.7485,-87.7501,-87.7517,-87.7533,-87.7548,-87.7563,-87.7578
449,-87.7427,-87.7446,-87.7464,-87.7481,-87.7498,-87.7515,-87.7531,-87.7546,-87.7562,-87.7577,-87.7591
450,-87.7441,-87.7459,-87.7477,-87.7495,-87.7512,-87.7528,-87.7544,-87.756,-87.7575,-87.759,-87.7604
451,-87.7455,-87.7473,-87.7491,-87.7509,-87.7525,-87.7542,-87.7558,-87.7573,-87.7588,-87.7603,-87.7618
452,-87.7468,-87.7487,-87.7505,-87.7522,-87.7539,-87.7555,-87.7571,-87.7586,-87.7602,-87.7616,-87.7631
453,-87.7482,-87.7501,-87.7518,-87.7536,-87.7552,-87.7569,-87.7584,-87.76,-87.7615,-87.7629,-87.7644
454,-87.7496,-87.7514,-87.7532,-87.7549,-87.7566,-87.7582,-87.7598,-87.7613,-87.7628,-87.7642,-87.7657
455,-87.7509,-87.7528,-87.7545,-87.7562,-87.7579,-87.7595,-87.7611,-87.7626,-87.7641,-87.7655,-87.7669
456,-87.7523,-87.7541,-87.7559,-87.7576,-87.7592,-87.7608,-87.7624,-87.7639,-87.7654,-87.7668,-87.7682
457,-87.7536,-87.7554,-87.7572,-87.7589,-87.7605,-87.7621,-87.7637,-87.7652,-87.7666,-87.7681,-87.7695
458,-87.755,-87.7568,-87.7585,-87.7602,-87.7618,-87.7634,-87.765,-87.7665,-87.7679,-87.7694,-87.7708
459,-87.7563,-87.7581,-87.7598,-87.7615,-87.7631,-87.7647,-87.7662,-87.7677,-87.7692,-87.7706,-87.772
460,-87.7576,-87.7594,-87.7611,-87.7628,-87.7644,-87.766,-87.7675,-87.769,-87.7705,-87.7719,-87.7733
461,-87.7589,-87.7607,-87.7624,-87.7641,-87.7657,-87.7673,-87.7688,-87.7703,-87.7717,-87.7731,-87.7745
462,-87.7602,-87.762,-87.7637,-87.7654,-87.767,-87.7685,-87.7701,-87.7715,-87.773,-87.7744,-87.7758
463,-87.7615,-87.7633,-87.765,-87.7666,-87.7682,-87.7698,-87.7713,-87.7728,-87.7742,-87.7756,-87.777
464,-87.7628,-87.7646,-87.7663,-87.7679,-87.7695,-87.771,-87.7726,-87.774,-87.7754,-87.7768,-87.7782
465,-87.7641,-87.7658,-87.7675,-87.7692,-87.7708,-87.7723,-87.7738,-87.7752,-87.7767,-87.7781,-87.7794
466,-87.7654,-87.7671,-87.7688,-87.7704,-87.772,-87.7735,-87.775,-87.7765,-87.7779,-87.7793,-87.7806
467,-87.7666,-87.7684,-87.77,-87.7717,-87.7732,-87.7748,-87.7763,-87.7777,-87.7791,-87.7805,-87.7818
468,-87.7679,-87.7696,-87.7713,-87.7729,-87.7745,-87.776,-87.7775,-87.7789,-87.7803,-87.7817,-87.783
469,-87.7692,-87.7709,-87.7725,-87.7742,-87.7757,-87.7772,-87.7787,-87.7801,-87.7815,-87.7829,-87.7842
470,-87.7704,-87.7721,-87.7738,-87.7754,-87.7769,-87.7784,-87.7799,-87.7813,-87.7827,-87.7841,-87.7854
471,-87.7717,-87.7734,-87.775,-87.7766,-87.7781,-87.7796,-87.7811,-87.7825,-87.7839,-87.7853,-87.7866
472,-87.7729,-87.7746,-87.7762,-87.7778,-87.7794,-87.7809,-87.7823,-87.7837,-87.7851,-87.7865,-87.7878
473,-87.7741,-87.7758,-87.7774,-87.779,-87.7806,-87.782,-87.7835,-87.7849,-87.7863,-87.7876,-87.7889
474,-87.7753,-87.777,-87.7786,-87.7802,-87.7818,-87.7832,-87.7847,-87.7861,-87.7874,-87.7888,-87.7901
475,-87.7766,-87.7782,-87.7798,-87.7814,-87.7829,-87.7844,-87.7859,-87.7872,-87.7886,-87.79,-87.7912
476,-87.7778,-87.7794,-87.781,-87.7826,-87.7841,-87.7856,-87.787,-87.7884,-87.7898,-87.7911,-87.7924
477,-87.779,-87.7806,-87.7822,-87.7838,-87.7853,-87.7868,-87.7882,-87.7896,-87.7909,-87.7922,-87.7935
478,-87.7802,-87.7818,-87.7834,-87.785,-87.7865,-87.7879,-87.7893,-87.7907,-87.7921,-87.7934,-87.7947
479,-87.7814,-87.783,-87.7846,-87.7861,-87.7876,-87.7891,-87.7905,-87.7919,-87.7932,-87.7945,-87.7958
480,-87.7825,-87.7842,-87.7858,-87.7873,-87.7888,-87.7902,-87.7916,-87.793,-87.7943,-87.7957,-87.7969
481,-87.7837,-87.7853,-87.7869,-87.7885,-87.7899,-87.7914,-87.7928,-87.7941,-87.7955,-87.7968,-87.798
482,-87.7849,-87.7865,-87.7881,-87.7896,-87.7911,-87.7925,-87.7939,-87.7953,-87.7966,-87.7979,-87.7991
483,-87.7861,-87.7877,-87.7892,-87.7908,-87.7922,-87.7937,-87.795,-87.7964,-87.7977,-87.799,-87.8003
484,-87.7872,-87.7888,-87.7904,-87.7919,-87.7934,-87.7948,-87.7962,-87.7975,-87.7988,-87.8001,-87.8013
485,-87.7884,-87.79,-87.7915,-87.793,-87.7945,-87.7959,-87.7973,-87.7986,-87.7999,-87.8012,-87.8024
486,-87.7895,-87.7911,-87.7927,-87.7942,-87.7956,-87.797,-87.7984,-87.7997,-87.801,-87.8023,-87.8035
487,-87.7907,-87.7922,-87.7938,-87.7953,-87.7967,-87.7981,-87.7995,-87.8008,-87.8021,-87.8034,-87.8046
488,-87.7918,-87.7934,-87.7949,-87.7964,-87.7978,-87.7992,-87.8006,-87.8019,-87.8032,-87.8045,-87.8057
489,-87.7929,-87.7945,-87.796,-87.7975,-87.7989,-87.8003,-87.8017,-87.803,-87.8043,-87.8055,-87.8068
490,-87.794,-87.7956,-87.7971,-87.7986,-87.8,-87.8014,-87.8028,-87.8041,-87.8053,-87.8066,-87.8078
491,-87.7951,-87.7967,-87.7982,-87.7997,-87.8011,-87.8025,-87.8038,-87.8051,-87.8064,-87.8077,-87.8089
492,-87.7963,-87.7978,-87.7993,-87.8008,-87.8022,-87.8036,-87.8049,-87.8062,-87.8075,-87.8087,-87.8099
493,-87.7974,-87.7989,-87.8004,-87.8019,-87.8033,-87.8046,-87.806,-87.8073,-87.8085,-87.8098,-87.811
494,-87.7985,-87.8,-87.8015,-87.8029,-87.8043,-87.8057,-87.807,-87.8083,-87.8096,-87.8108,-87.812
495,-87.7995,-87.8011,-87.8026,-87.804,-87.8054,-87.8068,-87.8081,-87.8094,-87.8106,-87.8119,-87.813
496,-87.8006,-87.8022,-87.8036,-87.8051,-87.8065,-87.8078,-87.8091,-87.8104,-87.8117,-87.8129,-87.8141
497,-87.8017,-87.8032,-87.8047,-87.8061,-87.8075,-87.8089,-87.8102,-87.8114,-87.8127,-87.8139,-87.8151
498,-87.8028,-87.8043,-87.8058,-87.8072,-87.8086,-87.8099,-87.8112,-87.8125,-87.8137,-87.8149,-87.8161
499,-87.8039,-87.8054,-87.8068,-87.8083,-87.8096,-87.811,-87.8123,-87.8135,-87.8147,-87.816,-87.8171
500,-87.8049,-87.8064,-87.8079,-87.8093,-87.8107,-87.812,-87.8133,-87.8145,-87.8158,-87.817,-87.8181
501,-87.806,-87.8075,-87.8089,-87.8103,-87.8117,-87.813,-87.8143,-87.8155,-87.8168,-87.818,-87.8191
502,-87.807,-87.8085,-87.81,-87.8114,-87.8127,-87.814,-87.8153,-87.8166,-87.8178,-87.819,-87.8201
503,-87.8081,-87.8096,-87.811,-87.8124,-87.8137,-87.8151,-87.8163,-87.8176,-87.8188,-87.82,-87.8211
504,-87.8091,-87.8106,-87.812,-87.8134,-87.8148,-87.8161,-87.8173,-87.8186,-87.8198,-87.821,-87.8221
505,-87.8101,-87.8116,-87.813,-87.8144,-87.8158,-87.8171,-87.8183,-87.8196,-87.8208,-87.822,-87.8231
506,-87.8112,-87.8126,-87.8141,-87.8154,-87.8168,-87.8181,-87.8193,-87.8206,-87.8218,-87.8229,-87.8241
507,-87.8122,-87.8137,-87.8151,-87.8164,-87.8178,-87.8191,-87.8203,-87.8215,-87.8227,-87.8239,-87.825
508,-87.8132,-87.8147,-87.8161,-87.8174,-87.8188,-87.8201,-87.8213,-87.8225,-87.8237,-87.8249,-87.826
509,-87.8142,-87.8157,-87.8171,-87.8184,-87.8198,-87.821,-87.8223,-87.8235,-87.8247,-87.8258,-87.827
510,-87.8152,-87.8167,-87.8181,-87.8194,-87.8207,-87.822,-87.8233,-87.8245,-87.8256,-87.8268,-87.8279
511,-87.8162,-87.8177,-87.8191,-87.8204,-87.8217,-87.823,-87.8242,-87.8254,-87.8266,-87.8278,-87.8289
512,-87.8172,-87.8187,-87.82,-87.8214,-87.8227,-87.824,-87.8252,-87.8264,-87.8276,-87.8287,-87.8298
513,-87.8182,-87.8196,-87.821,-87.8224,-87.8237,-87.8249,-87.8262,-87.8273,-87.8285,-87.8297,-87.8308
514,-87.8192,-87.8206,-87.822,-87.8233,-87.8246,-87.8259,-87.8271,-87.8283,-87.8294,-87.8306,-87.8317
515,-87.8202,-87.8216,-87.823,-87.8243,-87.8256,-87.8268,-87.8281,-87.8292,-87.8304,-87.8315,-87.8326
516,-87.8212,-87.8226,-87.8239,-87.8253,-87.8265,-87.8278,-87.829,-87.8302,-87.8313,-87.8325,-87.8335
517,-87.8221,-87.8235,-87.8249,-87.8262,-87.8275,-87.8287,-87.8299,-87.8311,-87.8323,-87.8334,-87.8345
518,-87.8231,-87.8245,-87.8258,-87.8272,-87.8284,-87.8297,-87.8309,-87.832,-87.8332,-87.8343,-87.8354
519,-87.8241,-87.8254,-87.8268,-87.8281,-87.8294,-87.8306,-87.8318,-87.833,-87.8341,-87.8352,-87.8363
520,-87.825,-87.8264,-87.8277,-87.829,-87.8303,-87.8315,-87.8327,-87.8339,-87.835,-87.8361,-87.8372
521,-87.826,-87.8273,-87.8287,-87.83,-87.8312,-87.8325,-87.8336,-87.8348,-87.8359,-87.837,-87.8381
522,-87.8269,-87.8283,-87.8296,-87.8309,-87.8322,-87.8334,-87.8346,-87.8357,-87.8368,-87.8379,-87.839
523,-87.8278,-87.8292,-87.8305,-87.8318,-87.8331,-87.8343,-87.8355,-87.8366,-87.8377,-87.8388,-87.8399
524,-87.8288,-87.8301,-87.8315,-87.8327,-87.834,-87.8352,-87.8364,-87.8375,-87.8386,-87.8397,-87.8408
525,-87.8297,-87.8311,-87.8324,-87.8337,-87.8349,-87.8361,-87.8373,-87.8384,-87.8395,-87.8406,-87.8417
526,-87.8306,-87.832,-87.8333,-87.8346,-87.8358,-87.837,-87.8382,-87.8393,-87.8404,-87.8415,-87.8425
527,-87.8315,-87.8329,-87.8342,-87.8355,-87.8367,-87.8379,-87.8391,-87.8402,-87.8413,-87.8424,-87.8434
528,-87.8325,-87.8338,-87.8351,-87.8364,-87.8376,-87.8388,-87.8399,-87.841,-87.8421,-87.8432,-87.8443
529,-87.8334,-87.8347,-87.836,-87.8373,-87.8385,-87.8397,-87.8408,-87.8419,-87.843,-87.8441,-87.8451
530,-87.8343,-87.8356,-87.8369,-87.8381,-87.8394,-87.8405,-87.8417,-87.8428,-87.8439,-87.845,-87.846
531,-87.8352,-87.8365,-87.8378,-87.839,-87.8402,-87.8414,-87.8426,-87.8437,-87.8447,-87.8458,-87.8468
532,-87.8361,-87.8374,-87.8387,-87.8399,-87.8411,-87.8423,-87.8434,-87.8445,-87.8456,-87.8467,-87.8477
533,-87.837,-87.8383,-87.8395,-87.8408,-87.842,-87.8432,-87.8443,-87.8454,-87.8465,-87.8475,-87.8485
534,-87.8378,-87.8392,-87.8404,-87.8417,-87.8429,-87.844,-87.8451,-87.8462,-87.8473,-87.8484,-87.8494
535,-87.8387,-87.84,-87.8413,-87.8425,-87.8437,-87.8449,-87.846,-87.8471,-87.8482,-87.8492,-87.8502
536,-87.8396,-87.8409,-87.8422,-87.8434,-87.8446,-87.8457,-87.8468,-87.8479,-87.849,-87.85,-87.8511
537,-87.8405,-87.8418,-87.843,-87.8442,-87.8454,-87.8466,-87.8477,-87.8488,-87.8498,-87.8509,-87.8519
538,-87.8413,-87.8426,-87.8439,-87.8451,-87.8463,-87.8474,-87.8485,-87.8496,-87.8507,-87.8517,-87.8527
539,-87.8422,-87.8435,-87.8447,-87.8459,-87.8471,-87.8483,-87.8494,-87.8504,-87.8515,-87.8525,-87.8535
540,-87.8431,-87.8443,-87.8456,-87.8468,-87.848,-87.8491,-87.8502,-87.8513,-87.8523,-87.8533,-87.8543
541,-87.8439,-87.8452,-87.8464,-87.8476,-87.8488,-87.8499,-87.851,-87.8521,-87.8531,-87.8542,-87.8551
542,-87.8448,-87.846,-87.8473,-87.8485,-87.8496,-87.8507,-87.8518,-87.8529,-87.8539,-87.855,-87.856
543,-87.8456,-87.8469,-87.8481,-87.8493,-87.8504,-87.8516,-87.8527,-87.8537,-87.8547,-87.8558,-87.8568
544,-87.8464,-87.8477,-87.8489,-87.8501,-87.8513,-87.8524,-87.8535,-87.8545,-87.8556,-87.8566,-87.8576
545,-87.8473,-87.8485,-87.8498,-87.8509,-87.8521,-87.8532,-87.8543,-87.8553,-87.8564,-87.8574,-87.8583
546,-87.8481,-87.8494,-87.8506,-87.8518,-87.8529,-87.854,-87.8551,-87.8561,-87.8572,-87.8582,-87.8591
547,-87.8489,-87.8502,-87.8514,-87.8526,-87.8537,-87.8548,-87.8559,-87.8569,-87.8579,-87.859,-87.8599
548,-87.8498,-87.851,-87.8522,-87.8534,-87.8545,-87.8556,-87.8567,-87.8577,-87.8587,-87.8597,-87.8607
549,-87.8506,-87.8518,-87.853,-87.8542,-87.8553,-87.8564,-87.8575,-87.8585,-87.8595,-87.8605,-87.8615
550,-87.8514,-87.8526,-87.8538,-87.855,-87.8561,-87.8572,-87.8583,-87.8593,-87.8603,-87.8613,-87.8623
551,-87.8522,-87.8534,-87.8546,-87.8558,-87.8569,-87.858,-87.859,-87.8601,-87.8611,-87.8621,-87.863
552,-87.853,-87.8542,-87.8554,-87.8566,-87.8577,-87.8588,-87.8598,-87.8608,-87.8618,-87.8628,-87.8638
553,-87.8538,-87.855,-87.8562,-87.8574,-87.8585,-87.8595,-87.8606,-87.8616,-87.8626,-87.8636,-87.8645
554,-87.8546,-87.8558,-87.857,-87.8581,-87.8592,-87.8603,-87.8614,-87.8624,-87.8634,-87.8644,-87.8653
555,-87.8554,-87.8566,-87.8578,-87.8589,-87.86,-87.8611,-87.8621,-87.8631,-87.8641,-87.8651,-87.8661
556,-87.8562,-87.8574,-87.8586,-87.8597,-87.8608,-87.8619,-87.8629,-87.8639,-87.8649,-87.8659,-87.8668
557,-87.857,-87.8582,-87.8593,-87.8605,-87.8616,-87.8626,-87.8637,-87.8647,-87.8656,-87.8666,-87.8676
558,-87.8577,-87.8589,-87.8601,-87.8612,-87.8623,-87.8634,-87.8644,-87.8654,-87.8664,-87.8674,-87.8683
559,-87.8585,-87.8597,-87.8609,-87.862,-87.8631,-87.8641,-87.8652,-87.8662,-87.8671,-87.8681,-87.869
560,-87.8593,-87.8605,-87.8616,-87.8628,-87.8638,-87.8649,-87.8659,-87.8669,-87.8679,-87.8688,-87.8698
561,-87.8601,-87.8612,-87.8624,-87.8635,-87.8646,-87.8656,-87.8667,-87.8676,-87.8686,-87.8696,-87.8705
562,-87.8608,-87.862,-87.8631,-87.8643,-87.8653,-87.8664,-87.8674,-87.8684,-87.8693,-87.8703,-87.8712
563,-87.8616,-87.8628,-87.8639,-87.865,-87.8661,-87.8671,-87.8681,-87.8691,-87.8701,-87.871,-87.8719
564,-87.8623,-87.8635,-87.8646,-87.8658,-87.8668,-87.8679,-87.8689,-87.8698,-87.8708,-87.8718,-87.8727
565,-87.8631,-87.8643,-87.8654,-87.8665,-87.8676,-87.8686,-87.8696,-87.8706,-87.8715,-87.8725,-87.8734
566,-87.8638,-87.865,-87.8661,-87.8672,-87.8683,-87.8693,-87.8703,-87.8713,-87.8722,-87.8732,-87.8741
567,-87.8646,-87.8657,-87.8669,-87.868,-87.869,-87.87,-87.871,-87.872,-87.873,-87.8739,-87.8748
568,-87.8653,-87.8665,-87.8676,-87.8687,-87.8697,-87.8708,-87.8718,-87.8727,-87.8737,-87.8746,-87.8755
569,-87.8661,-87.8672,-87.8683,-87.8694,-87.8705,-87.8715,-87.8725,-87.8734,-87.8744,-87.8753,-87.8762
570,-87.8668,-87.8679,-87.8691,-87.8701,-87.8712,-87.8722,-87.8732,-87.8741,-87.8751,-87.876,-87.8769
571,-87.8675,-87.8687,-87.8698,-87.8708,-87.8719,-87.8729,-87.8739,-87.8748,-87.8758,-87.8767,-87.8776
572,-87.8682,-87.8694,-87.8705,-87.8716,-87.8726,-87.8736,-87.8746,-87.8755,-87.8765,-87.8774,-87.8783
573,-87.869,-87.8701,-87.8712,-87.8723,-87.8733,-87.8743,-87.8753,-87.8762,-87.8772,-87.8781,-87.879
574,-87.8697,-87.8708,-87.8719,-87.873,-87.874,-87.875,-87.876,-87.8769,-87.8779,-87.8788,-87.8797
575,-87.8704,-87.8715,-87.8726,-87.8737,-87.8747,-87.8757,-87.8767,-87.8776,-87.8785,-87.8795,-87.8803
576,-87.8711,-87.8722,-87.8733,-87.8744,-87.8754,-87.8764,-87.8774,-87.8783,-87.8792,-87.8801,-87.881
577,-87.8718,-87.8729,-87.874,-87.8751,-87.8761,-87.8771,-87.8781,-87.879,-87.8799,-87.8808,-87.8817
578,-87.8725,-87.8736,-87.8747,-87.8758,-87.8768,-87.8778,-87.8787,-87.8797,-87.8806,-87.8815,-87.8823
579,-87.8732,-87.8743,-87.8754,-87.8765,-87.8775,-87.8785,-87.8794,-87.8803,-87.8812,-87.8821,-87.883
580,-87.8739,-87.875,-87.8761,-87.8771,-87.8781,-87.8791,-87.8801,-87.881,-87.8819,-87.8828,-87.8837
581,-87.8746,-87.8757,-87.8768,-87.8778,-87.8788,-87.8798,-87.8808,-87.8817,-87.8826,-87.8835,-87.8843
582,-87.8753,-87.8764,-87.8775,-87.8785,-87.8795,-87.8805,-87.8814,-87.8823,-87.8832,-87.8841,-87.885
583,-87.876,-87.8771,-87.8781,-87.8792,-87.8802,-87.8811,-87.8821,-87.883,-87.8839,-87.8848,-87.8856
584,-87.8767,-87.8778,-87.8788,-87.8798,-87.8808,-87.8818,-87.8827,-87.8837,-87.8846,-87.8854,-87.8863
585,-87.8773,-87.8784,-87.8795,-87.8805,-87.8815,-87.8825,-87.8834,-87.8843,-87.8852,-87.8861,-87.8869
586,-87.878,-87.8791,-87.8801,-87.8812,-87.8822,-87.8831,-87.8841,-87.885,-87.8858,-87.8867,-87.8876
587,-87.8787,-87.8798,-87.8808,-87.8818,-87.8828,-87.8838,-87.8847,-87.8856,-87.8865,-87.8874,-87.8882
588,-87.8794,-87.8804,-87.8815,-87.8825,-87.8835,-87.8844,-87.8854,-87.8862,-87.8871,-87.888,-87.8889
589,-87.88,-87.8811,-87.8821,-87.8831,-87.8841,-87.8851,-87.886,-87.8869,-87.8878,-87.8886,-87.8895
590,-87.8807,-87.8817,-87.8828,-87.8838,-87.8848,-87.8857,-87.8866,-87.8875,-87.8884,-87.8893,-87.8901
591,-87.8813,-87.8824,-87.8834,-87.8844,-87.8854,-87.8864,-87.8873,-87.8882,-87.889,-87.8899,-87.8907
592,-87.882,-87.883,-87.8841,-87.8851,-87.8861,-87.887,-87.8879,-87.8888,-87.8897,-87.8905,-87.8914
593,-87.8826,-87.8837,-87.8847,-87.8857,-87.8867,-87.8876,-87.8885,-87.8894,-87.8903,-87.8912,-87.892
594,-87.8833,-87.8843,-87.8854,-87.8864,-87.8873,-87.8883,-87.8892,-87.89,-87.8909,-87.8918,-87.8926
595,-87.8839,-87.885,-87.886,-87.887,-87.888,-87.8889,-87.8898,-87.8907,-87.8915,-87.8924,-87.8932
596,-87.8846,-87.8856,-87.8866,-87.8876,-87.8886,-87.8895,-87.8904,-87.8913,-87.8921,-87.893,-87.8938
597,-87.8852,-87.8863,-87.8873,-87.8883,-87.8892,-87.8901,-87.891,-87.8919,-87.8928,-87.8936,-87.8944
598,-87.8858,-87.8869,-87.8879,-87.8889,-87.8898,-87.8907,-87.8917,-87.8925,-87.8934,-87.8942,-87.895
599,-87.8865,-87.8875,-87.8885,-87.8895,-87.8904,-87.8914,-87.8923,-87.8931,-87.894,-87.8948,-87.8956
600,-87.8871,-87.8881,-87.8891,-87.8901,-87.8911,-87.892,-87.8929,-87.8937,-87.8946,-87.8954,-87.8962
601,-87.8877,-87.8888,-87.8898,-87.8907,-87.8917,-87.8926,-87.8935,-87.8943,-87.8952,-87.896,-87.8968
602,-87.8883,-87.8894,-87.8904,-87.8913,-87.8923,-87.8932,-87.8941,-87.8949,-87.8958,-87.8966,-87.8974
603,-87.889,-87.89,-87.891,-87.8919,-87.8929,-87.8938,-87.8947,-87.8955,-87.8964,-87.8972,-87.898
604,-87.8896,-87.8906,-87.8916,-87.8926,-87.8935,-87.8944,-87.8953,-87.8961,-87.897,-87.8978,-87.8986
605,-87.8902,-87.8912,-87.8922,-87.8932,-87.8941,-87.895,-87.8959,-87.8967,-87.8975,-87.8984,-87.8992
606,-87.8908,-87.8918,-87.8928,-87.8938,-87.8947,-87.8956,-87.8965,-87.8973,-87.8981,-87.899,-87.8998
607,-87.8914,-87.8924,-87.8934,-87.8944,-87.8953,-87.8962,-87.897,-87.8979,-87.8987,-87.8995,-87.9003
608,-87.892,-87.893,-87.894,-87.8949,-87.8959,-87.8968,-87.8976,-87.8985,-87.8993,-87.9001,-87.9009
609,-87.8926,-87.8936,-87.8946,-87.8955,-87.8965,-87.8973,-87.8982,-87.899,-87.8999,-87.9007,-87.9015
610,-87.8932,-87.8942,-87.8952,-87.8961,-87.897,-87.8979,-87.8988,-87.8996,-87.9004,-87.9013,-87.902
611,-87.8938,-87.8948,-87.8958,-87.8967,-87.8976,-87.8985,-87.8994,-87.9002,-87.901,-87.9018,-87.9026
612,-87.8944,-87.8954,-87.8963,-87.8973,-87.8982,-87.8991,-87.8999,-87.9008,-87.9016,-87.9024,-87.9032
613,-87.895,-87.896,-87.8969,-87.8979,-87.8988,-87.8997,-87.9005,-87.9013,-87.9021,-87.903,-87.9037
614,-87.8956,-87.8965,-87.8975,-87.8984,-87.8993,-87.9002,-87.9011,-87.9019,-87.9027,-87.9035,-87.9043
615,-87.8961,-87.8971,-87.8981,-87.899,-87.8999,-87.9008,-87.9016,-87.9025,-87.9033,-87.9041,-87.9048
616,-87.8967,-87.8977,-87.8987,-87.8996,-87.9005,-87.9014,-87.9022,-87.903,-87.9038,-87.9046,-87.9054
617,-87.8973,-87.8983,-87.8992,-87.9002,-87.901,-87.9019,-87.9028,-87.9036,-87.9044,-87.9052,-87.9059
618,-87.8979,-87.8988,-87.8998,-87.9007,-87.9016,-87.9025,-87.9033,-87.9041,-87.9049,-87.9057,-87.9065
619,-87.8984,-87.8994,-87.9004,-87.9013,-87.9022,-87.903,-87.9039,-87.9047,-87.9055,-87.9063,-87.907
620,-87.899,-87.9,-87.9009,-87.9018,-87.9027,-87.9036,-87.9044,-87.9052,-87.906,-87.9068,-87.9076
621,-87.8996,-87.9005,-87.9015,-87.9024,-87.9033,-87.9041,-87.905,-87.9058,-87.9066,-87.9074,-87.9081
622,-87.9001,-87.9011,-87.902,-87.9029,-87.9038,-87.9047,-87.9055,-87.9063,-87.9071,-87.9079,-87.9086
623,-87.9007,-87.9017,-87.9026,-87.9035,-87.9044,-87.9052,-87.9061,-87.9068,-87.9076,-87.9084,-87.9092
624,-87.9012,-87.9022,-87.9031,-87.904,-87.9049,-87.9058,-87.9066,-87.9074,-87.9082,-87.909,-87.9097
625,-87.9018,-87.9028,-87.9037,-87.9046,-87.9055,-87.9063,-87.9071,-87.9079,-87.9087,-87.9095,-87.9102
626,-87.9023,-87.9033,-87.9042,-87.9051,-87.906,-87.9068,-87.9077,-87.9085,-87.9092,-87.91,-87.9108
627,-87.9029,-87.9038,-87.9048,-87.9057,-87.9065,-87.9074,-87.9082,-87.909,-87.9098,-87.9105,-87.9113
628,-87.9034,-87.9044,-87.9053,-87.9062,-87.9071,-87.9079,-87.9087,-87.9095,-87.9103,-87.9111,-87.9118
629,-87.904,-87.9049,-87.9058,-87.9067,-87.9076,-87.9084,-87.9093,-87.91,-87.9108,-87.9116,-87.9123
630,-87.9045,-87.9055,-87.9064,-87.9073,-87.9081,-87.909,-87.9098,-87.9106,-87.9113,-87.9121,-87.9128
631,-87.9051,-87.906,-87.9069,-87.9078,-87.9086,-87.9095,-87.9103,-87.9111,-87.9118,-87.9126,-87.9133
632,-87.9056,-87.9065,-87.9074,-87.9083,-87.9092,-87.91,-87.9108,-87.9116,-87.9124,-87.9131,-87.9139
633,-87.9061,-87.9071,-87.908,-87.9088,-87.9097,-87.9105,-87.9113,-87.9121,-87.9129,-87.9136,-87.9144
634,-87.9067,-87.9076,-87.9085,-87.9094,-87.9102,-87.911,-87.9118,-87.9126,-87.9134,-87.9141,-87.9149
635,-87.9072,-87.9081,-87.909,-87.9099,-87.9107,-87.9115,-87.9124,-87.9131,-87.9139,-87.9146,-87.9154
636,-87.9077,-87.9086,-87.9095,-87.9104,-87.9112,-87.9121,-87.9129,-87.9136,-87.9144,-87.9151,-87.9159
637,-87.9082,-87.9091,-87.91,-87.9109,-87.9117,-87.9126,-87.9134,-87.9141,-87.9149,-87.9156,-87.9164
638,-87.9087,-87.9097,-87.9106,-87.9114,-87.9123,-87.9131,-87.9139,-87.9146,-87.9154,-87.9161,-87.9169
639,-87.9093,-87.9102,-87.9111,-87.9119,-87.9128,-87.9136,-87.9144,-87.9151,-87.9159,-87.9166,-87.9174
640,-87.9098,-87.9107,-87.9116,-87.9124,-87.9133,-87.9141,-87.9149,-87.9156,-87.9164,-87.9171,-87.9178
641,-87.9103,-87.9112,-87.9121,-87.9129,-87.9138,-87.9146,-87.9154,-87.9161,-87.9169,-87.9176,-87.9183
642,-87.9108,-87.9117,-87.9126,-87.9134,-87.9143,-87.9151,-87.9159,-87.9166,-87.9174,-87.9181,-87.9188
643,-87.9113,-87.9122,-87.9131,-87.9139,-87.9148,-87.9156,-87.9163,-87.9171,-87.9178,-87.9186,-87.9193
644,-87.9118,-87.9127,-87.9136,-87.9144,-87.9153,-87.9161,-87.9168,-87.9176,-87.9183,-87.9191,-87.9198
645,-87.9123,-87.9132,-87.9141,-87.9149,-87.9157,-87.9165,-87.9173,-87.9181,-87.9188,-87.9196,-87.9203
646,-87.9128,-87.9137,-87.9146,-87.9154,-87.9162,-87.917,-87.9178,-87.9185,-87.9193,-87.92,-87.9207
647,-87.9133,-87.9142,-87.9151,-87.9159,-87.9167,-87.9175,-87.9183,-87.919,-87.9198,-87.9205,-87.9212
648,-87.9138,-87.9147,-87.9155,-87.9164,-87.9172,-87.918,-87.9188,-87.9195,-87.9202,-87.921,-87.9217
649,-87.9143,-87.9152,-87.916,-87.9169,-87.9177,-87.9185,-87.9192,-87.92,-87.9207,-87.9214,-87.9221
650,-87.9148,-87.9156,-87.9165,-87.9173,-87.9182,-87.9189,-87.9197,-87.9204,-87.9212,-87.9219,-87.9226
651,-87.9152,-87.9161,-87.917,-87.9178,-87.9186,-87.9194,-87.9202,-87.9209,-87.9217,-87.9224,-87.9231
652,-87.9157,-87.9166,-87.9175,-87.9183,-87.9191,-87.9199,-87.9207,-87.9214,-87.9221,-87.9228,-87.9235
653,-87.9162,-87.9171,-87.9179,-87.9188,-87.9196,-87.9204,-87.9211,-87.9219,-87.9226,-87.9233,-87.924
654,-87.9167,-87.9176,-87.9184,-87.9192,-87.9201,-87.9208,-87.9216,-87.9223,-87.923,-87.9238,-87.9244
655,-87.9172,-87.918,-87.9189,-87.9197,-87.9205,-87.9213,-87.9221,-87.9228,-87.9235,-87.9242,-87.9249
656,-87.9176,-87.9185,-87.9194,-87.9202,-87.921,-87.9218,-87.9225,-87.9232,-87.924,-87.9247,-87.9254
657,-87.9181,-87.919,-87.9198,-87.9206,-87.9214,-87.9222,-87.923,-87.9237,-87.9244,-87.9251,-87.9258
658,-87.9186,-87.9194,-87.9203,-87.9211,-87.9219,-87.9227,-87.9234,-87.9241,-87.9249,-87.9256,-87.9263
659,-87.919,-87.9199,-87.9208,-87.9216,-87.9224,-87.9231,-87.9239,-87.9246,-87.9253,-87.926,-87.9267
660,-87.9195,-87.9204,-87.9212,-87.922,-87.9228,-87.9236,-87.9243,-87.925,-87.9258,-87.9265,-87.9271
661,-87.92,-87.9208,-87.9217,-87.9225,-87.9233,-87.924,-87.9248,-87.9255,-87.9262,-87.9269,-87.9276
662,-87.9204,-87.9213,-87.9221,-87.9229,-87.9237,-87.9245,-87.9252,-87.9259,-87.9266,-87.9274,-87.928
663,-87.9209,-87.9217,-87.9226,-87.9234,-87.9242,-87.9249,-87.9257,-87.9264,-87.9271,-87.9278,-87.9285
664,-87.9213,-87.9222,-87.923,-87.9238,-87.9246,-87.9254,-87.9261,-87.9268,-87.9275,-87.9282,-87.9289
665,-87.9218,-87.9227,-87.9235,-87.9243,-87.9251,-87.9258,-87.9266,-87.9273,-87.928,-87.9287,-87.9293
666,-87.9223,-87.9231,-87.9239,-87.9247,-87.9255,-87.9263,-87.927,-87.9277,-87.9284,-87.9291,-87.9298
667,-87.9227,-87.9235,-87.9244,-87.9252,-87.9259,-87.9267,-87.9274,-87.9281,-87.9288,-87.9295,-87.9302
668,-87.9231,-87.924,-87.9248,-87.9256,-87.9264,-87.9271,-87.9279,-87.9286,-87.9293,-87.93,-87.9306
669,-87.9236,-87.9244,-87.9253,-87.926,-87.9268,-87.9276,-87.9283,-87.929,-87.9297,-87.9304,-87.931
670,-87.924,-87.9249,-87.9257,-87.9265,-87.9273,-87.928,-87.9287,-87.9294,-87.9301,-87.9308,-87.9315
671,-87.9245,-87.9253,-87.9261,-87.9269,-87.9277,-87.9284,-87.9292,-87.9298,-87.9305,-87.9312,-87.9319
672,-87.9249,-87.9257,-87.9266,-87.9274,-87.9281,-87.9289,-87.9296,-87.9303,-87.931,-87.9317,-87.9323
673,-87.9254,-87.9262,-87.927,-87.9278,-87.9285,-87.9293,-87.93,-87.9307,-87.9314,-87.9321,-87.9327
674,-87.9258,-87.9266,-87.9274,-87.9282,-87.929,-87.9297,-87.9304,-87.9311,-87.9318,-87.9325,-87.9331
675,-87.9262,-87.927,-87.9278,-87.9286,-87.9294,-87.9301,-87.9308,-87.9315,-87.9322,-87.9329,-87.9336
676,-87.9266,-87.9275,-87.9283,-87.9291,-87.9298,-87.9305,-87.9313,-87.9319,-87.9326,-87.9333,-87.934
677,-87.9271,-87.9279,-87.9287,-87.9295,-87.9302,-87.931,-87.9317,-87.9324,-87.933,-87.9337,-87.9344
678,-87.9275,-87.9283,-87.9291,-87.9299,-87.9306,-87.9314,-87.9321,-87.9328,-87.9335,-87.9341,-87.9348
679,-87.9279,-87.9287,-87.9295,-87.9303,-87.9311,-87.9318,-87.9325,-87.9332,-87.9339,-87.9345,-87.9352
680,-87.9283,-87.9292,-87.93,-87.9307,-87.9315,-87.9322,-87.9329,-87.9336,-87.9343,-87.9349,-87.9356
681,-87.9288,-87.9296,-87.9304,-87.9311,-87.9319,-87.9326,-87.9333,-87.934,-87.9347,-87.9353,-87.936
682,-87.9292,-87.93,-87.9308,-87.9316,-87.9323,-87.933,-87.9337,-87.9344,-87.9351,-87.9357,-87.9364
683,-87.9296,-87.9304,-87.9312,-87.932,-87.9327,-87.9334,-87.9341,-87.9348,-87.9355,-87.9361,-87.9368
684,-87.93,-87.9308,-87.9316,-87.9324,-87.9331,-87.9338,-87.9345,-87.9352,-87.9359,-87.9365,-87.9372
685,-87.9304,-87.9312,-87.932,-87.9328,-87.9335,-87.9342,-87.9349,-87.9356,-87.9363,-87.9369,-87.9376
686,-87.9308,-87.9316,-87.9324,-87.9332,-87.9339,-87.9346,-87.9353,-87.936,-87.9367,-87.9373,-87.938
687,-87.9312,-87.932,-87.9328,-87.9336,-87.9343,-87.935,-87.9357,-87.9364,-87.9371,-87.9377,-87.9384
688,-87.9316,-87.9324,-87.9332,-87.934,-87.9347,-87.9354,-87.9361,-87.9368,-87.9374,-87.9381,-87.9387
689,-87.932,-87.9328,-87.9336,-87.9344,-87.9351,-87.9358,-87.9365,-87.9372,-87.9378,-87.9385,-87.9391
690,-87.9324,-87.9332,-87.934,-87.9348,-87.9355,-87.9362,-87.9369,-87.9376,-87.9382,-87.9389,-87.9395
691,-87.9328,-87.9336,-87.9344,-87.9352,-87.9359,-87.9366,-87.9373,-87.9379,-87.9386,-87.9393,-87.9399
692,-87.9332,-87.934,-87.9348,-87.9356,-87.9363,-87.937,-87.9377,-87.9383,-87.939,-87.9396,-87.9403
693,-87.9336,-87.9344,-87.9352,-87.9359,-87.9367,-87.9374,-87.9381,-87.9387,-87.9394,-87.94,-87.9406
694,-87.934,-87.9348,-87.9356,-87.9363,-87.9371,-87.9378,-87.9384,-87.9391,-87.9398,-87.9404,-87.941
695,-87.9344,-87.9352,-87.936,-87.9367,-87.9374,-87.9381,-87.9388,-87.9395,-87.9401,-87.9408,-87.9414
696,-87.9348,-87.9356,-87.9364,-87.9371,-87.9378,-87.9385,-87.9392,-87.9399,-87.9405,-87.9412,-87.9418
697,-87.9352,-87.936,-87.9367,-87.9375,-87.9382,-87.9389,-87.9396,-87.9402,-87.9409,-87.9415,-87.9421
698,-87.9356,-87.9364,-87.9371,-87.9379,-87.9386,-87.9393,-87.94,-87.9406,-87.9413,-87.9419,-87.9425
699,-87.936,-87.9368,-87.9375,-87.9383,-87.939,-87.9397,-87.9403,-87.941,-87.9416,-87.9423,-87.9429
700,-87.9364,-87.9371,-87.9379,-87.9386,-87.9393,-87.94,-87.9407,-87.9413,-87.942,-87.9426,-87.9432
701,-87.9367,-87.9375,-87.9383,-87.939,-87.9397,-87.9404,-87.9411,-87.9417,-87.9424,-87.943,-87.9436
702,-87.9371,-87.9379,-87.9386,-87.9394,-87.9401,-87.9408,-87.9414,-87.9421,-87.9427,-87.9434,-87.944
703,-87.9375,-87.9383,-87.939,-87.9397,-87.9405,-87.9411,-87.9418,-87.9425,-87.9431,-87.9437,-87.9443
704,-87.9379,-87.9386,-87.9394,-87.9401,-87.9408,-87.9415,-87.9422,-87.9428,-87.9435,-87.9441,-87.9447
705,-87.9382,-87.939,-87.9398,-87.9405,-87.9412,-87.9419,-87.9425,-87.9432,-87.9438,-87.9445,-87.9451
706,-87.9386,-87.9394,-87.9401,-87.9409,-87.9416,-87.9422,-87.9429,-87.9435,-87.9442,-87.9448,-87.9454
707,-87.939,-87.9397,-87.9405,-87.9412,-87.9419,-87.9426,-87.9433,-87.9439,-87.9445,-87.9452,-87.9458
708,-87.9394,-87.9401,-87.9409,-87.9416,-87.9423,-87.943,-87.9436,-87.9443,-87.9449,-87.9455,-87.9461
709,-87.9397,-87.9405,-87.9412,-87.9419,-87.9426,-87.9433,-87.944,-87.9446,-87.9452,-87.9459,-87.9465
710,-87.9401,-87.9408,-87.9416,-87.9423,-87.943,-87.9437,-87.9443,-87.945,-87.9456,-87.9462,-87.9468
711,-87.9404,-87.9412,-87.9419,-87.9427,-87.9434,-87.944,-87.9447,-87.9453,-87.9459,-87.9466,-87.9472
712,-87.9408,-87.9416,-87.9423,-87.943,-87.9437,-87.9444,-87.945,-87.9457,-87.9463,-87.9469,-87.9475
713,-87.9412,-87.9419,-87.9427,-87.9434,-87.9441,-87.9447,-87.9454,-87.946,-87.9466,-87.9473,-87.9479
714,-87.9415,-87.9423,-87.943,-87.9437,-87.9444,-87.9451,-87.9457,-87.9464,-87.947,-87.9476,-87.9482
715,-87.9419,-87.9426,-87.9434,-87.9441,-87.9448,-87.9454,-87.9461,-87.9467,-87.9473,-87.9479,-87.9485
716,-87.9422,-87.943,-87.9437,-87.9444,-87.9451,-87.9458,-87.9464,-87.947,-87.9477,-87.9483,-87.9489
717,-87.9426,-87.9433,-87.9441,-87.9448,-87.9455,-87.9461,-87.9468,-87.9474,-87.948,-87.9486,-87.9492
718,-87.9429,-87.9437,-87.9444,-87.9451,-87.9458,-87.9465,-87.9471,-87.9477,-87.9483,-87.949,-87.9496
719,-87.9433,-87.944,-87.9448,-87.9455,-87.9461,-87.9468,-87.9475,-87.9481,-87.9487,-87.9493,-87.9499
720,-87.9436,-87.9444,-87.9451,-87.9458,-87.9465,-87.9471,-87.9478,-87.9484,-87.949,-87.9496,-87.9502
721,-87.944,-87.9447,-87.9454,-87.9461,-87.9468,-87.9475,-87.9481,-87.9487,-87.9494,-87.95,-87.9505
722,-87.9443,-87.9451,-87.9458,-87.9465,-87.9472,-87.9478,-87.9485,-87.9491,-87.9497,-87.9503,-87.9509
723,-87.9447,-87.9454,-87.9461,-87.9468,-87.9475,-87.9482,-87.9488,-87.9494,-87.95,-87.9506,-87.9512
724,-87.945,-87.9457,-87.9465,-87.9472,-87.9478,-87.9485,-87.9491,-87.9497,-87.9503,-87.951,-87.9515
725,-87.9453,-87.9461,-87.9468,-87.9475,-87.9482,-87.9488,-87.9495,-87.9501,-87.9507,-87.9513,-87.9519
726,-87.9457,-87.9464,-87.9471,-87.9478,-87.9485,-87.9491,-87.9498,-87.9504,-87.951,-87.9516,-87.9522
727,-87.946,-87.9468,-87.9475,-87.9482,-87.9488,-87.9495,-87.9501,-87.9507,-87.9513,-87.9519,-87.9525
728,-87.9464,-87.9471,-87.9478,-87.9485,-87.9492,-87.9498,-87.9504,-87.951,-87.9516,-87.9523,-87.9528
729,-87.9467,-87.9474,-87.9481,-87.9488,-87.9495,-87.9501,-87.9508,-87.9514,-87.952,-87.9526,-87.9531
730,-87.947,-87.9478,-87.9485,-87.9491,-87.9498,-87.9505,-87.9511,-87.9517,-87.9523,-87.9529,-87.9535
731,-87.9474,-87.9481,-87.9488,-87.9495,-87.9501,-87.9508,-87.9514,-87.952,-87.9526,-87.9532,-87.9538
732,-87.9477,-87.9484,-87.9491,-87.9498,-87.9505,-87.9511,-87.9517,-87.9523,-87.9529,-87.9535,-87.9541
733,-87.948,-87.9487,-87.9494,-87.9501,-87.9508,-87.9514,-87.952,-87.9526,-87.9532,-87.9538,-87.9544
734,-87.9483,-87.9491,-87.9498,-87.9504,-87.9511,-87.9517,-87.9524,-87.953,-87.9536,-87.9542,-87.9547
735,-87.9487,-87.9494,-87.9501,-87.9508,-87.9514,-87.9521,-87.9527,-87.9533,-87.9539,-87.9545,-87.955
736,-87.949,-87.9497,-87.9504,-87.9511,-87.9517,-87.9524,-87.953,-87.9536,-87.9542,-87.9548,-87.9553
737,-87.9493,-87.95,-87.9507,-87.9514,-87.952,-87.9527,-87.9533,-87.9539,-87.9545,-87.9551,-87.9556
738,-87.9496,-87.9503,-87.951,-87.9517,-87.9524,-87.953,-87.9536,-87.9542,-87.9548,-87.9554,-87.956
739,-87.9499,-87.9507,-87.9513,-87.952,-87.9527,-87.9533,-87.9539,-87.9545,-87.9551,-87.9557,-87.9563
740,-87.9503,-87.951,-87.9517,-87.9523,-87.953,-87.9536,-87.9542,-87.9548,-87.9554,-87.956,-87.9566
741,-87.9506,-87.9513,-87.952,-87.9526,-87.9533,-87.9539,-87.9545,-87.9551,-87.9557,-87.9563,-87.9569
742,-87.9509,-87.9516,-87.9523,-87.953,-87.9536,-87.9542,-87.9548,-87.9554,-87.956,-87.9566,-87.9572
743,-87.9512,-87.9519,-87.9526,-87.9533,-87.9539,-87.9545,-87.9552,-87.9557,-87.9563,-87.9569,-87.9575
744,-87.9515,-87.9522,-87.9529,-87.9536,-87.9542,-87.9548,-87.9555,-87.956,-87.9566,-87.9572,-87.9578
745,-87.9518,-87.9525,-87.9532,-87.9539,-87.9545,-87.9551,-87.9558,-87.9563,-87.9569,-87.9575,-87.9581
746,-87.9521,-87.9528,-87.9535,-87.9542,-87.9548,-87.9554,-87.9561,-87.9566,-87.9572,-87.9578,-87.9584
747,-87.9524,-87.9531,-87.9538,-87.9545,-87.9551,-87.9557,-87.9564,-87.9569,-87.9575,-87.9581,-87.9586
748,-87.9527,-87.9534,-87.9541,-87.9548,-87.9554,-87.956,-87.9566,-87.9572,-87.9578,-87.9584,-87.9589
749,-87.953,-87.9537,-87.9544,-87.9551,-87.9557,-87.9563,-87.9569,-87.9575,-87.9581,-87.9587,-87.9592
750,-87.9533,-87.954,-87.9547,-87.9554,-87.956,-87.9566,-87.9572,-87.9578,-87.9584,-87.959,-87.9595
751,-87.9536,-87.9543,-87.955,-87.9557,-87.9563,-87.9569,-87.9575,-87.9581,-87.9587,-87.9593,-87.9598
752,-87.9539,-87.9546,-87.9553,-87.956,-87.9566,-87.9572,-87.9578,-87.9584,-87.959,-87.9595,-87.9601
753,-87.9542,-87.9549,-87.9556,-87.9563,-87.9569,-87.9575,-87.9581,-87.9587,-87.9593,-87.9598,-87.9604
754,-87.9545,-87.9552,-87.9559,-87.9566,-87.9572,-87.9578,-87.9584,-87.959,-87.9595,-87.9601,-87.9607
755,-87.9548,-87.9555,-87.9562,-87.9568,-87.9575,-87.9581,-87.9587,-87.9593,-87.9598,-87.9604,-87.9609
756,-87.9551,-87.9558,-87.9565,-87.9571,-87.9578,-87.9584,-87.959,-87.9595,-87.9601,-87.9607,-87.9612
757,-87.9554,-87.9561,-87.9568,-87.9574,-87.958,-87.9587,-87.9593,-87.9598,-87.9604,-87.961,-87.9615
758,-87.9557,-87.9564,-87.9571,-87.9577,-87.9583,-87.9589,-87.9595,-87.9601,-87.9607,-87.9612,-87.9618
759,-87.956,-87.9567,-87.9573,-87.958,-87.9586,-87.9592,-87.9598,-87.9604,-87.961,-87.9615,-87.9621
760,-87.9563,-87.957,-87.9576,-87.9583,-87.9589,-87.9595,-87.9601,-87.9607,-87.9612,-87.9618,-87.9623
761,-87.9566,-87.9572,-87.9579,-87.9586,-87.9592,-87.9598,-87.9604,-87.9609,-87.9615,-87.9621,-87.9626
762,-87.9569,-87.9575,-87.9582,-87.9588,-87.9595,-87.9601,-87.9607,-87.9612,-87.9618,-87.9624,-87.9629
763,-87.9571,-87.9578,-87.9585,-87.9591,-87.9597,-87.9603,-87.9609,-87.9615,-87.9621,-87.9626,-87.9632
764,-87.9574,-87.9581,-87.9588,-87.9594,-87.96,-87.9606,-87.9612,-87.9618,-87.9623,-87.9629,-87.9634
765,-87.9577,-87.9584,-87.959,-87.9597,-87.9603,-87.9609,-87.9615,-87.962,-87.9626,-87.9632,-87.9637
766,-87.958,-87.9587,-87.9593,-87.96,-87.9606,-87.9612,-87.9618,-87.9623,-87.9629,-87.9634,-87.964
767,-87.9583,-87.9589,-87.9596,-87.9602,-87.9608,-87.9614,-87.962,-87.9626,-87.9632,-87.9637,-87.9642
768,-87.9585,-87.9592,-87.9599,-87.9605,-87.9611,-87.9617,-87.9623,-87.9629,-87.9634,-87.964,-87.9645
769,-87.9588,-87.9595,-87.9601,-87.9608,-87.9614,-87.962,-87.9626,-87.9631,-87.9637,-87.9642,-87.9648
770,-87.9591,-87.9598,-87.9604,-87.961,-87.9617,-87.9623,-87.9628,-87.9634,-87.964,-87.9645,-87.965
771,-87.9594,-87.96,-87.9607,-87.9613,-87.9619,-87.9625,-87.9631,-87.9637,-87.9642,-87.9648,-87.9653
772,-87.9596,-87.9603,-87.961,-87.9616,-87.9622,-87.9628,-87.9634,-87.9639,-87.9645,-87.965,-87.9656
773,-87.9599,-87.9606,-87.9612,-87.9619,-87.9625,-87.9631,-87.9636,-87.9642,-87.9647,-87.9653,-87.9658
774,-87.9602,-87.9608,-87.9615,-87.9621,-87.9627,-87.9633,-87.9639,-87.9644,-87.965,-87.9656,-87.9661
775,-87.9604,-87.9611,-87.9618,-87.9624,-87.963,-87.9636,-87.9642,-87.9647,-87.9653,-87.9658,-87.9663
776,-87.9607,-87.9614,-87.962,-87.9626,-87.9633,-87.9638,-87.9644,-87.965,-87.9655,-87.9661,-87.9666
777,-87.961,-87.9616,-87.9623,-87.9629,-87.9635,-87.9641,-87.9647,-87.9652,-87.9658,-87.9663,-87.9669
778,-87.9612,-87.9619,-87.9625,-87.9632,-87.9638,-87.9644,-87.9649,-87.9655,-87.966,-87.9666,-87.9671
779,-87.9615,-87.9622,-87.9628,-87.9634,-87.964,-87.9646,-87.9652,-87.9657,-87.9663,-87.9668,-87.9674
780,-87.9618,-87.9624,-87.9631,-87.9637,-87.9643,-87.9649,-87.9655,-87.966,-87.9665,-87.9671,-87.9676
781,-87.962,-87.9627,-87.9633,-87.964,-87.9646,-87.9651,-87.9657,-87.9663,-87.9668,-87.9673,-87.9679
782,-87.9623,-87.9629,-87.9636,-87.9642,-87.9648,-87.9654,-87.966,-87.9665,-87.9671,-87.9676,-87.9681
783,-87.9626,-87.9632,-87.9638,-87.9645,-87.9651,-87.9656,-87.9662,-87.9668,-87.9673,-87.9678,-87.9684
784,-87.9628,-87.9635,-87.9641,-87.9647,-87.9653,-87.9659,-87.9665,-87.967,-87.9676,-87.9681,-87.9686
785,-87.9631,-87.9637,-87.9644,-87.965,-87.9656,-87.9661,-87.9667,-87.9673,-87.9678,-87.9683,-87.9689
786,-87.9633,-87.964,-87.9646,-87.9652,-87.9658,-87.9664,-87.967,-87.9675,-87.968,-87.9686,-87.9691
787,-87.9636,-87.9642,-87.9649,-87.9655,-87.9661,-87.9666,-87.9672,-87.9677,-87.9683,-87.9688,-87.9693
788,-87.9638,-87.9645,-87.9651,-87.9657,-87.9663,-87.9669,-87.9675,-87.968,-87.9685,-87.9691,-87.9696
789,-87.9641,-87.9647,-87.9654,-87.966,-87.9666,-87.9671,-87.9677,-87.9682,-87.9688,-87.9693,-87.9698
790,-87.9643,-87.965,-87.9656,-87.9662,-87.9668,-87.9674,-87.968,-87.9685,-87.969,-87.9696,-87.9701
791,-87.9646,-87.9652,-87.9659,-87.9665,-87.9671,-87.9676,-87.9682,-87.9687,-87.9693,-87.9698,-87.9703
792,-87.9648,-87.9655,-87.9661,-87.9667,-87.9673,-87.9679,-87.9684,-87.969,-87.9695,-87.97,-87.9706
793,-87.9651,-87.9657,-87.9663,-87.967,-87.9675,-87.9681,-87.9687,-87.9692,-87.9697,-87.9703,-87.9708
794,-87.9653,-87.966,-87.9666,-87.9672,-87.9678,-87.9684,-87.9689,-87.9694,-87.97,-87.9705,-87.971
795,-87.9656,-87.9662,-87.9668,-87.9674,-87.968,-87.9686,-87.9692,-87.9697,-87.9702,-87.9708,-87.9713
796,-87.9658,-87.9665,-87.9671,-87.9677,-87.9683,-87.9688,-87.9694,-87.9699,-87.9705,-87.971,-87.9715
797,-87.9661,-87.9667,-87.9673,-87.9679,-87.9685,-87.9691,-87.9696,-87.9702,-87.9707,-87.9712,-87.9717
798,-87.9663,-87.9669,-87.9676,-87.9682,-87.9687,-87.9693,-87.9699,-87.9704,-87.9709,-87.9715,-87.972
799,-87.9665,-87.9672,-87.9678,-87.9684,-87.969,-87.9695,-87.9701,-87.9706,-87.9712,-87.9717,-87.9722
800,-87.9668,-87.9674,-87.968,-87.9686,-87.9692,-87.9698,-87.9703,-87.9709,-87.9714,-87.9719,-87.9724
801,-87.967,-87.9677,-87.9683,-87.9689,-87.9695,-87.97,-87.9706,-87.9711,-87.9716,-87.9722,-87.9727
802,-87.9673,-87.9679,-87.9685,-87.9691,-87.9697,-87.9702,-87.9708,-87.9713,-87.9719,-87.9724,-87.9729
803,-87.9675,-87.9681,-87.9687,-87.9693,-87.9699,-87.9705,-87.971,-87.9716,-87.9721,-87.9726,-87.9731
804,-87.9677,-87.9684,-87.969,-87.9696,-87.9701,-87.9707,-87.9713,-87.9718,-87.9723,-87.9728,-87.9733
805,-87.968,-87.9686,-87.9692,-87.9698,-87.9704,-87.9709,-87.9715,-87.972,-87.9725,-87.9731,-87.9736
806,-87.9682,-87.9688,-87.9694,-87.97,-87.9706,-87.9712,-87.9717,-87.9722,-87.9728,-87.9733,-87.9738
807,-87.9684,-87.9691,-87.9697,-87.9703,-87.9708,-87.9714,-87.9719,-87.9725,-87.973,-87.9735,-87.974
808,-87.9687,-87.9693,-87.9699,-87.9705,-87.9711,-87.9716,-87.9722,-87.9727,-87.9732,-87.9737,-87.9742
809,-87.9689,-87.9695,-87.9701,-87.9707,-87.9713,-87.9718,-87.9724,-87.9729,-87.9734,-87.974,-87.9744
810,-87.9691,-87.9697,-87.9703,-87.9709,-87.9715,-87.9721,-87.9726,-87.9731,-87.9737,-87.9742,-87.9747
811,-87.9693,-87.97,-87.9706,-87.9712,-87.9717,-87.9723,-87.9728,-87.9734,-87.9739,-87.9744,-87.9749
812,-87.9696,-87.9702,-87.9708,-87.9714,-87.972,-87.9725,-87.9731,-87.9736,-87.9741,-87.9746,-87.9751
813,-87.9698,-87.9704,-87.971,-87.9716,-87.9722,-87.9727,-87.9733,-87.9738,-87.9743,-87.9748,-87.9753
814,-87.97,-87.9706,-87.9712,-87.9718,-87.9724,-87.973,-87.9735,-87.974,-87.9745,-87.9751,-87.9755
815,-87.9702,-87.9709,-87.9715,-87.9721,-87.9726,-87.9732,-87.9737,-87.9742,-87.9747,-87.9753,-87.9758
816,-87.9705,-87.9711,-87.9717,-87.9723,-87.9728,-87.9734,-87.9739,-87.9744,-87.975,-87.9755,-87.976
817,-87.9707,-87.9713,-87.9719,-87.9725,-87.9731,-87.9736,-87.9742,-87.9747,-87.9752,-87.9757,-87.9762
818,-87.9709,-87.9715,-87.9721,-87.9727,-87.9733,-87.9738,-87.9744,-87.9749,-87.9754,-87.9759,-87.9764
819,-87.9711,-87.9717,-87.9723,-87.9729,-87.9735,-87.974,-87.9746,-87.9751,-87.9756,-87.9761,-87.9766
820,-87.9713,-87.972,-87.9726,-87.9731,-87.9737,-87.9743,-87.9748,-87.9753,-87.9758,-87.9763,-87.9768
821,-87.9716,-87.9722,-87.9728,-87.9734,-87.9739,-87.9745,-87.975,-87.9755,-87.976,-87.9765,-87.977
822,-87.9718,-87.9724,-87.973,-87.9736,-87.9741,-87.9747,-87.9752,-87.9757,-87.9762,-87.9768,-87.9772
823,-87.972,-87.9726,-87.9732,-87.9738,-87.9743,-87.9749,-87.9754,-87.9759,-87.9764,-87.977,-87.9774
824,-87.9722,-87.9728,-87.9734,-87.974,-87.9746,-87.9751,-87.9756,-87.9761,-87.9767,-87.9772,-87.9776
825,-87.9724,-87.973,-87.9736,-87.9742,-87.9748,-87.9753,-87.9759,-87.9764,-87.9769,-87.9774,-87.9779
826,-87.9726,-87.9732,-87.9738,-87.9744,-87.975,-87.9755,-87.9761,-87.9766,-87.9771,-87.9776,-87.9781
827,-87.9728,-87.9735,-87.9741,-87.9746,-87.9752,-87.9757,-87.9763,-87.9768,-87.9773,-87.9778,-87.9783
828,-87.9731,-87.9737,-87.9743,-87.9748,-87.9754,-87.9759,-87.9765,-87.977,-87.9775,-87.978,-87.9785
829,-87.9733,-87.9739,-87.9745,-87.975,-87.9756,-87.9761,-87.9767,-87.9772,-87.9777,-87.9782,-87.9787
830,-87.9735,-87.9741,-87.9747,-87.9753,-87.9758,-87.9763,-87.9769,-87.9774,-87.9779,-87.9784,-87.9789
831,-87.9737,-87.9743,-87.9749,-87.9755,-87.976,-87.9766,-87.9771,-87.9776,-87.9781,-87.9786,-87.9791
832,-87.9739,-87.9745,-87.9751,-87.9757,-87.9762,-87.9768,-87.9773,-87.9778,-87.9783,-87.9788,-87.9793
833,-87.9741,-87.9747,-87.9753,-87.9759,-87.9764,-87.977,-87.9775,-87.978,-87.9785,-87.979,-87.9795
834,-87.9743,-87.9749,-87.9755,-87.9761,-87.9766,-87.9772,-87.9777,-87.9782,-87.9787,-87.9792,-87.9797
835,-87.9745,-87.9751,-87.9757,-87.9763,-87.9768,-87.9774,-87.9779,-87.9784,-87.9789,-87.9794,-87.9799
836,-87.9747,-87.9753,-87.9759,-87.9765,-87.977,-87.9776,-87.9781,-87.9786,-87.9791,-87.9796,-87.9801
837,-87.9749,-87.9755,-87.9761,-87.9767,-87.9772,-87.9778,-87.9783,-87.9788,-87.9793,-87.9798,-87.9803
838,-87.9751,-87.9757,-87.9763,-87.9769,-87.9774,-87.978,-87.9785,-87.979,-87.9795,-87.98,-87.9804
839,-87.9753,-87.9759,-87.9765,-87.9771,-87.9776,-87.9782,-87.9787,-87.9792,-87.9797,-87.9802,-87.9806
840,-87.9755,-87.9761,-87.9767,-87.9773,-87.9778,-87.9783,-87.9789,-87.9794,-87.9799,-87.9804,-87.9808
841,-87.9757,-87.9763,-87.9769,-87.9775,-87.978,-87.9785,-87.9791,-87.9796,-87.9801,-87.9806,-87.981
842,-87.9759,-87.9765,-87.9771,-87.9777,-87.9782,-87.9787,-87.9793,-87.9797,-87.9802,-87.9807,-87.9812
843,-87.9761,-87.9767,-87.9773,-87.9779,-87.9784,-87.9789,-87.9795,-87.9799,-87.9804,-87.9809,-87.9814
844,-87.9763,-87.9769,-87.9775,-87.978,-87.9786,-87.9791,-87.9796,-87.9801,-87.9806,-87.9811,-87.9816
845,-87.9765,-87.9771,-87.9777,-87.9782,-87.9788,-87.9793,-87.9798,-87.9803,-87.9808,-87.9813,-87.9818
846,-87.9767,-87.9773,-87.9779,-87.9784,-87.979,-87.9795,-87.98,-87.9805,-87.981,-87.9815,-87.982
847,-87.9769,-87.9775,-87.9781,-87.9786,-87.9792,-87.9797,-87.9802,-87.9807,-87.9812,-87.9817,-87.9822
848,-87.9771,-87.9777,-87.9783,-87.9788,-87.9794,-87.9799,-87.9804,-87.9809,-87.9814,-87.9819,-87.9823
849,-87.9773,-87.9779,-87.9784,-87.979,-87.9795,-87.9801,-87.9806,-87.9811,-87.9816,-87.9821,-87.9825
850,-87.9775,-87.9781,-87.9786,-87.9792,-87.9797,-87.9803,-87.9808,-87.9813,-87.9818,-87.9822,-87.9827
851,-87.9777,-87.9782,-87.9788,-87.9794,-87.9799,-87.9804,-87.981,-87.9814,-87.9819,-87.9824,-87.9829
852,-87.9778,-87.9784,-87.979,-87.9796,-87.9801,-87.9806,-87.9811,-87.9816,-87.9821,-87.9826,-87.9831
853,-87.978,-87.9786,-87.9792,-87.9798,-87.9803,-87.9808,-87.9813,-87.9818,-87.9823,-87.9828,-87.9833
854,-87.9782,-87.9788,-87.9794,-87.9799,-87.9805,-87.981,-87.9815,-87.982,-87.9825,-87.983,-87.9834
855,-87.9784,-87.979,-87.9796,-87.9801,-87.9807,-87.9812,-87.9817,-87.9822,-87.9827,-87.9832,-87.9836
856,-87.9786,-87.9792,-87.9798,-87.9803,-87.9808,-87.9814,-87.9819,-87.9824,-87.9828,-87.9833,-87.9838
857,-87.9788,-87.9794,-87.9799,-87.9805,-87.981,-87.9815,-87.9821,-87.9825,-87.983,-87.9835,-87.984
858,-87.979,-87.9795,-87.9801,-87.9807,-87.9812,-87.9817,-87.9822,-87.9827,-87.9832,-87.9837,-87.9842
859,-87.9791,-87.9797,-87.9803,-87.9809,-87.9814,-87.9819,-87.9824,-87.9829,-87.9834,-87.9839,-87.9843
860,-87.9793,-87.9799,-87.9805,-87.981,-87.9816,-87.9821,-87.9826,-87.9831,-87.9836,-87.984,-87.9845
861,-87.9795,-87.9801,-87.9807,-87.9812,-87.9817,-87.9823,-87.9828,-87.9832,-87.9837,-87.9842,-87.9847
862,-87.9797,-87.9803,-87.9808,-87.9814,-87.9819,-87.9824,-87.983,-87.9834,-87.9839,-87.9844,-87.9849
863,-87.9799,-87.9805,-87.981,-87.9816,-87.9821,-87.9826,-87.9831,-87.9836,-87.9841,-87.9846,-87.985
864,-87.9801,-87.9806,-87.9812,-87.9817,-87.9823,-87.9828,-87.9833,-87.9838,-87.9843,-87.9847,-87.9852
865,-87.9802,-87.9808,-87.9814,-87.9819,-87.9825,-87.983,-87.9835,-87.9839,-87.9844,-87.9849,-87.9854
866,-87.9804,-87.981,-87.9816,-87.9821,-87.9826,-87.9831,-87.9837,-87.9841,-87.9846,-87.9851,-87.9855
867,-87.9806,-87.9812,-87.9817,-87.9823,-87.9828,-87.9833,-87.9838,-87.9843,-87.9848,-87.9853,-87.9857
868,-87.9808,-87.9813,-87.9819,-87.9824,-87.983,-87.9835,-87.984,-87.9845,-87.985,-87.9854,-87.9859
869,-87.9809,-87.9815,-87.9821,-87.9826,-87.9832,-87.9837,-87.9842,-87.9846,-87.9851,-87.9856,-87.9861
870,-87.9811,-87.9817,-87.9822,-87.9828,-87.9833,-87.9838,-87.9843,-87.9848,-87.9853,-87.9858,-87.9862
871,-87.9813,-87.9819,-87.9824,-87.983,-87.9835,-87.984,-87.9845,-87.985,-87.9855,-87.9859,-87.9864
872,-87.9815,-87.982,-87.9826,-87.9831,-87.9837,-87.9842,-87.9847,-87.9851,-87.9856,-87.9861,-87.9866
873,-87.9816,-87.9822,-87.9828,-87.9833,-87.9838,-87.9843,-87.9848,-87.9853,-87.9858,-87.9863,-87.9867
874,-87.9818,-87.9824,-87.9829,-87.9835,-87.984,-87.9845,-87.985,-87.9855,-87.986,-87.9864,-87.9869
875,-87.982,-87.9825,-87.9831,-87.9836,-87.9842,-87.9847,-87.9852,-87.9856,-87.9861,-87.9866,-87.9871
876,-87.9821,-87.9827,-87.9833,-87.9838,-87.9843,-87.9848,-87.9853,-87.9858,-87.9863,-87.9868,-87.9872
877,-87.9823,-87.9829,-87.9834,-87.984,-87.9845,-87.985,-87.9855,-87.986,-87.9865,-87.9869,-87.9874
878,-87.9825,-87.9831,-87.9836,-87.9841,-87.9847,-87.9852,-87.9857,-87.9861,-87.9866,-87.9871,-87.9875
879,-87.9827,-87.9832,-87.9838,-87.9843,-87.9848,-87.9853,-87.9858,-87.9863,-87.9868,-87.9873,-87.9877
880,-87.9828,-87.9834,-87.9839,-87.9845,-87.985,-87.9855,-87.986,-87.9865,-87.9869,-87.9874,-87.9879
881,-87.983,-87.9836,-87.9841,-87.9846,-87.9852,-87.9857,-87.9862,-87.9866,-87.9871,-87.9876,-87.988
882,-87.9832,-87.9837,-87.9843,-87.9848,-87.9853,-87.9858,-87.9863,-87.9868,-87.9873,-87.9877,-87.9882
883,-87.9833,-87.9839,-87.9844,-87.985,-87.9855,-87.986,-87.9865,-87.987,-87.9874,-87.9879,-87.9883
884,-87.9835,-87.984,-87.9846,-87.9851,-87.9857,-87.9862,-87.9867,-87.9871,-87.9876,-87.9881,-87.9885
885,-87.9836,-87.9842,-87.9848,-87.9853,-87.9858,-87.9863,-87.9868,-87.9873,-87.9877,-87.9882,-87.9887
886,-87.9838,-87.9844,-87.9849,-87.9855,-87.986,-87.9865,-87.987,-87.9874,-87.9879,-87.9884,-87.9888
887,-87.984,-87.9845,-87.9851,-87.9856,-87.9861,-87.9866,-87.9871,-87.9876,-87.9881,-87.9885,-87.989
888,-87.9841,-87.9847,-87.9852,-87.9858,-87.9863,-87.9868,-87.9873,-87.9877,-87.9882,-87.9887,-87.9891
889,-87.9843,-87.9849,-87.9854,-87.9859,-87.9864,-87.9869,-87.9874,-87.9879,-87.9884,-87.9888,-87.9893
890,-87.9845,-87.985,-87.9856,-87.9861,-87.9866,-87.9871,-87.9876,-87.9881,-87.9885,-87.989,-87.9894
891,-87.9846,-87.9852,-87.9857,-87.9862,-87.9868,-87.9873,-87.9878,-87.9882,-87.9887,-87.9892,-87.9896
892,-87.9848,-87.9853,-87.9859,-87.9864,-87.9869,-87.9874,-87.9879,-87.9884,-87.9888,-87.9893,-87.9897
893,-87.9849,-87.9855,-87.986,-87.9866,-87.9871,-87.9876,-87.9881,-87.9885,-87.989,-87.9895,-87.9899
894,-87.9851,-87.9856,-87.9862,-87.9867,-87.9872,-87.9877,-87.9882,-87.9887,-87.9891,-87.9896,-87.9901
895,-87.9852,-87.9858,-87.9863,-87.9869,-87.9874,-87.9879,-87.9884,-87.9888,-87.9893,-87.9898,-87.9902
896,-87.9854,-87.986,-87.9865,-87.987,-87.9875,-87.988,-87.9885,-87.989,-87.9894,-87.9899,-87.9904
897,-87.9855,-87.9861,-87.9866,-87.9872,-87.9877,-87.9882,-87.9887,-87.9891,-87.9896,-87.9901,-87.9905
898,-87.9857,-87.9863,-87.9868,-87.9873,-87.9878,-87.9883,-87.9888,-87.9893,-87.9897,-87.9902,-87.9907
899,-87.9859,-87.9864,-87.987,-87.9875,-87.988,-87.9885,-87.989,-87.9894,-87.9899,-87.9904,-87.9908
900,-87.986,-87.9866,-87.9871,-87.9876,-87.9881,-87.9886,-87.9891,-87.9896,-87.99,-87.9905,-87.9909
901,-87.9862,-87.9867,-87.9873,-87.9878,-87.9883,-87.9888,-87.9893,-87.9897,-87.9902,-87.9907,-87.9911
902,-87.9863,-87.9869,-87.9874,-87.9879,-87.9884,-87.9889,-87.9894,-87.9899,-87.9903,-87.9908,-87.9912
903,-87.9865,-87.987,-87.9876,-87.9881,-87.9886,-87.9891,-87.9896,-87.99,-87.9905,-87.991,-87.9914
904,-87.9866,-87.9872,-87.9877,-87.9882,-87.9887,-87.9892,-87.9897,-87.9902,-87.9906,-87.9911,-87.9915
905,-87.9868,-87.9873,-87.9879,-87.9884,-87.9889,-87.9894,-87.9899,-87.9903,-87.9908,-87.9912,-87.9917
906,-87.9869,-87.9875,-87.988,-87.9885,-87.989,-87.9895,-87.99,-87.9905,-87.9909,-87.9914,-87.9918
907,-87.9871,-87.9876,-87.9881,-87.9887,-87.9892,-87.9897,-87.9902,-87.9906,-87.9911,-87.9915,-87.992
908,-87.9872,-87.9878,-87.9883,-87.9888,-87.9893,-87.9898,-87.9903,-87.9907,-87.9912,-87.9917,-87.9921
909,-87.9874,-87.9879,-87.9884,-87.989,-87.9895,-87.99,-87.9904,-87.9909,-87.9914,-87.9918,-87.9922
910,-87.9875,-87.9881,-87.9886,-87.9891,-87.9896,-87.9901,-87.9906,-87.991,-87.9915,-87.992,-87.9924
911,-87.9876,-87.9882,-87.9887,-87.9893,-87.9898,-87.9902,-87.9907,-87.9912,-87.9916,-87.9921,-87.9925
912,-87.9878,-87.9883,-87.9889,-87.9894,-87.9899,-87.9904,-87.9909,-87.9913,-87.9918,-87.9922,-87.9927
913,-87.9879,-87.9885,-87.989,-87.9895,-87.99,-87.9905,-87.991,-87.9915,-87.9919,-87.9924,-87.9928
914,-87.9881,-87.9886,-87.9892,-87.9897,-87.9902,-87.9907,-87.9912,-87.9916,-87.9921,-87.9925,-87.9929
915,-87.9882,-87.9888,-87.9893,-87.9898,-87.9903,-87.9908,-87.9913,-87.9917,-87.9922,-87.9927,-87.9931
916,-87.9884,-87.9889,-87.9894,-87.99,-87.9905,-87.991,-87.9914,-87.9919,-87.9923,-87.9928,-87.9932
917,-87.9885,-87.9891,-87.9896,-87.9901,-87.9906,-87.9911,-87.9916,-87.992,-87.9925,-87.9929,-87.9934
918,-87.9886,-87.9892,-87.9897,-87.9902,-87.9907,-87.9912,-87.9917,-87.9922,-87.9926,-87.9931,-87.9935
919,-87.9888,-87.9893,-87.9899,-87.9904,-87.9909,-87.9914,-87.9918,-87.9923,-87.9927,-87.9932,-87.9936
920,-87.9889,-87.9895,-87.99,-87.9905,-87.991,-87.9915,-87.992,-87.9924,-87.9929,-87.9933,-87.9938
921,-87.9891,-87.9896,-87.9901,-87.9907,-87.9912,-87.9916,-87.9921,-87.9926,-87.993,-87.9935,-87.9939
922,-87.9892,-87.9898,-87.9903,-87.9908,-87.9913,-87.9918,-87.9923,-87.9927,-87.9932,-87.9936,-87.994
923,-87.9893,-87.9899,-87.9904,-87.9909,-87.9914,-87.9919,-87.9924,-87.9928,-87.9933,-87.9937,-87.9942
924,-87.9895,-87.99,-87.9906,-87.9911,-87.9916,-87.992,-87.9925,-87.993,-87.9934,-87.9939,-87.9943
925,-87.9896,-87.9902,-87.9907,-87.9912,-87.9917,-87.9922,-87.9927,-87.9931,-87.9936,-87.994,-87.9944
926,-87.9898,-87.9903,-87.9908,-87.9913,-87.9918,-87.9923,-87.9928,-87.9932,-87.9937,-87.9941,-87.9946
927,-87.9899,-87.9904,-87.991,-87.9915,-87.992,-87.9924,-87.9929,-87.9934,-87.9938,-87.9943,-87.9947
928,-87.99,-87.9906,-87.9911,-87.9916,-87.9921,-87.9926,-87.9931,-87.9935,-87.9939,-87.9944,-87.9948
929,-87.9902,-87.9907,-87.9912,-87.9917,-87.9922,-87.9927,-87.9932,-87.9936,-87.9941,-87.9945,-87.995
930,-87.9903,-87.9908,-87.9914,-87.9919,-87.9924,-87.9928,-87.9933,-87.9938,-87.9942,-87.9947,-87.9951
931,-87.9904,-87.991,-87.9915,-87.992,-87.9925,-87.993,-87.9934,-87.9939,-87.9943,-87.9948,-87.9952
932,-87.9906,-87.9911,-87.9916,-87.9921,-87.9926,-87.9931,-87.9936,-87.994,-87.9945,-87.9949,-87.9953
933,-87.9907,-87.9912,-87.9918,-87.9923,-87.9928,-87.9932,-87.9937,-87.9941,-87.9946,-87.995,-87.9955
934,-87.9908,-87.9914,-87.9919,-87.9924,-87.9929,-87.9934,-87.9938,-87.9943,-87.9947,-87.9952,-87.9956
935,-87.991,-87.9915,-87.992,-87.9925,-87.993,-87.9935,-87.994,-87.9944,-87.9949,-87.9953,-87.9957
936,-87.9911,-87.9916,-87.9921,-87.9927,-87.9931,-87.9936,-87.9941,-87.9945,-87.995,-87.9954,-87.9959
937,-87.9912,-87.9918,-87.9923,-87.9928,-87.9933,-87.9937,-87.9942,-87.9947,-87.9951,-87.9956,-87.996
938,-87.9913,-87.9919,-87.9924,-87.9929,-87.9934,-87.9939,-87.9943,-87.9948,-87.9952,-87.9957,-87.9961
939,-87.9915,-87.992,-87.9925,-87.993,-87.9935,-87.994,-87.9945,-87.9949,-87.9954,-87.9958,-87.9962
940,-87.9916,-87.9921,-87.9927,-87.9932,-87.9937,-87.9941,-87.9946,-87.995,-87.9955,-87.9959,-87.9964
941,-87.9917,-87.9923,-87.9928,-87.9933,-87.9938,-87.9943,-87.9947,-87.9952,-87.9956,-87.9961,-87.9965
942,-87.9919,-87.9924,-87.9929,-87.9934,-87.9939,-87.9944,-87.9948,-87.9953,-87.9957,-87.9962,-87.9966
943,-87.992,-87.9925,-87.993,-87.9935,-87.994,-87.9945,-87.995,-87.9954,-87.9959,-87.9963,-87.9967
944,-87.9921,-87.9926,-87.9932,-87.9937,-87.9942,-87.9946,-87.9951,-87.9955,-87.996,-87.9964,-87.9968
945,-87.9922,-87.9928,-87.9933,-87.9938,-87.9943,-87.9948,-87.9952,-87.9956,-87.9961,-87.9965,-87.997
946,-87.9924,-87.9929,-87.9934,-87.9939,-87.9944,-87.9949,-87.9953,-87.9958,-87.9962,-87.9967,-87.9971
947,-87.9925,-87.993,-87.9935,-87.994,-87.9945,-87.995,-87.9955,-87.9959,-87.9963,-87.9968,-87.9972
948,-87.9926,-87.9931,-87.9937,-87.9942,-87.9946,-87.9951,-87.9956,-87.996,-87.9965,-87.9969,-87.9973
949,-87.9927,-87.9933,-87.9938,-87.9943,-87.9948,-87.9952,-87.9957,-87.9961,-87.9966,-87.997,-87.9974
950,-87.9929,-87.9934,-87.9939,-87.9944,-87.9949,-87.9954,-87.9958,-87.9963,-87.9967,-87.9971,-87.9976
951,-87.993,-87.9935,-87.994,-87.9945,-87.995,-87.9955,-87.9959,-87.9964,-87.9968,-87.9973,-87.9977
952,-87.9931,-87.9936,-87.9941,-87.9946,-87.9951,-87.9956,-87.9961,-87.9965,-87.9969,-87.9974,-87.9978
953,-87.9932,-87.9937,-87.9943,-87.9948,-87.9952,-87.9957,-87.9962,-87.9966,-87.9971,-87.9975,-87.9979
954,-87.9933,-87.9939,-87.9944,-87.9949,-87.9954,-87.9958,-87.9963,-87.9967,-87.9972,-87.9976,-87.998
955,-87.9935,-87.994,-87.9945,-87.995,-87.9955,-87.996,-87.9964,-87.9968,-87.9973,-87.9977,-87.9981
956,-87.9936,-87.9941,-87.9946,-87.9951,-87.9956,-87.9961,-87.9965,-87.997,-87.9974,-87.9978,-87.9983
957,-87.9937,-87.9942,-87.9947,-87.9952,-87.9957,-87.9962,-87.9966,-87.9971,-87.9975,-87.998,-87.9984
958,-87.9938,-87.9943,-87.9949,-87.9954,-87.9958,-87.9963,-87.9968,-87.9972,-87.9976,-87.9981,-87.9985
959,-87.9939,-87.9945,-87.995,-87.9955,-87.996,-87.9964,-87.9969,-87.9973,-87.9977,-87.9982,-87.9986
960,-87.994,-87.9946,-87.9951,-87.9956,-87.9961,-87.9965,-87.997,-87.9974,-87.9979,-87.9983,-87.9987
961,-87.9942,-87.9947,-87.9952,-87.9957,-87.9962,-87.9966,-87.9971,-87.9975,-87.998,-87.9984,-87.9988
962,-87.9943,-87.9948,-87.9953,-87.9958,-87.9963,-87.9968,-87.9972,-87.9976,-87.9981,-87.9985,-87.9989
963,-87.9944,-87.9949,-87.9954,-87.9959,-87.9964,-87.9969,-87.9973,-87.9978,-87.9982,-87.9986,-87.9991
964,-87.9945,-87.995,-87.9955,-87.996,-87.9965,-87.997,-87.9974,-87.9979,-87.9983,-87.9988,-87.9992
965,-87.9946,-87.9952,-87.9957,-87.9962,-87.9966,-87.9971,-87.9976,-87.998,-87.9984,-87.9989,-87.9993
966,-87.9947,-87.9953,-87.9958,-87.9963,-87.9967,-87.9972,-87.9977,-87.9981,-87.9985,-87.999,-87.9994
967,-87.9949,-87.9954,-87.9959,-87.9964,-87.9969,-87.9973,-87.9978,-87.9982,-87.9986,-87.9991,-87.9995
968,-87.995,-87.9955,-87.996,-87.9965,-87.997,-87.9974,-87.9979,-87.9983,-87.9988,-87.9992,-87.9996
969,-87.9951,-87.9956,-87.9961,-87.9966,-87.9971,-87.9975,-87.998,-87.9984,-87.9989,-87.9993,-87.9997
970,-87.9952,-87.9957,-87.9962,-87.9967,-87.9972,-87.9977,-87.9981,-87.9985,-87.999,-87.9994,-87.9998
971,-87.9953,-87.9958,-87.9963,-87.9968,-87.9973,-87.9978,-87.9982,-87.9986,-87.9991,-87.9995,-87.9999
972,-87.9954,-87.9959,-87.9964,-87.9969,-87.9974,-87.9979,-87.9983,-87.9988,-87.9992,-87.9996,-88
973,-87.9955,-87.996,-87.9966,-87.997,-87.9975,-87.998,-87.9984,-87.9989,-87.9993,-87.9997,-88.0002
974,-87.9956,-87.9962,-87.9967,-87.9972,-87.9976,-87.9981,-87.9986,-87.999,-87.9994,-87.9998,-88.0003
975,-87.9957,-87.9963,-87.9968,-87.9973,-87.9977,-87.9982,-87.9987,-87.9991,-87.9995,-88,-88.0004
976,-87.9959,-87.9964,-87.9969,-87.9974,-87.9979,-87.9983,-87.9988,-87.9992,-87.9996,-88.0001,-88.0005
977,-87.996,-87.9965,-87.997,-87.9975,-87.998,-87.9984,-87.9989,-87.9993,-87.9997,-88.0002,-88.0006
978,-87.9961,-87.9966,-87.9971,-87.9976,-87.9981,-87.9985,-87.999,-87.9994,-87.9998,-88.0003,-88.0007
979,-87.9962,-87.9967,-87.9972,-87.9977,-87.9982,-87.9986,-87.9991,-87.9995,-87.9999,-88.0004,-88.0008
980,-87.9963,-87.9968,-87.9973,-87.9978,-87.9983,-87.9987,-87.9992,-87.9996,-88,-88.0005,-88.0009
981,-87.9964,-87.9969,-87.9974,-87.9979,-87.9984,-87.9988,-87.9993,-87.9997,-88.0002,-88.0006,-88.001
982,-87.9965,-87.997,-87.9975,-87.998,-87.9985,-87.9989,-87.9994,-87.9998,-88.0003,-88.0007,-88.0011
983,-87.9966,-87.9971,-87.9976,-87.9981,-87.9986,-87.9991,-87.9995,-87.9999,-88.0004,-88.0008,-88.0012
984,-87.9967,-87.9972,-87.9977,-87.9982,-87.9987,-87.9992,-87.9996,-88,-88.0005,-88.0009,-88.0013
985,-87.9968,-87.9973,-87.9978,-87.9983,-87.9988,-87.9993,-87.9997,-88.0001,-88.0006,-88.001,-88.0014
986,-87.9969,-87.9974,-87.9979,-87.9984,-87.9989,-87.9994,-87.9998,-88.0002,-88.0007,-88.0011,-88.0015
987,-87.997,-87.9975,-87.998,-87.9985,-87.999,-87.9995,-87.9999,-88.0003,-88.0008,-88.0012,-88.0016
988,-87.9971,-87.9976,-87.9981,-87.9986,-87.9991,-87.9996,-88,-88.0004,-88.0009,-88.0013,-88.0017
989,-87.9972,-87.9978,-87.9982,-87.9987,-87.9992,-87.9997,-88.0001,-88.0005,-88.001,-88.0014,-88.0018
990,-87.9973,-87.9979,-87.9984,-87.9988,-87.9993,-87.9998,-88.0002,-88.0006,-88.0011,-88.0015,-88.0019
