0,-8.34555,-87.983,-87.9827,-87.9823,-87.9835,-87.9859,-87.9889,-87.9921,-87.9954,-87.9987,-88.0019
1,-8.30109,-87.9832,-87.9828,-87.9824,-87.9837,-87.986,-87.989,-87.9922,-87.9955,-87.9988,-88.002
2,-8.2576,-87.9834,-87.983,-87.9826,-87.9838,-87.9862,-87.9891,-87.9923,-87.9956,-87.9989,-88.0021
3,-8.21508,-87.9837,-87.9831,-87.9827,-87.9839,-87.9863,-87.9892,-87.9924,-87.9957,-87.999,-88.0022
4,-8.17355,-87.9839,-87.9833,-87.9828,-87.984,-87.9864,-87.9893,-87.9925,-87.9959,-87.9991,-88.0023
5,-8.13301,-87.9841,-87.9834,-87.983,-87.9841,-87.9865,-87.9894,-87.9926,-87.996,-87.9992,-88.0024
6,-8.09348,-87.9843,-87.9836,-87.9831,-87.9843,-87.9866,-87.9895,-87.9927,-87.9961,-87.9993,-88.0025
7,-8.05495,-87.9846,-87.9837,-87.9832,-87.9844,-87.9867,-87.9896,-87.9929,-87.9962,-87.9994,-88.0026
8,-8.01744,-87.9848,-87.9839,-87.9833,-87.9845,-87.9868,-87.9897,-87.993,-87.9963,-87.9995,-88.0027
9,-7.98095,-87.985,-87.984,-87.9835,-87.9846,-87.9869,-87.9898,-87.9931,-87.9964,-87.9996,-88.0028
10,-7.94537,-87.985,-87.9838,-87.9832,-87.9843,-87.9866,-87.9895,-87.9928,-87.996,-87.9993,-88.0025
11,31.764,-38.2853,-38.3752,-38.4481,-38.5249,-38.595,-38.6539,-38.7231,-38.7837,-38.825,-38.8868
12,31.3787,33.4126,33.2682,33.152,33.0501,32.9617,32.8866,32.8168,32.7571,32.7097,32.6619
13,31.0035,38.2239,38.0688,37.9409,37.8286,37.7299,37.6437,37.5646,37.495,37.4359,37.3792
14,30.6315,40.1696,39.9969,39.8524,39.7259,39.6138,39.5142,39.4228,39.3404,39.2677,39.1986
15,30.2616,40.987,40.7699,40.5987,40.4535,40.3267,40.2145,40.112,40.019,39.9355,39.8565
16,29.8939,41.3109,41.0249,40.818,40.6511,40.5098,40.3869,40.2761,40.176,40.0856,40.0005
17,29.5284,41.4046,41.0323,40.7833,40.593,40.4379,40.3062,40.1898,40.0854,39.9915,39.9032
18,29.1653,41.3898,40.9235,40.63,40.4158,40.2476,40.1084,39.9876,39.8806,39.7847,39.695
19,28.8048,41.3287,40.7708,40.4348,40.198,40.017,39.8701,39.7448,39.635,39.5368,39.4456
20,28.4471,41.2549,40.6158,40.2427,39.9852,39.7915,39.6362,39.505,39.3906,39.2887,39.1941
21,28.0922,41.1866,40.4811,40.0772,39.8014,39.5949,39.4299,39.2909,39.1697,39.0617,38.9616
22,27.7401,41.1324,40.3759,39.9478,39.6557,39.4364,39.2604,39.1115,38.9814,38.8648,38.7567
23,27.3911,41.0949,40.3017,39.8548,39.5482,39.3159,39.1278,38.9675,38.8264,38.6992,38.581
24,27.0452,41.0734,40.2555,39.7942,39.4744,39.229,39.028,38.855,38.7014,38.562,38.4319
25,26.7023,41.0656,40.2326,39.76,39.4281,39.1696,38.955,38.7683,38.6012,38.4484,38.3052
26,26.3627,41.0682,40.2274,39.746,39.4026,39.1311,38.9025,38.7017,38.5202,38.3531,38.1959
27,26.0262,41.0779,40.235,39.7464,39.3921,39.1075,38.8649,38.6494,38.4532,38.2713,38.0994
28,25.693,41.0919,40.2507,39.7562,39.3914,39.0939,38.8371,38.6068,38.3956,38.1985,38.0115
29,25.3631,41.1073,40.2709,39.7712,39.3963,39.086,38.815,38.5699,38.3435,38.1311,37.9289
30,25.0364,41.122,40.2923,39.7881,39.4034,39.0805,38.7954,38.5355,38.2939,38.0662,37.8487
31,24.713,41.1341,40.3127,39.8043,39.4099,39.0746,38.7756,38.501,38.2443,38.0014,37.7687
32,24.3929,41.1424,40.33,39.8178,39.4139,39.0663,38.7536,38.4645,38.1929,37.9348,37.6869
33,24.0761,41.1455,40.3429,39.8269,39.4138,39.0541,38.7278,38.4244,38.1382,37.8651,37.6022
34,23.7626,41.1429,40.3502,39.8306,39.4084,39.0368,38.6973,38.3798,38.0791,37.7913,37.5135
35,23.4523,41.1339,40.3512,39.8281,39.3969,39.0138,38.6611,38.3298,38.0148,37.7125,37.4201
36,23.1452,41.118,40.3455,39.8188,39.3789,38.9843,38.6188,38.2739,37.9449,37.6282,37.3214
37,22.8414,41.0952,40.3326,39.8024,39.3538,38.948,38.57,38.2118,37.8689,37.5382,37.2172
38,22.5407,41.0652,40.3124,39.7787,39.3216,38.9048,38.5144,38.1431,37.7867,37.4422,37.1072
39,22.2432,41.0281,40.2848,39.7477,39.2822,38.8546,38.4521,38.0679,37.6983,37.3401,36.9914
40,21.9488,40.9839,40.2499,39.7093,39.2355,38.7973,38.383,37.9862,37.6035,37.232,36.8697
41,21.6575,40.9327,40.2078,39.6637,39.1818,38.7332,38.3071,37.898,37.5024,37.1178,36.7422
42,21.3692,40.8747,40.1586,39.6109,39.1211,38.6622,38.2247,37.8034,37.3953,36.9976,36.6089
43,21.0839,40.8101,40.1025,39.5513,39.0535,38.5846,38.1359,37.7027,37.2821,36.8717,36.4701
44,20.8016,40.7392,40.0396,39.4849,38.9794,38.5007,38.0409,37.5959,37.1631,36.7402,36.3257
45,20.5222,40.662,39.9704,39.4121,38.8989,38.4105,37.9398,37.4833,37.0384,36.6032,36.1761
46,20.2456,40.5789,39.8949,39.333,38.8123,38.3143,37.8329,37.365,36.9083,36.4609,36.0214
47,19.9718,40.4901,39.8134,39.248,38.7198,38.2124,37.7205,37.2413,36.773,36.3135,35.8617
48,19.7007,40.3958,39.7261,39.1572,38.6216,38.1049,37.6027,37.1125,36.6326,36.1612,35.6973
49,19.4323,40.2963,39.6334,39.0609,38.5181,37.9922,37.4797,36.9786,36.4874,36.0042,35.5283
50,19.1666,40.1918,39.5355,38.9593,38.4093,37.8744,37.3518,36.84,36.3375,35.8427,35.3549
51,18.9035,40.0825,39.4325,38.8528,38.2956,37.7518,37.2192,36.6967,36.1832,35.6769,35.1773
52,18.6429,39.9687,39.3247,38.7414,38.1771,37.6245,37.0821,36.5491,36.0246,35.5069,34.9956
53,18.3847,39.8506,39.2124,38.6254,38.0542,37.4928,36.9407,36.3973,35.8619,35.333,34.81
54,18.129,39.7283,39.0957,38.5051,37.9269,37.357,36.7952,36.2415,35.6953,35.1552,34.6207
55,17.8757,39.6022,38.9749,38.3806,37.7956,37.2171,36.6458,36.0819,35.525,34.9738,34.4279
56,17.6247,39.4724,38.8502,38.2522,37.6603,37.0733,36.4926,35.9186,35.3511,34.7888,34.2316
57,17.3759,39.339,38.7217,38.12,37.5213,36.926,36.3359,35.7518,35.1738,34.6006,34.0321
58,17.1293,39.2023,38.5897,37.9842,37.3788,36.7751,36.1757,35.5817,34.9932,34.4091,33.8294
59,16.8849,39.0624,38.4543,37.845,37.2329,36.6209,36.0123,35.4085,34.8095,34.2147,33.6237
60,16.6426,38.9196,38.3157,37.7026,37.0837,36.4636,35.8458,35.2322,34.6229,34.0172,33.4151
61,16.4024,38.7739,38.1741,37.5571,36.9316,36.3033,35.6764,35.053,34.4334,33.8171,33.2038
62,16.1641,38.6255,38.0295,37.4086,36.7765,36.1401,35.5042,34.871,34.2413,33.6142,32.9899
63,15.9278,38.4747,37.8823,37.2574,36.6187,35.9742,35.3293,34.6865,34.0465,33.4088,32.7735
64,15.6934,38.3215,37.7324,37.1036,36.4582,35.8057,35.1518,34.4994,33.8493,33.201,32.5546
65,15.4609,38.166,37.5801,36.9473,36.2953,35.6348,34.972,34.31,33.6498,32.9909,32.3335
66,15.2302,38.0085,37.4255,36.7886,36.13,35.4615,34.7898,34.1183,33.4481,32.7786,32.1102
67,15.0013,37.849,37.2688,36.6277,35.9626,35.2861,34.6055,33.9245,33.2442,32.5642,31.8849
68,14.7741,37.6876,37.11,36.4647,35.793,35.1085,34.4192,33.7287,33.0383,32.3479,31.6575
69,14.5485,37.5246,36.9492,36.2998,35.6214,34.929,34.2309,33.5309,32.8306,32.1296,31.4283
70,14.3246,37.36,36.7867,36.1329,35.4479,34.7476,34.0407,33.3314,32.621,31.9096,31.1973
71,14.1024,37.1939,36.6224,35.9643,35.2727,34.5645,33.8489,33.1301,32.4098,31.6878,30.9647
72,13.8816,37.0265,36.4566,35.7941,35.0958,34.3797,33.6553,32.9272,32.1969,31.4645,30.7304
73,13.6625,36.8578,36.2893,35.6222,34.9173,34.1934,33.4603,32.7227,31.9826,31.2397,30.4946
74,13.4448,36.688,36.1206,35.449,34.7374,34.0056,33.2638,32.5169,31.7668,31.0134,30.2574
75,13.2285,36.5172,35.9507,35.2744,34.5561,33.8164,33.0659,32.3096,31.5496,30.7858,30.0188
76,13.0137,36.3455,35.7795,35.0985,34.3736,33.626,32.8668,32.1012,31.3313,30.557,29.779
77,12.8003,36.1729,35.6073,34.9215,34.1898,33.4344,32.6665,31.8915,31.1117,30.327,29.538
78,12.5882,35.9996,35.4341,34.7434,34.005,33.2416,32.4651,31.6808,30.8911,30.0959,29.2959
79,12.3774,35.8257,35.26,34.5644,33.8191,33.0479,32.2626,31.4691,30.6694,29.8638,29.0527
80,12.168,35.6512,35.0851,34.3844,33.6323,32.8532,32.0593,31.2564,30.4468,29.6307,28.8086
81,11.9598,35.4763,34.9094,34.2036,33.4446,32.6576,31.855,31.0428,30.2234,29.3968,28.5636
82,11.7528,35.301,34.7331,34.022,33.2562,32.4613,31.65,30.8285,29.9991,29.162,28.3178
83,11.5471,35.1254,34.5562,33.8398,33.067,32.2642,31.4443,30.6134,29.7742,28.9266,28.0712
84,11.3425,34.9496,34.3789,33.657,32.8772,32.0665,31.2379,30.3977,29.5485,28.6904,27.8239
85,11.1391,34.7737,34.2011,33.4736,32.6869,31.8682,31.0309,30.1814,29.3223,28.4537,27.576
86,10.9369,34.5977,34.0229,33.2898,32.496,31.6693,30.8234,29.9646,29.0956,28.2163,27.3274
87,10.7357,34.4217,33.8444,33.1056,32.3047,31.47,30.6154,29.7473,28.8683,27.9785,27.0784
88,10.5356,34.2458,33.6658,32.921,32.113,31.2704,30.407,29.5296,28.6407,27.7403,26.8289
89,10.3366,34.0701,33.4869,32.7362,31.921,31.0703,30.1983,29.3115,28.4127,27.5017,26.5789
90,10.1386,33.8946,33.308,32.5512,31.7287,30.87,29.9893,29.0932,28.1843,27.2627,26.3286
91,9.94167,33.7194,33.129,32.366,31.5363,30.6695,29.78,28.8746,27.9557,27.0234,26.0779
92,9.74571,33.5444,32.9501,32.1807,31.3436,30.4688,29.5706,28.6558,27.7269,26.7839,25.827
93,9.55072,33.3699,32.7712,31.9954,31.1509,30.268,29.361,28.4368,27.4979,26.5442,25.5758
94,9.35669,33.1958,32.5924,31.81,30.9581,30.067,29.1513,28.2177,27.2688,26.3043,25.3243
95,9.1636,33.0222,32.4138,31.6247,30.7653,29.8661,28.9416,27.9986,27.0396,26.0643,25.0727
96,8.97143,32.8492,32.2354,31.4395,30.5725,29.6651,28.7318,27.7794,26.8103,25.8242,24.8209
97,8.78015,32.6767,32.0573,31.2544,30.3798,29.4642,28.5221,27.5603,26.581,25.584,24.569
98,8.58976,32.5048,31.8795,31.0695,30.1873,29.2634,28.3125,27.3411,26.3518,25.3438,24.317
99,8.40023,32.3336,31.702,30.8848,29.9948,29.0627,28.1029,27.1221,26.1225,25.1036,24.0649
100,8.21154,32.163,31.5248,30.7003,29.8026,28.8621,27.8935,26.9031,25.8933,24.8634,23.8127
101,8.02368,31.9932,31.3481,30.5161,29.6106,28.6618,27.6842,26.6843,25.6643,24.6232,23.5605
102,7.83663,31.8241,31.1719,30.3323,29.4188,28.4616,27.4751,26.4656,25.4353,24.3831,23.3082
103,7.65038,31.6558,30.9961,30.1488,29.2273,28.2617,27.2662,26.2471,25.2064,24.1431,23.056
104,7.4649,31.4883,30.8208,29.9656,29.0361,28.062,27.0575,26.0288,24.9778,23.9031,22.8036
105,7.28018,31.3215,30.646,29.7828,28.8452,27.8626,26.8491,25.8108,24.7492,23.6632,22.5513
106,7.09621,31.1556,30.4718,29.6005,28.6547,27.6636,26.641,25.5929,24.5209,23.4234,22.299
107,6.91297,30.9906,30.2981,29.4186,28.4645,27.4648,26.4332,25.3753,24.2927,23.1837,22.0466
108,6.73045,30.8263,30.125,29.2372,28.2748,27.2665,26.2256,25.158,24.0647,22.9442,21.7943
109,6.54862,30.663,29.9526,29.0562,28.0854,27.0684,26.0184,24.9409,23.837,22.7047,21.5419
110,6.36747,30.5004,29.7807,28.8757,27.8965,26.8708,25.8115,24.7241,23.6094,22.4653,21.2894
111,6.187,30.3388,29.6095,28.6958,27.708,26.6735,25.605,24.5076,23.3821,22.2261,21.037
112,6.00717,30.178,29.4389,28.5164,27.52,26.4767,25.3988,24.2914,23.1549,21.9869,20.7844
113,5.82799,30.0181,29.269,28.3375,27.3325,26.2802,25.193,24.0754,22.928,21.7479,20.5319
114,5.64942,29.859,29.0998,28.1591,27.1454,26.0842,24.9875,23.8598,22.7013,21.5089,20.2792
115,5.47147,29.7007,28.9312,27.9813,26.9588,25.8886,24.7824,23.6445,22.4747,21.27,20.0264
116,5.29411,29.5433,28.7633,27.8041,26.7726,25.6934,24.5777,23.4294,22.2484,21.0311,19.7735
117,5.11733,29.3868,28.5961,27.6274,26.587,25.4986,24.3733,23.2147,22.0222,20.7923,19.5204
118,4.94111,29.231,28.4295,27.4513,26.4019,25.3043,24.1693,23.0002,21.7962,20.5535,19.2672
119,4.76544,29.076,28.2637,27.2758,26.2172,25.1104,23.9656,22.786,21.5704,20.3147,19.0137
120,4.59031,28.9219,28.0985,27.1008,26.0331,24.917,23.7623,22.572,21.3447,20.0759,18.76
121,4.41569,28.7685,27.934,26.9264,25.8494,24.7239,23.5594,22.3583,21.1192,19.837,18.5061
122,4.24159,28.6158,27.7701,26.7526,25.6663,24.5313,23.3568,22.1449,20.8938,19.5981,18.2518
123,4.06798,28.4639,27.6069,26.5794,25.4836,24.3391,23.1545,21.9317,20.6684,19.3592,17.9972
124,3.89484,28.3127,27.4444,26.4067,25.3015,24.1474,22.9526,21.7187,20.4432,19.1201,17.7423
125,3.72217,28.1622,27.2825,26.2346,25.1198,23.956,22.751,21.5059,20.218,18.8808,17.4869
126,3.54994,28.0123,27.1213,26.063,24.9386,23.765,22.5497,21.2933,19.9928,18.6414,17.2311
127,3.37816,27.8631,26.9607,25.892,24.7579,23.5745,22.3487,21.0809,19.7677,18.4018,16.9748
128,3.20679,27.7144,26.8008,25.7216,24.5776,23.3843,22.148,20.8687,19.5425,18.162,16.718
129,3.03583,27.5664,26.6414,25.5517,24.3978,23.1945,21.9476,20.6566,19.3173,17.9219,16.4606
130,2.86526,27.419,26.4826,25.3823,24.2184,23.0051,21.7474,20.4446,19.0921,17.6815,16.2026
131,2.69507,27.272,26.3245,25.2134,24.0395,22.816,21.5475,20.2327,18.8668,17.4407,15.9439
132,2.52524,27.1256,26.1669,25.045,23.8611,22.6272,21.3477,20.0209,18.6414,17.1997,15.6845
133,2.35577,26.9796,26.0098,24.8771,23.683,22.4388,21.1483,19.8092,18.4158,16.9582,15.4243
134,2.18663,26.8341,25.8533,24.7097,23.5054,22.2507,20.949,19.5975,18.1901,16.7162,15.1634
135,2.01782,26.689,25.6973,24.5428,23.3281,22.0629,20.7498,19.3859,17.9641,16.4738,14.9015
136,1.84931,26.5444,25.5419,24.3764,23.1512,21.8754,20.5509,19.1742,17.738,16.2309,14.6388
137,1.6811,26.4,25.3869,24.2104,22.9747,21.6881,20.352,18.9625,17.5116,15.9874,14.3751
138,1.51317,26.256,25.2324,24.0448,22.7986,21.5011,20.1533,18.7507,17.2849,15.7433,14.1103
139,1.34552,26.1124,25.0784,23.8796,22.6228,21.3144,19.9547,18.5389,17.0579,15.4986,13.8445
140,1.17811,25.9689,24.9248,23.7149,22.4473,21.1278,19.7562,18.3269,16.8306,15.2532,13.5776
141,1.01095,25.8258,24.7716,23.5505,22.2721,20.9415,19.5578,18.1149,16.6028,15.0071,13.3094
142,0.84402,25.6829,24.6189,23.3865,22.0973,20.7553,19.3593,17.9026,16.3747,14.7601,13.04
143,0.677304,25.5401,24.4665,23.2229,21.9227,20.5694,19.1609,17.6902,16.1461,14.5124,12.7693
144,0.510793,25.3975,24.3145,23.0596,21.7483,20.3835,18.9625,17.4776,15.917,14.2638,12.4972
145,0.344473,25.2551,24.1629,22.8967,21.5743,20.1978,18.7641,17.2647,15.6874,14.0143,12.2236
146,0.178332,25.1128,24.0115,22.734,21.4004,20.0123,18.5656,17.0516,15.4572,13.7639,11.9485
147,0.0123578,24.9706,23.8605,22.5717,21.2268,19.8268,18.3671,16.8382,15.2264,13.5124,11.6719
148,-0.153461,24.8284,23.7098,22.4096,21.0534,19.6414,18.1685,16.6245,14.995,13.2599,11.3935
149,-0.319136,24.6862,23.5593,22.2478,20.8801,19.456,17.9697,16.4104,14.763,13.0063,11.1134
150,-0.484679,24.5441,23.4092,22.0862,20.707,19.2707,17.7708,16.196,14.5302,12.7516,10.8314
151,-0.650099,24.402,23.2592,21.9249,20.5341,19.0854,17.5718,15.9811,14.2967,12.4956,10.5476
152,-0.815409,24.2598,23.1094,21.7638,20.3613,18.9001,17.3725,15.7658,14.0624,12.2384,10.2617
153,-0.980619,24.1176,22.9599,21.6029,20.1886,18.7148,17.1731,15.55,13.8273,11.9798,9.9738
154,-1.14574,23.9753,22.8105,21.4421,20.016,18.5294,16.9734,15.3337,13.5913,11.7199,9.68368
155,-1.31077,23.8329,22.6613,21.2815,19.8435,18.344,16.7734,15.1169,13.3545,11.4585,9.39128
156,-1.47574,23.6904,22.5122,21.121,19.671,18.1585,16.5732,14.8996,13.1167,11.1956,9.09649
157,-1.64064,23.5477,22.3632,20.9607,19.4986,17.9729,16.3727,14.6816,12.8779,10.9311,8.79922
158,-1.80549,23.4049,22.2143,20.8004,19.3262,17.7871,16.1718,14.463,12.6381,10.665,8.49935
159,-1.97028,23.2619,22.0655,20.6403,19.1538,17.6013,15.9706,14.2438,12.3972,10.3971,8.19676
160,-2.13504,23.1187,21.9168,20.4802,18.9813,17.4152,15.769,14.0239,12.1551,10.1275,7.89133
161,-2.29976,22.9753,21.7681,20.3202,18.8089,17.229,15.567,13.8033,11.912,9.85609,7.58293
162,-2.46446,22.8316,21.6194,20.1602,18.6364,17.0425,15.3645,13.5819,11.6676,9.58271,7.27142
163,-2.62913,22.6877,21.4707,20.0002,18.4638,16.8558,15.1616,13.3597,11.4219,9.30733,6.95666
164,-2.79379,22.5436,21.322,19.8402,18.2911,16.6689,14.9582,13.1367,11.1749,9.02985,6.63848
165,-2.95843,22.3992,21.1733,19.6802,18.1183,16.4817,14.7543,12.9129,10.9266,8.75019,6.31672
166,-3.12306,22.2545,21.0246,19.5202,17.9454,16.2942,14.5498,12.6881,10.6768,8.46827,5.99121
167,-3.28769,22.1095,20.8757,19.3601,17.7723,16.1064,14.3448,12.4625,10.4256,8.18399,5.66176
168,-3.45231,21.9642,20.7268,19.1999,17.5991,15.9183,14.1392,12.2359,10.1728,7.89724,5.32816
169,-3.61693,21.8185,20.5778,19.0397,17.4257,15.7298,13.9329,12.0082,9.91842,7.60793,4.9902
170,-3.78154,21.6726,20.4287,18.8793,17.2521,15.5409,13.726,11.7796,9.66239,7.31595,4.64766
171,-3.94615,21.5263,20.2794,18.7188,17.0783,15.3516,13.5185,11.5498,9.40466,7.02117,4.30029
172,-4.11076,21.3796,20.13,18.5582,16.9042,15.1619,13.3103,11.319,9.14514,6.72349,3.94781
173,-4.27537,21.2326,19.9804,18.3974,16.7299,14.9717,13.1013,11.0869,8.88378,6.42276,3.58995
174,-4.43997,21.0852,19.8306,18.2365,16.5552,14.7811,12.8916,10.8537,8.6205,6.11885,3.22641
175,-4.60455,20.9375,19.6807,18.0753,16.3803,14.59,12.681,10.6193,8.35523,5.81162,2.85685
176,-4.76912,20.7893,19.5305,17.914,16.2051,14.3984,12.4697,10.3835,8.08789,5.50091,2.48093
177,-4.93368,20.6408,19.3801,17.7524,16.0296,14.2062,12.2575,10.1464,7.81841,5.18656,2.09828
178,-5.0982,20.4919,19.2295,17.5906,15.8537,14.0135,12.0445,9.90792,7.54671,4.8684,1.70848
179,-5.26269,20.3426,19.0786,17.4286,15.6774,13.8202,11.8306,9.66802,7.27268,4.54623,1.31112
180,-5.42714,20.1929,18.9275,17.2663,15.5008,13.6263,11.6157,9.42663,6.99625,4.21986,0.905741
181,-5.59154,20.0428,18.776,17.1037,15.3237,13.4319,11.3998,9.18372,6.71732,3.88908,0.491854
182,-5.75588,19.8923,18.6243,16.9408,15.1463,13.2367,11.1829,8.93923,6.43578,3.55367,0.0689495
183,-5.92015,19.7413,18.4723,16.7775,14.9684,13.0409,10.9651,8.6931,6.15153,3.21338,-0.363508
184,-6.08434,19.59,18.32,16.614,14.79,12.8444,10.7461,8.44528,5.86446,2.86796,-0.80608
185,-6.24843,19.4382,18.1673,16.4501,14.6112,12.6472,10.526,8.19572,5.57445,2.51713,-1.25935
186,-6.41241,19.2861,18.0143,16.2858,14.4318,12.4493,10.3048,7.94434,5.28137,2.16061,-1.72391
187,-6.57626,19.1335,17.8609,16.1212,14.252,12.2506,10.0825,7.69109,4.98509,1.79809,-2.20036
188,-6.73998,18.9805,17.7072,15.9562,14.0716,12.0511,9.85891,7.4359,4.68547,1.42923,-2.6893
189,-6.90353,18.8271,17.5531,15.7908,13.8907,11.8508,9.6341,7.1787,4.38236,1.0537,-3.19133
190,-7.06691,18.6732,17.3987,15.625,13.7092,11.6497,9.408,6.91943,4.0756,0.671116,-3.70701
191,-7.2301,18.519,17.2438,15.4587,13.5272,11.4478,9.18058,6.658,3.76503,0.281105,-4.23685
192,-7.39307,18.3643,17.0885,15.292,13.3446,11.2449,8.9518,6.39434,3.45047,-0.11674,-4.7813
193,-7.5558,18.2093,16.9329,15.1249,13.1613,11.0412,8.72162,6.12836,3.13173,-0.522839,-5.34075
194,-7.71827,18.0538,16.7768,14.9573,12.9774,10.8365,8.49,5.85999,2.80861,-0.937629,-5.91547
195,-7.88046,17.8979,16.6203,14.7892,12.7929,10.6309,8.25689,5.58913,2.4809,-1.36156,-6.50562
196,-8.04234,17.7416,16.4633,14.6206,12.6078,10.4243,8.02224,5.31568,2.14838,-1.79508,-7.11122
197,-8.20389,17.5849,16.306,14.4515,12.4219,10.2167,7.78602,5.03955,1.81081,-2.23864,-7.73215
198,-8.36507,17.4279,16.1481,14.2819,12.2353,10.0081,7.54816,4.76062,1.46794,-2.69271,-8.36813
199,-8.52587,17.2704,15.9899,14.1117,12.0481,9.79838,7.30863,4.4788,1.11952,-3.15771,-9.01872
200,-8.68625,17.1125,15.8311,13.9411,11.8601,9.5876,7.06737,4.19396,0.765259,-3.63407,-9.68335
201,-8.84618,16.9543,15.6719,13.7699,11.6713,9.3757,6.82432,3.90598,0.404882,-4.12216,-10.3613
202,-9.00563,16.7956,15.5122,13.5981,11.4818,9.16267,6.57943,3.61473,0.0380868,-4.62233,-11.0517
203,-9.16456,16.6366,15.3521,13.4257,11.2915,8.94846,6.33265,3.32007,-0.335438,-5.13487,-11.7537
204,-9.32296,16.4772,15.1914,13.2528,11.1004,8.73306,6.0839,3.02187,-0.716011,-5.65997,-12.4662
205,-9.48077,16.3174,15.0303,13.0793,10.9085,8.51642,5.83313,2.71996,-1.10396,-6.19777,-13.1883
206,-9.63796,16.1573,14.8687,12.9052,10.7158,8.29852,5.58026,2.41419,-1.49962,-6.74831,-13.9189
207,-9.79451,15.9968,14.7065,12.7304,10.5222,8.07933,5.32524,2.1044,-1.90332,-7.31151,-14.6568
208,-9.95037,15.836,14.5439,12.5551,10.3278,7.85881,5.06798,1.7904,-2.31541,-7.88722,-15.4013
209,-10.1055,15.6748,14.3808,12.3791,10.1324,7.63693,4.80841,1.47202,-2.73619,-8.47514,-16.1511
210,-10.2599,15.5133,14.2172,12.2025,9.93617,7.41365,4.54645,1.14906,-3.166,-9.07489,-16.9056
211,-10.4134,15.3514,14.053,12.0252,9.73901,7.18894,4.28202,0.82132,-3.60511,-9.68597,-17.6638
212,-10.5661,15.1892,13.8884,11.8473,9.54091,6.96277,4.01503,0.488593,-4.05381,-10.3078,-18.4251
213,-10.718,15.0266,13.7232,11.6687,9.34186,6.73509,3.74539,0.150663,-4.51234,-10.9397,-19.1888
214,-10.8688,14.8638,13.5575,11.4894,9.14183,6.50586,3.47299,-0.192691,-4.98088,-11.581,-19.9544
215,-11.0188,14.7006,13.3913,11.3095,8.94081,6.27504,3.19775,-0.5417,-5.45958,-12.2308,-20.7213
216,-11.1677,14.5371,13.2246,11.1288,8.73878,6.04259,2.91956,-0.896595,-5.94854,-12.8884,-21.4894
217,-11.3156,14.3733,13.0574,10.9475,8.53571,5.80847,2.6383,-1.25761,-6.44778,-13.553,-22.2583
218,-11.4623,14.2093,12.8896,10.7654,8.3316,5.57262,2.35386,-1.62499,-6.95727,-14.2238,-23.0277
219,-11.608,14.0449,12.7214,10.5826,8.12641,5.33501,2.06612,-1.99896,-7.47688,-14.8999,-23.7977
220,-11.7524,13.8802,12.5526,10.3991,7.92014,5.09557,1.77495,-2.37976,-8.00644,-15.5806,-24.5681
221,-11.8957,13.7152,12.3832,10.2148,7.71275,4.85427,1.48023,-2.76762,-8.54567,-16.2651,-25.3388
222,-12.0376,13.55,12.2134,10.0298,7.50423,4.61103,1.18182,-3.16274,-9.09423,-16.9529,-26.1099
223,-12.1783,13.3845,12.043,9.84407,7.29455,4.36582,0.879584,-3.56532,-9.65174,-17.6433,-26.8814
224,-12.3177,13.2188,11.8721,9.65756,7.0837,4.11856,0.573368,-3.97556,-10.2177,-18.3357,-27.6533
225,-12.4556,13.0527,11.7006,9.47028,6.87164,3.86921,0.263027,-4.39359,-10.7916,-19.0297,-28.4256
226,-12.5922,12.8865,11.5287,9.28221,6.65836,3.61768,-0.0515918,-4.81956,-11.373,-19.7249,-29.1984
227,-12.7273,12.72,11.3562,9.09336,6.44383,3.36392,-0.370644,-5.25355,-11.9611,-20.4209,-29.9717
228,-12.861,12.5532,11.1832,8.90372,6.22802,3.10786,-0.694289,-5.69563,-12.5554,-21.1174,-30.7455
229,-12.9931,12.3862,11.0096,8.71327,6.01091,2.84942,-1.02269,-6.14581,-13.1553,-21.8144,-31.5199
230,-13.1237,12.219,10.8355,8.52201,5.79246,2.58853,-1.356,-6.60405,-13.7602,-22.5115,-32.2949
231,-13.2528,12.0515,10.6609,8.32993,5.57266,2.32512,-1.69438,-7.07029,-14.3693,-23.2089,-33.0707
232,-13.3802,11.8838,10.4858,8.13701,5.35146,2.05909,-2.03799,-7.54439,-14.9823,-23.9064,-33.8474
233,-13.5061,11.7159,10.3101,7.94326,5.12885,1.79037,-2.38699,-8.02618,-15.5984,-24.604,-34.6252
234,-13.6304,11.5478,10.134,7.74865,4.90478,1.51887,-2.74151,-8.51544,-16.2172,-25.3018,-35.4041
235,-13.753,11.3795,9.95724,7.55318,4.67923,1.2445,-3.10171,-9.01189,-16.8381,-25.9999,-36.1844
236,-13.8739,11.2109,9.77999,7.35684,4.45216,0.967165,-3.46769,-9.51521,-17.4606,-26.6983,-36.9663
237,-13.9933,11.0422,9.60222,7.15962,4.22352,0.686773,-3.83958,-10.0251,-18.0845,-27.397,-37.7501
238,-14.1109,10.8733,9.42392,6.96151,3.9933,0.403225,-4.21748,-10.541,-18.7092,-28.0961,-38.536
239,-14.2269,10.7042,9.2451,6.76249,3.76144,0.116423,-4.60146,-11.0627,-19.3345,-28.7957,-39.3244
240,-14.3412,10.5349,9.06574,6.56255,3.5279,-0.173733,-4.99158,-11.5897,-19.9602,-29.4959,-40.1153
241,-14.4539,10.3654,8.88586,6.36168,3.29265,-0.467347,-5.38788,-12.1215,-20.586,-30.1967,-40.9092
242,-14.5649,10.1957,8.70545,6.15987,3.05564,-0.764521,-5.79036,-12.6577,-21.2117,-30.8982,-41.7063
243,-14.6742,10.0259,8.52451,5.95711,2.81682,-1.06536,-6.19899,-13.1978,-21.8374,-31.6004,-42.5068
244,-14.7819,9.85585,8.34303,5.75337,2.57615,-1.36996,-6.61374,-13.7414,-22.4628,-32.3034,-43.3109
245,-14.888,9.68567,8.16103,5.54865,2.33358,-1.67842,-7.03451,-14.2879,-23.0881,-33.0073,-44.1187
246,-14.9925,9.51531,7.97849,5.34293,2.08905,-1.99084,-7.4612,-14.837,-23.7133,-33.7123,-44.9305
247,-15.0954,9.34478,7.79541,5.13618,1.84253,-2.30732,-7.89366,-15.3882,-24.3383,-34.4183,-45.7464
248,-15.1968,9.1741,7.6118,4.92841,1.59394,-2.62795,-8.33171,-15.9411,-24.9634,-35.1257,-46.5663
249,-15.2966,9.00325,7.42765,4.71958,1.34324,-2.9528,-8.77515,-16.4954,-25.5885,-35.8345,-47.3905
250,-15.3948,8.83224,7.24296,4.50968,1.09038,-3.28196,-9.22375,-17.0506,-26.2139,-36.5449,-48.2188
251,-15.4916,8.66108,7.05772,4.29869,0.835287,-3.61549,-9.67725,-17.6066,-26.8395,-37.2571,-49.0514
252,-15.5869,8.48976,6.87194,4.08659,0.577911,-3.95344,-10.1354,-18.1629,-27.4655,-37.9713,-49.8884
253,-15.6808,8.31828,6.6856,3.87336,0.318191,-4.29587,-10.5978,-18.7193,-28.0919,-38.6877,-50.7298
254,-15.7733,8.14665,6.49871,3.65898,0.0560661,-4.64281,-11.0643,-19.2757,-28.719,-39.4067,-51.5758
255,-15.8644,7.97487,6.31126,3.44342,-0.208524,-4.99427,-11.5344,-19.8318,-29.3466,-40.1283,-52.4264
256,-15.9541,7.80294,6.12324,3.22666,-0.475641,-5.35026,-12.008,-20.3875,-29.975,-40.8529,-53.2819
257,-16.0425,7.63085,5.93466,3.00867,-0.745345,-5.71077,-12.4845,-20.9428,-30.6041,-41.5806,-54.1426
258,-16.1296,7.45861,5.7455,2.78944,-1.0177,-6.07576,-12.9637,-21.4975,-31.234,-42.3117,-55.0087
259,-16.2154,7.28622,5.55576,2.56892,-1.29275,-6.44518,-13.4453,-22.0517,-31.8649,-43.0463,-55.8807
260,-16.3,7.11367,5.36544,2.34711,-1.57058,-6.81897,-13.9289,-22.6054,-32.4967,-43.7846,-56.7589
261,-16.3834,6.94097,5.17452,2.12396,-1.85122,-7.19704,-14.4142,-23.1586,-33.1296,-44.5268,-57.6438
262,-16.4656,6.76812,4.983,1.89945,-2.13474,-7.57928,-14.9009,-23.7115,-33.7636,-45.273,-58.5359
263,-16.5467,6.59511,4.79087,1.67355,-2.42119,-7.96557,-15.3887,-24.2641,-34.3988,-46.0233,-59.4359
264,-16.6266,6.42194,4.59812,1.44623,-2.7106,-8.35576,-15.8772,-24.8166,-35.0354,-46.7779,-60.3442
265,-16.7053,6.24861,4.40475,1.21745,-3.00303,-8.7497,-16.3663,-25.3691,-35.6735,-47.5367,-61.2616
266,-16.783,6.07512,4.21075,0.98719,-3.29852,-9.14722,-16.8556,-25.9216,-36.3132,-48.2999,-62.1885
267,-16.8596,5.90146,4.01609,0.755412,-3.59708,-9.54812,-17.3449,-26.4744,-36.9548,-49.0676,-63.1256
268,-16.9352,5.72763,3.82079,0.522084,-3.89875,-9.9522,-17.834,-27.0276,-37.5982,-49.84,-64.0734
269,-17.0097,5.55364,3.62481,0.287172,-4.20355,-10.3593,-18.3227,-27.5812,-38.2438,-50.617,-65.0322
270,-17.0832,5.37946,3.42816,0.0506428,-4.51149,-10.7691,-18.8109,-28.1353,-38.8917,-51.3989,-66.0023
271,-17.1557,5.20511,3.23082,-0.187537,-4.82256,-11.1814,-19.2984,-28.6901,-39.5422,-52.1858,-66.9837
272,-17.2271,5.03058,3.03278,-0.4274,-5.13676,-11.596,-19.7851,-29.2456,-40.1953,-52.978,-67.9763
273,-17.2976,4.85586,2.83401,-0.66898,-5.45407,-12.0127,-20.2709,-29.8019,-40.8513,-53.7758,-68.9793
274,-17.3671,4.68094,2.63452,-0.91231,-5.77447,-12.4312,-20.7559,-30.3591,-41.5104,-54.5794,-69.9917
275,-17.4357,4.50583,2.43429,-1.15742,-6.09792,-12.8513,-21.2399,-30.9171,-42.1728,-55.3892,-71.0119
276,-17.5033,4.33052,2.2333,-1.40434,-6.42436,-13.2727,-21.7231,-31.4761,-42.8386,-56.2057,-72.0374
277,-17.5699,4.155,2.03153,-1.65311,-6.75374,-13.6952,-22.2054,-32.0362,-43.508,-57.0292,-73.0653
278,-17.6356,3.97926,1.82898,-1.90374,-7.086,-14.1186,-22.687,-32.5973,-44.1811,-57.8603,-74.0914
279,-17.7003,3.8033,1.62562,-2.15627,-7.42104,-14.5427,-23.168,-33.1595,-44.8582,-58.6995,-75.111
280,-17.7641,3.62712,1.42144,-2.41072,-7.75878,-14.9671,-23.6485,-33.723,-45.5392,-59.5474,-76.118
281,-17.827,3.4507,1.21643,-2.66711,-8.09913,-15.3917,-24.1285,-34.2878,-46.2244,-60.4047,-77.1061
282,-17.889,3.27404,1.01056,-2.92547,-8.44196,-15.8164,-24.6084,-34.854,-46.9138,-61.2718,-78.0679
283,-17.95,3.09712,0.803817,-3.1858,-8.78716,-16.2408,-25.0881,-35.4216,-47.6076,-62.1495,-78.9959
284,-18.0101,2.91996,0.596187,-3.44812,-9.13461,-16.6649,-25.5678,-35.9908,-48.3059,-63.0383,-79.8828
285,-18.0693,2.74252,0.387652,-3.71244,-9.48416,-17.0884,-26.0478,-36.5618,-49.0088,-63.9387,-80.7216
286,-18.1275,2.56482,0.178193,-3.97876,-9.83568,-17.5111,-26.528,-37.1346,-49.7164,-64.8513,-81.5066
287,-18.1848,2.38683,-0.0322071,-4.24709,-10.189,-17.933,-27.0087,-37.7094,-50.4289,-65.7763,-82.2332
288,-18.2413,2.20855,-0.243565,-4.51742,-10.544,-18.3539,-27.4898,-38.2863,-51.1464,-66.714,-82.8984
289,-18.2968,2.02997,-0.455897,-4.78974,-10.9006,-18.7738,-27.9716,-38.8654,-51.8693,-67.6642,-83.5011
290,-18.3513,1.85109,-0.669221,-5.06404,-11.2585,-19.1924,-28.4541,-39.447,-52.5976,-68.6266,-84.0416
291,-18.405,1.67188,-0.883553,-5.3403,-11.6175,-19.6098,-28.9374,-40.0312,-53.3316,-69.6005,-84.5218
292,-18.4578,1.49235,-1.09891,-5.6185,-11.9776,-20.026,-29.4214,-40.6181,-54.0717,-70.5845,-84.9448
293,-18.5096,1.31248,-1.3153,-5.8986,-12.3386,-20.4409,-29.9064,-41.2079,-54.8183,-71.5769,-85.3145
294,-18.5605,1.13226,-1.53275,-6.18057,-12.7003,-20.8546,-30.3923,-41.8008,-55.5716,-72.575,-85.6355
295,-18.6105,0.951686,-1.75127,-6.46437,-13.0625,-21.267,-30.8792,-42.3969,-56.3321,-73.5756,-85.9125
296,-18.6596,0.770745,-1.97086,-6.74995,-13.425,-21.6783,-31.3671,-42.9964,-57.1004,-74.5745,-86.1503
297,-18.7078,0.589428,-2.19155,-7.03725,-13.7878,-22.0886,-31.8561,-43.5993,-57.8768,-75.5665,-86.3536
298,-18.755,0.407724,-2.41334,-7.32623,-14.1505,-22.498,-32.3462,-44.2059,-58.662,-76.5456,-86.5267
299,-18.8014,0.225624,-2.63624,-7.61681,-14.5132,-22.9065,-32.8375,-44.8163,-59.4565,-77.5053,-86.6738
300,-18.8468,0.0431172,-2.86026,-7.90893,-14.8756,-23.3144,-33.33,-45.4306,-60.2609,-78.4383,-86.7983
301,-18.8913,-0.139805,-3.0854,-8.20252,-15.2375,-23.7217,-33.8237,-46.0489,-61.0758,-79.3373,-86.9037
302,-18.9349,-0.323152,-3.31166,-8.49748,-15.5988,-24.1287,-34.3188,-46.6714,-61.9019,-80.195,-86.9928
303,-18.9776,-0.506934,-3.53906,-8.79375,-15.9594,-24.5354,-34.8152,-47.2982,-62.7399,-81.005,-87.068
304,-19.0194,-0.69116,-3.76759,-9.09123,-16.3191,-24.942,-35.3131,-47.9293,-63.5901,-81.7618,-87.1314
305,-19.0602,-0.875838,-3.99724,-9.38984,-16.6778,-25.3486,-35.8126,-48.565,-64.4533,-82.4612,-87.185
306,-19.1002,-1.06098,-4.22801,-9.68947,-17.0354,-25.7554,-36.3137,-49.2054,-65.3298,-83.1007,-87.2303
307,-19.1392,-1.24658,-4.4599,-9.99004,-17.3917,-26.1626,-36.8165,-49.8506,-66.22,-83.6794,-87.2687
308,-19.1773,-1.43267,-4.6929,-10.2914,-17.7467,-26.5701,-37.3212,-50.5009,-67.1241,-84.198,-87.3011
309,-19.2146,-1.61924,-4.92699,-10.5935,-18.1002,-26.9781,-37.8278,-51.1563,-68.0418,-84.6585,-87.3287
310,-19.2509,-1.8063,-5.16215,-10.8963,-18.4523,-27.3867,-38.3365,-51.8172,-68.973,-85.064,-87.3522
311,-19.2862,-1.99385,-5.39838,-11.1995,-18.8028,-27.796,-38.8474,-52.4838,-69.9166,-85.4184,-87.3722
312,-19.3207,-2.18191,-5.63564,-11.5032,-19.1517,-28.206,-39.3606,-53.1563,-70.8716,-85.7262,-87.3894
313,-19.3543,-2.37047,-5.87393,-11.8071,-19.499,-28.6169,-39.8762,-53.835,-71.8361,-85.9919,-87.4042
314,-19.3869,-2.55954,-6.1132,-12.1112,-19.8448,-29.0285,-40.3943,-54.5204,-72.8074,-86.22,-87.4171
315,-19.4186,-2.74913,-6.35343,-12.4153,-20.189,-29.4411,-40.9151,-55.2127,-73.7824,-86.4152,-87.4282
316,-19.4494,-2.93923,-6.5946,-12.7194,-20.5316,-29.8546,-41.4388,-55.9123,-74.7568,-86.5817,-87.438
317,-19.4793,-3.12985,-6.83665,-13.0234,-20.8728,-30.2691,-41.9654,-56.6198,-75.7257,-86.7231,-87.4466
318,-19.5083,-3.32098,-7.07957,-13.327,-21.2126,-30.6845,-42.4951,-57.3356,-76.6831,-86.8431,-87.4542
319,-19.5363,-3.51263,-7.32329,-13.6302,-21.5511,-31.101,-43.028,-58.0602,-77.6225,-86.9447,-87.461
320,-19.5635,-3.7048,-7.5678,-13.9329,-21.8885,-31.5185,-43.5642,-58.7941,-78.5369,-87.0307,-87.4671
321,-19.5897,-3.89748,-7.81302,-14.2349,-22.2247,-31.9371,-44.1039,-59.538,-79.419,-87.1033,-87.4727
322,-19.615,-4.09066,-8.05893,-14.5362,-22.5601,-32.3568,-44.6471,-60.2924,-80.2618,-87.1648,-87.4778
323,-19.6393,-4.28434,-8.30546,-14.8366,-22.8947,-32.7777,-45.1941,-61.058,-81.0588,-87.2167,-87.4825
324,-19.6628,-4.47853,-8.55256,-15.136,-23.2286,-33.1997,-45.7449,-61.8353,-81.8045,-87.2606,-87.4868
325,-19.6853,-4.67319,-8.80018,-15.4343,-23.562,-33.623,-46.2997,-62.6251,-82.4948,-87.2978,-87.4909
326,-19.7068,-4.86834,-9.04826,-15.7314,-23.895,-34.0475,-46.8585,-63.4279,-83.127,-87.3294,-87.4947
327,-19.7275,-5.06395,-9.29673,-16.0271,-24.2278,-34.4734,-47.4216,-64.2443,-83.7002,-87.3562,-87.4984
328,-19.7472,-5.26002,-9.54554,-16.3215,-24.5605,-34.9006,-47.9889,-65.0749,-84.2148,-87.3791,-87.5018
329,-19.7659,-5.45652,-9.79462,-16.6144,-24.8932,-35.3292,-48.5608,-65.92,-84.6725,-87.3987,-87.5052
330,-19.7838,-5.65346,-10.0439,-16.9056,-25.226,-35.7594,-49.1373,-66.7799,-85.0764,-87.4154,-87.5084
331,-19.8006,-5.8508,-10.2933,-17.1952,-25.559,-36.191,-49.7186,-67.6547,-85.4301,-87.4299,-87.5115
332,-19.8166,-6.04854,-10.5428,-17.4831,-25.8923,-36.6243,-50.3049,-68.5444,-85.7377,-87.4424,-87.5145
333,-19.8316,-6.24664,-10.7923,-17.7692,-26.2261,-37.0593,-50.8964,-69.4483,-86.0038,-87.4533,-87.5174
334,-19.8456,-6.4451,-11.0416,-18.0534,-26.5603,-37.496,-51.4933,-70.3657,-86.2328,-87.4628,-87.5203
335,-19.8587,-6.64388,-11.2909,-18.3358,-26.8951,-37.9347,-52.0958,-71.2952,-86.429,-87.4712,-87.5231
336,-19.8708,-6.84297,-11.5398,-18.6164,-27.2305,-38.3752,-52.7041,-72.2349,-86.5965,-87.4787,-87.5259
337,-19.8819,-7.04233,-11.7885,-18.8951,-27.5666,-38.8178,-53.3187,-73.1821,-86.7392,-87.4853,-87.5286
338,-19.8921,-7.24195,-12.0368,-19.1719,-27.9034,-39.2626,-53.9397,-74.1334,-86.8603,-87.4913,-87.5313
339,-19.9012,-7.44179,-12.2846,-19.4469,-28.2409,-39.7096,-54.5676,-75.0846,-86.9631,-87.4968,-87.5339
340,-19.9094,-7.64182,-12.5318,-19.7201,-28.5792,-40.1589,-55.2027,-76.0306,-87.0501,-87.5017,-87.5366
341,-19.9167,-7.842,-12.7783,-19.9916,-28.9184,-40.6106,-55.8453,-76.9655,-87.1238,-87.5063,-87.5392
342,-19.9229,-8.04232,-13.0242,-20.2614,-29.2584,-41.0649,-56.496,-77.8827,-87.1861,-87.5105,-87.5417
343,-19.9281,-8.24272,-13.2692,-20.5297,-29.5993,-41.5219,-57.1552,-78.7753,-87.2388,-87.5145,-87.5443
344,-19.9324,-8.44318,-13.5133,-20.7965,-29.941,-41.9816,-57.8234,-79.6362,-87.2835,-87.5182,-87.5468
345,-19.9356,-8.64365,-13.7564,-21.0619,-30.2837,-42.4442,-58.5011,-80.4584,-87.3213,-87.5218,-87.5493
346,-19.9378,-8.8441,-13.9984,-21.326,-30.6274,-42.9097,-59.1888,-81.2357,-87.3534,-87.5251,-87.5518
347,-19.939,-9.04449,-14.2393,-21.5889,-30.972,-43.3783,-59.8872,-81.9628,-87.3807,-87.5283,-87.5542
348,-19.9391,-9.24477,-14.4788,-21.8508,-31.3175,-43.8502,-60.5969,-82.6358,-87.404,-87.5314,-87.5567
349,-19.9382,-9.44489,-14.7171,-22.1117,-31.6641,-44.3253,-61.3184,-83.2522,-87.4239,-87.5344,-87.5591
350,-19.9363,-9.64482,-14.9539,-22.3718,-32.0117,-44.8038,-62.0525,-83.811,-87.4409,-87.5373,-87.5615
351,-19.9333,-9.84451,-15.1892,-22.6312,-32.3604,-45.2859,-62.7997,-84.3129,-87.4556,-87.5402,-87.5639
352,-19.9293,-10.0439,-15.4229,-22.89,-32.7102,-45.7716,-63.5607,-84.7594,-87.4683,-87.5429,-87.5663
353,-19.9242,-10.2429,-15.655,-23.1483,-33.061,-46.261,-64.3361,-85.1537,-87.4793,-87.5457,-87.5687
354,-19.918,-10.4416,-15.8853,-23.4063,-33.413,-46.7544,-65.1264,-85.4991,-87.489,-87.5483,-87.5711
355,-19.9107,-10.6398,-16.1139,-23.6639,-33.7661,-47.2517,-65.9321,-85.7998,-87.4975,-87.5509,-87.5734
356,-19.9024,-10.8375,-16.3406,-23.9213,-34.1205,-47.7532,-66.7536,-86.0601,-87.505,-87.5535,-87.5757
357,-19.8929,-11.0346,-16.5654,-24.1786,-34.4761,-48.2589,-67.5909,-86.2843,-87.5116,-87.5561,-87.5781
358,-19.8823,-11.2311,-16.7882,-24.4359,-34.8329,-48.7691,-68.4442,-86.4766,-87.5176,-87.5586,-87.5804
359,-19.8707,-11.427,-17.0092,-24.6932,-35.1911,-49.2839,-69.3131,-86.641,-87.523,-87.5611,-87.5827
360,-19.8578,-11.6221,-17.2281,-24.9507,-35.5506,-49.8034,-70.1969,-86.7811,-87.528,-87.5635,-87.5849
361,-19.8439,-11.8164,-17.445,-25.2083,-35.9116,-50.3278,-71.0946,-86.9002,-87.5325,-87.5659,-87.5872
362,-19.8288,-12.0099,-17.6599,-25.4662,-36.274,-50.8574,-72.0045,-87.0013,-87.5367,-87.5684,-87.5895
363,-19.8125,-12.2024,-17.8727,-25.7243,-36.6379,-51.3923,-72.9243,-87.087,-87.5406,-87.5708,-87.5917
364,-19.795,-12.3939,-18.0836,-25.9828,-37.0033,-51.9328,-73.8512,-87.1596,-87.5442,-87.5731,-87.5939
365,-19.7764,-12.5844,-18.2926,-26.2416,-37.3704,-52.4791,-74.7812,-87.2211,-87.5477,-87.5755,-87.5962
366,-19.7566,-12.7738,-18.4995,-26.5009,-37.7392,-53.0315,-75.7099,-87.2732,-87.5509,-87.5778,-87.5984
367,-19.7355,-12.962,-18.7046,-26.7607,-38.1097,-53.5902,-76.6317,-87.3173,-87.5541,-87.5802,-87.6006
368,-19.7132,-13.149,-18.9079,-27.021,-38.4821,-54.1556,-77.5407,-87.3547,-87.5571,-87.5825,-87.6027
369,-19.6897,-13.3346,-19.1093,-27.2818,-38.8563,-54.7281,-78.43,-87.3864,-87.56,-87.5848,-87.6049
370,-19.665,-13.5189,-19.3091,-27.5431,-39.2325,-55.3079,-79.2927,-87.4135,-87.5628,-87.587,-87.6071
371,-19.639,-13.7017,-19.5071,-27.8051,-39.6107,-55.8955,-80.1218,-87.4365,-87.5655,-87.5893,-87.6092
372,-19.6117,-13.883,-19.7036,-28.0677,-39.991,-56.4913,-80.9108,-87.4562,-87.5682,-87.5916,-87.6114
373,-19.5831,-14.0628,-19.8986,-28.331,-40.3735,-57.0958,-81.6538,-87.473,-87.5708,-87.5938,-87.6135
374,-19.5533,-14.241,-20.0922,-28.5949,-40.7583,-57.7094,-82.3462,-87.4876,-87.5733,-87.596,-87.6156
375,-19.5221,-14.4175,-20.2844,-28.8595,-41.1454,-58.3326,-82.9847,-87.5001,-87.5758,-87.5982,-87.6177
376,-19.4896,-14.5923,-20.4753,-29.1249,-41.5349,-58.966,-83.5674,-87.511,-87.5783,-87.6004,-87.6198
377,-19.4557,-14.7654,-20.6651,-29.391,-41.927,-59.6101,-84.094,-87.5205,-87.5807,-87.6026,-87.6219
378,-19.4205,-14.9366,-20.8537,-29.6579,-42.3217,-60.2655,-84.5655,-87.5288,-87.5831,-87.6048,-87.6239
379,-19.3839,-15.106,-21.0413,-29.9256,-42.719,-60.9328,-84.9841,-87.5362,-87.5854,-87.6069,-87.626
380,-19.3459,-15.2736,-21.2279,-30.1941,-43.1191,-61.6127,-85.3529,-87.5427,-87.5878,-87.6091,-87.628
381,-19.3065,-15.4392,-21.4136,-30.4634,-43.5221,-62.3058,-85.6754,-87.5486,-87.5901,-87.6112,-87.6301
382,-19.2657,-15.6029,-21.5985,-30.7335,-43.9281,-63.0127,-85.9558,-87.5539,-87.5924,-87.6134,-87.6321
383,-19.2234,-15.7647,-21.7827,-31.0045,-44.3371,-63.734,-86.1983,-87.5587,-87.5947,-87.6155,-87.6341
384,-19.1797,-15.9246,-21.9661,-31.2765,-44.7492,-64.4705,-86.4069,-87.5631,-87.5969,-87.6176,-87.6361
385,-19.1345,-16.0825,-22.1489,-31.5493,-45.1647,-65.2226,-86.5859,-87.5671,-87.5992,-87.6197,-87.6381
386,-19.0878,-16.2385,-22.331,-31.823,-45.5834,-65.9908,-86.7388,-87.5709,-87.6014,-87.6217,-87.6401
387,-19.0396,-16.3925,-22.5126,-32.0977,-46.0056,-66.7756,-86.8691,-87.5744,-87.6036,-87.6238,-87.6421
388,-18.9899,-16.5446,-22.6938,-32.3733,-46.4314,-67.5772,-86.9799,-87.5777,-87.6058,-87.6259,-87.644
389,-18.9387,-16.6948,-22.8744,-32.6499,-46.8609,-68.3957,-87.074,-87.5809,-87.6079,-87.6279,-87.646
390,-18.8859,-16.8432,-23.0547,-32.9275,-47.2942,-69.2309,-87.1538,-87.5839,-87.6101,-87.6299,-87.6479
391,-18.8315,-16.9897,-23.2346,-33.2062,-47.7313,-70.0823,-87.2215,-87.5867,-87.6122,-87.632,-87.6498
392,-18.7755,-17.1344,-23.4141,-33.4859,-48.1726,-70.9491,-87.2788,-87.5895,-87.6144,-87.634,-87.6518
393,-18.7179,-17.2773,-23.5934,-33.7667,-48.618,-71.8299,-87.3274,-87.5921,-87.6165,-87.636,-87.6537
394,-18.6587,-17.4185,-23.7724,-34.0485,-49.0678,-72.7227,-87.3685,-87.5947,-87.6186,-87.638,-87.6556
395,-18.5978,-17.558,-23.9512,-34.3315,-49.5221,-73.6249,-87.4035,-87.5972,-87.6207,-87.6399,-87.6575
396,-18.5353,-17.6958,-24.1298,-34.6156,-49.981,-74.5332,-87.4332,-87.5997,-87.6227,-87.6419,-87.6593
397,-18.4711,-17.8321,-24.3083,-34.901,-50.4448,-75.4434,-87.4584,-87.6021,-87.6248,-87.6439,-87.6612
398,-18.4052,-17.9668,-24.4867,-35.1875,-50.9136,-76.3506,-87.48,-87.6044,-87.6269,-87.6458,-87.6631
399,-18.3376,-18.1,-24.665,-35.4753,-51.3876,-77.2489,-87.4984,-87.6068,-87.6289,-87.6477,-87.6649
400,-18.2683,-18.2318,-24.8432,-35.7643,-51.8671,-78.1321,-87.5142,-87.609,-87.6309,-87.6497,-87.6667
401,-18.1972,-18.3622,-25.0215,-36.0546,-52.3522,-78.9933,-87.5279,-87.6113,-87.6329,-87.6516,-87.6686
402,-18.1243,-18.4912,-25.1998,-36.3463,-52.8433,-79.8256,-87.5396,-87.6135,-87.635,-87.6535,-87.6704
403,-18.0497,-18.6188,-25.3781,-36.6394,-53.3405,-80.6222,-87.5498,-87.6157,-87.6369,-87.6554,-87.6722
404,-17.9733,-18.7452,-25.5566,-36.9338,-53.8443,-81.3771,-87.5587,-87.6179,-87.6389,-87.6573,-87.674
405,-17.895,-18.8704,-25.7351,-37.2298,-54.3548,-82.0849,-87.5666,-87.62,-87.6409,-87.6591,-87.6758
406,-17.815,-18.9944,-25.9139,-37.5272,-54.8725,-82.7416,-87.5735,-87.6221,-87.6429,-87.661,-87.6776
407,-17.7331,-19.1172,-26.0928,-37.8261,-55.3976,-83.3447,-87.5796,-87.6243,-87.6448,-87.6628,-87.6793
408,-17.6493,-19.2388,-26.2719,-38.1267,-55.9306,-83.893,-87.5851,-87.6263,-87.6467,-87.6647,-87.6811
409,-17.5637,-19.3594,-26.4513,-38.4289,-56.4718,-84.3867,-87.5901,-87.6284,-87.6487,-87.6665,-87.6828
410,-17.4762,-19.4788,-26.6309,-38.7327,-57.0217,-84.8274,-87.5946,-87.6305,-87.6506,-87.6683,-87.6846
411,-17.3868,-19.5972,-26.8109,-39.0383,-57.5807,-85.2175,-87.5987,-87.6325,-87.6525,-87.6701,-87.6863
412,-17.2955,-19.7146,-26.9912,-39.3457,-58.1493,-85.5603,-87.6025,-87.6345,-87.6544,-87.672,-87.688
413,-17.2022,-19.831,-27.1719,-39.6549,-58.728,-85.8596,-87.606,-87.6366,-87.6563,-87.6737,-87.6897
414,-17.1071,-19.9463,-27.353,-39.966,-59.3174,-86.1193,-87.6093,-87.6386,-87.6581,-87.6755,-87.6914
415,-17.01,-20.0607,-27.5344,-40.279,-59.9179,-86.3436,-87.6124,-87.6405,-87.66,-87.6773,-87.6931
416,-16.911,-20.1741,-27.7164,-40.594,-60.5302,-86.5365,-87.6153,-87.6425,-87.6619,-87.6791,-87.6948
417,-16.81,-20.2866,-27.8988,-40.9111,-61.1549,-86.7018,-87.6181,-87.6445,-87.6637,-87.6808,-87.6965
418,-16.7071,-20.3981,-28.0816,-41.2303,-61.7927,-86.843,-87.6207,-87.6464,-87.6655,-87.6826,-87.6982
419,-16.6022,-20.5087,-28.265,-41.5517,-62.444,-86.9633,-87.6233,-87.6484,-87.6674,-87.6843,-87.6998
420,-16.4954,-20.6184,-28.449,-41.8753,-63.1097,-87.0656,-87.6257,-87.6503,-87.6692,-87.686,-87.7015
421,-16.3866,-20.7272,-28.6335,-42.2013,-63.7904,-87.1525,-87.6281,-87.6522,-87.671,-87.6877,-87.7031
422,-16.2758,-20.8351,-28.8186,-42.5296,-64.4866,-87.2262,-87.6305,-87.6541,-87.6728,-87.6894,-87.7047
423,-16.1631,-20.9421,-29.0043,-42.8604,-65.1989,-87.2887,-87.6327,-87.656,-87.6745,-87.6911,-87.7063
424,-16.0484,-21.0483,-29.1906,-43.1936,-65.928,-87.3417,-87.635,-87.6579,-87.6763,-87.6928,-87.7079
425,-15.9317,-21.1536,-29.3775,-43.5295,-66.6743,-87.3866,-87.6371,-87.6597,-87.6781,-87.6945,-87.7096
426,-15.8131,-21.258,-29.5651,-43.868,-67.4382,-87.4247,-87.6393,-87.6616,-87.6798,-87.6962,-87.7111
427,-15.6925,-21.3617,-29.7534,-44.2093,-68.2198,-87.457,-87.6414,-87.6634,-87.6816,-87.6978,-87.7127
428,-15.57,-21.4645,-29.9424,-44.5533,-69.0191,-87.4845,-87.6435,-87.6653,-87.6833,-87.6995,-87.7143
429,-15.4455,-21.5665,-30.1321,-44.9003,-69.8359,-87.5079,-87.6455,-87.6671,-87.685,-87.7011,-87.7159
430,-15.3191,-21.6677,-30.3225,-45.2503,-70.6695,-87.5279,-87.6475,-87.6689,-87.6867,-87.7027,-87.7174
431,-15.1908,-21.7682,-30.5137,-45.6033,-71.519,-87.5449,-87.6495,-87.6707,-87.6884,-87.7044,-87.719
432,-15.0606,-21.8679,-30.7057,-45.9595,-72.3826,-87.5596,-87.6515,-87.6725,-87.6901,-87.706,-87.7205
433,-14.9284,-21.9668,-30.8984,-46.3189,-73.2584,-87.5722,-87.6535,-87.6743,-87.6918,-87.7076,-87.7221
434,-14.7944,-22.0651,-31.0919,-46.6817,-74.1434,-87.5831,-87.6554,-87.6761,-87.6935,-87.7092,-87.7236
435,-14.6585,-22.1626,-31.2862,-47.048,-75.0341,-87.5926,-87.6573,-87.6778,-87.6952,-87.7108,-87.7251
436,-14.5207,-22.2594,-31.4814,-47.4178,-75.9259,-87.6009,-87.6592,-87.6796,-87.6968,-87.7123,-87.7266
437,-14.3811,-22.3555,-31.6773,-47.7912,-76.8138,-87.6081,-87.6611,-87.6813,-87.6985,-87.7139,-87.7281
438,-14.2397,-22.4509,-31.8742,-48.1685,-77.6918,-87.6145,-87.663,-87.683,-87.7001,-87.7155,-87.7296
439,-14.0965,-22.5457,-32.0718,-48.5497,-78.5534,-87.6202,-87.6648,-87.6848,-87.7017,-87.717,-87.7311
440,-13.9515,-22.6399,-32.2704,-48.9349,-79.3919,-87.6253,-87.6667,-87.6865,-87.7034,-87.7186,-87.7326
441,-13.8047,-22.7335,-32.4699,-49.3244,-80.2004,-87.6299,-87.6685,-87.6882,-87.705,-87.7201,-87.734
442,-13.6562,-22.8264,-32.6703,-49.7181,-80.9722,-87.634,-87.6704,-87.6899,-87.7066,-87.7216,-87.7355
443,-13.506,-22.9188,-32.8716,-50.1163,-81.7017,-87.6378,-87.6722,-87.6916,-87.7082,-87.7232,-87.7369
444,-13.3541,-23.0106,-33.0738,-50.5192,-82.384,-87.6413,-87.674,-87.6932,-87.7098,-87.7247,-87.7384
445,-13.2005,-23.1019,-33.277,-50.927,-83.0155,-87.6446,-87.6757,-87.6949,-87.7113,-87.7262,-87.7398
446,-13.0453,-23.1926,-33.4811,-51.3397,-83.594,-87.6476,-87.6775,-87.6965,-87.7129,-87.7277,-87.7412
447,-12.8885,-23.2829,-33.6862,-51.7576,-84.1188,-87.6504,-87.6793,-87.6982,-87.7145,-87.7291,-87.7427
448,-12.7301,-23.3726,-33.8923,-52.181,-84.5904,-87.6531,-87.681,-87.6998,-87.716,-87.7306,-87.7441
449,-12.5701,-23.4619,-34.0995,-52.61,-85.0106,-87.6556,-87.6828,-87.7014,-87.7175,-87.7321,-87.7455
450,-12.4086,-23.5507,-34.3076,-53.0449,-85.3821,-87.6581,-87.6845,-87.7031,-87.7191,-87.7336,-87.7469
451,-12.2456,-23.6392,-34.5168,-53.4859,-85.7082,-87.6604,-87.6862,-87.7047,-87.7206,-87.735,-87.7483
452,-12.0811,-23.7271,-34.7271,-53.9334,-85.9925,-87.6627,-87.6879,-87.7063,-87.7221,-87.7364,-87.7496
453,-11.9152,-23.8147,-34.9384,-54.3875,-86.2392,-87.6649,-87.6896,-87.7079,-87.7236,-87.7379,-87.751
454,-11.7479,-23.902,-35.1508,-54.8486,-86.4521,-87.667,-87.6913,-87.7094,-87.7251,-87.7393,-87.7524
455,-11.5792,-23.9888,-35.3643,-55.3171,-86.6351,-87.669,-87.693,-87.711,-87.7266,-87.7407,-87.7537
456,-11.4092,-24.0753,-35.579,-55.7932,-86.7919,-87.6711,-87.6947,-87.7126,-87.7281,-87.7422,-87.7551
457,-11.2378,-24.1616,-35.7948,-56.2774,-86.9258,-87.673,-87.6963,-87.7141,-87.7296,-87.7436,-87.7564
458,-11.0652,-24.2475,-36.0118,-56.77,-87.04,-87.675,-87.698,-87.7157,-87.731,-87.745,-87.7578
459,-10.8914,-24.3331,-36.23,-57.2714,-87.137,-87.6769,-87.6996,-87.7172,-87.7325,-87.7463,-87.7591
460,-10.7164,-24.4184,-36.4494,-57.7821,-87.2195,-87.6788,-87.7012,-87.7187,-87.734,-87.7477,-87.7604
461,-10.5403,-24.5036,-36.67,-58.3026,-87.2894,-87.6806,-87.7029,-87.7203,-87.7354,-87.7491,-87.7617
462,-10.363,-24.5885,-36.8919,-58.8333,-87.3487,-87.6825,-87.7045,-87.7218,-87.7368,-87.7505,-87.763
463,-10.1847,-24.6732,-37.115,-59.3747,-87.399,-87.6843,-87.7061,-87.7233,-87.7383,-87.7518,-87.7643
464,-10.0053,-24.7577,-37.3395,-59.9274,-87.4417,-87.6861,-87.7077,-87.7248,-87.7397,-87.7532,-87.7656
465,-9.82504,-24.842,-37.5653,-60.492,-87.4779,-87.6878,-87.7093,-87.7263,-87.7411,-87.7545,-87.7669
466,-9.64383,-24.9262,-37.7924,-61.069,-87.5086,-87.6896,-87.7108,-87.7277,-87.7425,-87.7559,-87.7682
467,-9.46176,-25.0103,-38.0209,-61.6591,-87.5347,-87.6913,-87.7124,-87.7292,-87.7439,-87.7572,-87.7695
468,-9.2789,-25.0942,-38.2509,-62.2629,-87.5569,-87.693,-87.7139,-87.7307,-87.7453,-87.7585,-87.7707
469,-9.09529,-25.1781,-38.4823,-62.881,-87.5759,-87.6947,-87.7155,-87.7321,-87.7467,-87.7598,-87.772
470,-8.91101,-25.2618,-38.7151,-63.5141,-87.5921,-87.6964,-87.717,-87.7336,-87.748,-87.7612,-87.7733
471,-8.72611,-25.3456,-38.9495,-64.1628,-87.606,-87.6981,-87.7186,-87.735,-87.7494,-87.7625,-87.7745
472,-8.54068,-25.4292,-39.1854,-64.8278,-87.6179,-87.6998,-87.7201,-87.7364,-87.7508,-87.7637,-87.7757
473,-8.35478,-25.5129,-39.4228,-65.5097,-87.6282,-87.7014,-87.7216,-87.7379,-87.7521,-87.765,-87.777
474,-8.1685,-25.5966,-39.6619,-66.2091,-87.6372,-87.7031,-87.7231,-87.7393,-87.7534,-87.7663,-87.7782
475,-7.98191,-25.6802,-39.9026,-66.9264,-87.645,-87.7047,-87.7246,-87.7407,-87.7548,-87.7676,-87.7794
476,-7.7951,-25.7639,-40.1449,-67.662,-87.6518,-87.7063,-87.7261,-87.7421,-87.7561,-87.7689,-87.7806
477,-7.60816,-25.8477,-40.389,-68.4162,-87.6578,-87.7079,-87.7275,-87.7435,-87.7574,-87.7701,-87.7818
478,-7.42118,-25.9315,-40.6348,-69.189,-87.6632,-87.7095,-87.729,-87.7448,-87.7587,-87.7714,-87.783
479,-7.23427,-26.0154,-40.8824,-69.9801,-87.6679,-87.7111,-87.7305,-87.7462,-87.76,-87.7726,-87.7842
480,-7.04752,-26.0994,-41.1318,-70.789,-87.6722,-87.7127,-87.7319,-87.7476,-87.7613,-87.7739,-87.7854
481,-6.86104,-26.1836,-41.3831,-71.6148,-87.676,-87.7143,-87.7334,-87.749,-87.7626,-87.7751,-87.7866
482,-6.67494,-26.2679,-41.6363,-72.4559,-87.6796,-87.7158,-87.7348,-87.7503,-87.7639,-87.7763,-87.7878
483,-6.48933,-26.3523,-41.8914,-73.3105,-87.6828,-87.7174,-87.7362,-87.7516,-87.7652,-87.7775,-87.7889
484,-6.30432,-26.4369,-42.1486,-74.1757,-87.6858,-87.7189,-87.7376,-87.753,-87.7665,-87.7787,-87.7901
485,-6.12004,-26.5217,-42.4078,-75.0482,-87.6885,-87.7204,-87.7391,-87.7543,-87.7677,-87.7799,-87.7912
486,-5.9366,-26.6067,-42.6691,-75.9236,-87.6911,-87.722,-87.7405,-87.7556,-87.769,-87.7811,-87.7924
487,-5.75413,-26.6919,-42.9325,-76.7971,-87.6936,-87.7235,-87.7419,-87.757,-87.7702,-87.7823,-87.7935
488,-5.57275,-26.7773,-43.1982,-77.6629,-87.6959,-87.725,-87.7432,-87.7583,-87.7715,-87.7835,-87.7947
489,-5.39258,-26.863,-43.4661,-78.5145,-87.6981,-87.7265,-87.7446,-87.7596,-87.7727,-87.7847,-87.7958
490,-5.21376,-26.949,-43.7363,-79.3454,-87.7002,-87.7279,-87.746,-87.7609,-87.774,-87.7859,-87.7969
491,-5.03641,-27.0352,-44.0088,-80.1487,-87.7022,-87.7294,-87.7474,-87.7621,-87.7752,-87.787,-87.798
492,-4.86064,-27.1218,-44.2838,-80.9179,-87.7042,-87.7309,-87.7487,-87.7634,-87.7764,-87.7882,-87.7991
493,-4.68659,-27.2086,-44.5613,-81.6469,-87.7061,-87.7323,-87.7501,-87.7647,-87.7776,-87.7894,-87.8002
494,-4.51438,-27.2958,-44.8413,-82.3307,-87.708,-87.7338,-87.7514,-87.766,-87.7788,-87.7905,-87.8013
495,-4.34412,-27.3834,-45.1239,-82.9654,-87.7098,-87.7352,-87.7527,-87.7672,-87.78,-87.7917,-87.8024
496,-4.17593,-27.4713,-45.4092,-83.5486,-87.7116,-87.7366,-87.7541,-87.7685,-87.7812,-87.7928,-87.8035
497,-4.00993,-27.5596,-45.6973,-84.0792,-87.7133,-87.7381,-87.7554,-87.7697,-87.7824,-87.7939,-87.8046
498,-3.84623,-27.6482,-45.9882,-84.5573,-87.715,-87.7395,-87.7567,-87.7709,-87.7835,-87.795,-87.8057
499,-3.68492,-27.7373,-46.282,-84.9844,-87.7167,-87.7409,-87.758,-87.7722,-87.7847,-87.7962,-87.8067
500,-3.52612,-27.8268,-46.5788,-85.363,-87.7183,-87.7423,-87.7593,-87.7734,-87.7859,-87.7973,-87.8078
501,-3.36991,-27.9167,-46.8787,-85.696,-87.72,-87.7437,-87.7606,-87.7746,-87.787,-87.7984,-87.8089
502,-3.21639,-28.007,-47.1817,-85.987,-87.7216,-87.7451,-87.7619,-87.7758,-87.7882,-87.7995,-87.8099
503,-3.06564,-28.0978,-47.4879,-86.2399,-87.7232,-87.7464,-87.7631,-87.777,-87.7893,-87.8006,-87.811
504,-2.91774,-28.1891,-47.7975,-86.4587,-87.7247,-87.7478,-87.7644,-87.7782,-87.7905,-87.8017,-87.812
505,-2.77276,-28.2809,-48.1106,-86.647,-87.7263,-87.7491,-87.7657,-87.7794,-87.7916,-87.8027,-87.813
506,-2.63076,-28.3731,-48.4272,-86.8085,-87.7278,-87.7505,-87.7669,-87.7806,-87.7927,-87.8038,-87.8141
507,-2.49182,-28.4659,-48.7474,-86.9467,-87.7294,-87.7518,-87.7682,-87.7818,-87.7939,-87.8049,-87.8151
508,-2.35598,-28.5592,-49.0715,-87.0645,-87.7309,-87.7532,-87.7694,-87.783,-87.795,-87.8059,-87.8161
509,-2.22329,-28.653,-49.3994,-87.1648,-87.7324,-87.7545,-87.7706,-87.7841,-87.7961,-87.807,-87.8171
510,-2.09379,-28.7473,-49.7314,-87.2501,-87.7339,-87.7558,-87.7719,-87.7853,-87.7972,-87.8081,-87.8181
511,-1.96751,-28.8422,-50.0675,-87.3224,-87.7353,-87.7571,-87.7731,-87.7864,-87.7983,-87.8091,-87.8191
512,-1.8445,-28.9377,-50.408,-87.3838,-87.7368,-87.7584,-87.7743,-87.7876,-87.7994,-87.8101,-87.8201
513,-1.72477,-29.0338,-50.7529,-87.4359,-87.7383,-87.7597,-87.7755,-87.7887,-87.8004,-87.8112,-87.8211
514,-1.60833,-29.1304,-51.1024,-87.48,-87.7397,-87.761,-87.7767,-87.7898,-87.8015,-87.8122,-87.8221
515,-1.49521,-29.2277,-51.4567,-87.5174,-87.7411,-87.7623,-87.7779,-87.791,-87.8026,-87.8132,-87.8231
516,-1.38542,-29.3255,-51.816,-87.5491,-87.7426,-87.7635,-87.7791,-87.7921,-87.8037,-87.8143,-87.8241
517,-1.27895,-29.424,-52.1804,-87.5761,-87.744,-87.7648,-87.7803,-87.7932,-87.8047,-87.8153,-87.825
518,-1.1758,-29.5231,-52.5502,-87.599,-87.7454,-87.7661,-87.7814,-87.7943,-87.8058,-87.8163,-87.826
519,-1.07597,-29.6228,-52.9255,-87.6185,-87.7468,-87.7673,-87.7826,-87.7954,-87.8068,-87.8173,-87.827
520,-0.979458,-29.7232,-53.3067,-87.6351,-87.7482,-87.7686,-87.7838,-87.7965,-87.8079,-87.8183,-87.8279
521,-0.88624,-29.8243,-53.6938,-87.6494,-87.7495,-87.7698,-87.7849,-87.7976,-87.8089,-87.8193,-87.8289
522,-0.796302,-29.926,-54.0873,-87.6616,-87.7509,-87.771,-87.7861,-87.7987,-87.8099,-87.8203,-87.8298
523,-0.709626,-30.0284,-54.4873,-87.6721,-87.7523,-87.7723,-87.7872,-87.7998,-87.811,-87.8212,-87.8308
524,-0.626188,-30.1315,-54.8941,-87.6811,-87.7536,-87.7735,-87.7883,-87.8008,-87.812,-87.8222,-87.8317
525,-0.545964,-30.2353,-55.308,-87.689,-87.7549,-87.7747,-87.7895,-87.8019,-87.813,-87.8232,-87.8326
526,-0.468925,-30.3397,-55.7294,-87.6958,-87.7563,-87.7759,-87.7906,-87.803,-87.814,-87.8241,-87.8335
527,-0.395041,-30.4449,-56.1586,-87.7018,-87.7576,-87.7771,-87.7917,-87.804,-87.815,-87.8251,-87.8345
528,-0.324281,-30.5508,-56.5959,-87.7071,-87.7589,-87.7783,-87.7928,-87.8051,-87.816,-87.8261,-87.8354
529,-0.25661,-30.6575,-57.0417,-87.7118,-87.7602,-87.7794,-87.7939,-87.8061,-87.817,-87.827,-87.8363
530,-0.191993,-30.7648,-57.4964,-87.716,-87.7615,-87.7806,-87.795,-87.8072,-87.818,-87.828,-87.8372
531,-0.130394,-30.8729,-57.9604,-87.7197,-87.7628,-87.7818,-87.7961,-87.8082,-87.819,-87.8289,-87.8381
532,-0.0717726,-30.9818,-58.4342,-87.7231,-87.7641,-87.783,-87.7972,-87.8092,-87.82,-87.8298,-87.839
533,-0.0160913,-31.0914,-58.9183,-87.7262,-87.7654,-87.7841,-87.7983,-87.8102,-87.8209,-87.8308,-87.8399
534,0.0366904,-31.2018,-59.4131,-87.729,-87.7666,-87.7853,-87.7993,-87.8113,-87.8219,-87.8317,-87.8408
535,0.0866134,-31.3129,-59.9191,-87.7316,-87.7679,-87.7864,-87.8004,-87.8123,-87.8229,-87.8326,-87.8416
536,0.133719,-31.4249,-60.437,-87.734,-87.7692,-87.7875,-87.8015,-87.8133,-87.8238,-87.8335,-87.8425
537,0.17805,-31.5376,-60.9672,-87.7363,-87.7704,-87.7887,-87.8025,-87.8143,-87.8248,-87.8344,-87.8434
538,0.219647,-31.6511,-61.5104,-87.7384,-87.7716,-87.7898,-87.8036,-87.8153,-87.8257,-87.8353,-87.8443
539,0.258554,-31.7653,-62.0672,-87.7404,-87.7729,-87.7909,-87.8046,-87.8163,-87.8267,-87.8362,-87.8451
540,0.294814,-31.8804,-62.6382,-87.7423,-87.7741,-87.792,-87.8057,-87.8172,-87.8276,-87.8371,-87.846
541,0.328468,-31.9963,-63.2241,-87.7442,-87.7753,-87.7931,-87.8067,-87.8182,-87.8285,-87.838,-87.8468
542,0.35956,-32.1131,-63.8256,-87.7459,-87.7765,-87.7942,-87.8077,-87.8192,-87.8295,-87.8389,-87.8477
543,0.388133,-32.2306,-64.4432,-87.7477,-87.7777,-87.7953,-87.8087,-87.8202,-87.8304,-87.8398,-87.8485
544,0.414228,-32.349,-65.0777,-87.7493,-87.7789,-87.7964,-87.8098,-87.8211,-87.8313,-87.8407,-87.8494
545,0.437889,-32.4682,-65.7297,-87.7509,-87.7801,-87.7975,-87.8108,-87.8221,-87.8322,-87.8415,-87.8502
546,0.459157,-32.5882,-66.3997,-87.7525,-87.7813,-87.7986,-87.8118,-87.823,-87.8331,-87.8424,-87.851
547,0.478073,-32.7091,-67.0884,-87.754,-87.7825,-87.7996,-87.8128,-87.824,-87.834,-87.8433,-87.8519
548,0.494678,-32.8308,-67.796,-87.7555,-87.7836,-87.8007,-87.8138,-87.8249,-87.8349,-87.8441,-87.8527
549,0.509014,-32.9534,-68.5229,-87.757,-87.7848,-87.8017,-87.8148,-87.8259,-87.8358,-87.845,-87.8535
550,0.52112,-33.0768,-69.2692,-87.7585,-87.7859,-87.8028,-87.8157,-87.8268,-87.8367,-87.8458,-87.8543
551,0.531037,-33.2011,-70.0348,-87.7599,-87.7871,-87.8038,-87.8167,-87.8277,-87.8376,-87.8467,-87.8551
552,0.538802,-33.3263,-70.8191,-87.7613,-87.7882,-87.8049,-87.8177,-87.8286,-87.8385,-87.8475,-87.8559
553,0.544455,-33.4524,-71.6215,-87.7627,-87.7894,-87.8059,-87.8187,-87.8296,-87.8393,-87.8484,-87.8567
554,0.548034,-33.5793,-72.4405,-87.7641,-87.7905,-87.8069,-87.8196,-87.8305,-87.8402,-87.8492,-87.8575
555,0.549576,-33.7072,-73.2744,-87.7654,-87.7916,-87.808,-87.8206,-87.8314,-87.8411,-87.85,-87.8583
556,0.549116,-33.8359,-74.1206,-87.7668,-87.7927,-87.809,-87.8215,-87.8323,-87.8419,-87.8508,-87.8591
557,0.546693,-33.9656,-74.9759,-87.7681,-87.7938,-87.81,-87.8225,-87.8332,-87.8428,-87.8517,-87.8599
558,0.54234,-34.0961,-75.8364,-87.7694,-87.7949,-87.811,-87.8234,-87.8341,-87.8436,-87.8525,-87.8607
559,0.536092,-34.2276,-76.6973,-87.7707,-87.796,-87.812,-87.8244,-87.835,-87.8445,-87.8533,-87.8615
560,0.527984,-34.36,-77.553,-87.772,-87.7971,-87.813,-87.8253,-87.8358,-87.8453,-87.8541,-87.8622
561,0.518048,-34.4933,-78.3975,-87.7733,-87.7982,-87.814,-87.8262,-87.8367,-87.8462,-87.8549,-87.863
562,0.506317,-34.6276,-79.2241,-87.7746,-87.7993,-87.815,-87.8271,-87.8376,-87.847,-87.8557,-87.8638
563,0.492824,-34.7628,-80.0261,-87.7758,-87.8003,-87.816,-87.8281,-87.8385,-87.8478,-87.8565,-87.8645
564,0.477598,-34.899,-80.7968,-87.7771,-87.8014,-87.8169,-87.829,-87.8393,-87.8487,-87.8573,-87.8653
565,0.460671,-35.0361,-81.5299,-87.7783,-87.8025,-87.8179,-87.8299,-87.8402,-87.8495,-87.8581,-87.8661
566,0.442073,-35.1741,-82.2203,-87.7796,-87.8035,-87.8189,-87.8308,-87.841,-87.8503,-87.8588,-87.8668
567,0.421832,-35.3132,-82.8635,-87.7808,-87.8046,-87.8198,-87.8317,-87.8419,-87.8511,-87.8596,-87.8675
568,0.399977,-35.4532,-83.4568,-87.782,-87.8056,-87.8208,-87.8326,-87.8427,-87.8519,-87.8604,-87.8683
569,0.376537,-35.5942,-83.9984,-87.7832,-87.8066,-87.8217,-87.8335,-87.8436,-87.8527,-87.8612,-87.869
570,0.351537,-35.7363,-84.4882,-87.7844,-87.8077,-87.8227,-87.8343,-87.8444,-87.8535,-87.8619,-87.8698
571,0.325005,-35.8793,-84.9271,-87.7856,-87.8087,-87.8236,-87.8352,-87.8453,-87.8543,-87.8627,-87.8705
572,0.296966,-36.0233,-85.3173,-87.7868,-87.8097,-87.8245,-87.8361,-87.8461,-87.8551,-87.8634,-87.8712
573,0.267446,-36.1684,-85.6615,-87.788,-87.8107,-87.8255,-87.837,-87.8469,-87.8559,-87.8642,-87.8719
574,0.236469,-36.3145,-85.9631,-87.7892,-87.8117,-87.8264,-87.8378,-87.8477,-87.8567,-87.8649,-87.8727
575,0.20406,-36.4616,-86.2258,-87.7903,-87.8127,-87.8273,-87.8387,-87.8485,-87.8574,-87.8657,-87.8734
576,0.17024,-36.6098,-86.4534,-87.7915,-87.8137,-87.8282,-87.8395,-87.8494,-87.8582,-87.8664,-87.8741
577,0.135034,-36.7591,-86.6497,-87.7926,-87.8147,-87.8291,-87.8404,-87.8502,-87.859,-87.8672,-87.8748
578,0.098464,-36.9094,-86.8183,-87.7938,-87.8157,-87.83,-87.8412,-87.851,-87.8598,-87.8679,-87.8755
579,0.0605508,-37.0609,-86.9627,-87.7949,-87.8167,-87.8309,-87.8421,-87.8518,-87.8605,-87.8686,-87.8762
580,0.0213159,-37.2134,-87.086,-87.796,-87.8177,-87.8318,-87.8429,-87.8526,-87.8613,-87.8694,-87.8769
581,-0.0192202,-37.367,-87.1911,-87.7971,-87.8186,-87.8327,-87.8438,-87.8533,-87.862,-87.8701,-87.8776
582,-0.0610375,-37.5218,-87.2804,-87.7982,-87.8196,-87.8336,-87.8446,-87.8541,-87.8628,-87.8708,-87.8783
583,-0.104116,-37.6776,-87.3562,-87.7993,-87.8205,-87.8344,-87.8454,-87.8549,-87.8635,-87.8715,-87.879
584,-0.148438,-37.8347,-87.4206,-87.8004,-87.8215,-87.8353,-87.8462,-87.8557,-87.8643,-87.8722,-87.8796
585,-0.193984,-37.9929,-87.4751,-87.8015,-87.8224,-87.8362,-87.847,-87.8565,-87.865,-87.8729,-87.8803
586,-0.240736,-38.1523,-87.5214,-87.8026,-87.8234,-87.8371,-87.8478,-87.8572,-87.8657,-87.8736,-87.881
587,-0.288676,-38.3128,-87.5605,-87.8037,-87.8243,-87.8379,-87.8487,-87.858,-87.8665,-87.8743,-87.8817
588,-0.337788,-38.4746,-87.5937,-87.8048,-87.8252,-87.8388,-87.8495,-87.8588,-87.8672,-87.875,-87.8823
589,-0.388054,-38.6376,-87.6219,-87.8058,-87.8262,-87.8396,-87.8503,-87.8595,-87.8679,-87.8757,-87.883
590,-0.43946,-38.8018,-87.6457,-87.8069,-87.8271,-87.8405,-87.851,-87.8603,-87.8686,-87.8764,-87.8837
591,-0.491987,-38.9673,-87.666,-87.8079,-87.828,-87.8413,-87.8518,-87.861,-87.8694,-87.8771,-87.8843
592,-0.545623,-39.1341,-87.6833,-87.809,-87.8289,-87.8421,-87.8526,-87.8618,-87.8701,-87.8778,-87.885
593,-0.60035,-39.3021,-87.698,-87.81,-87.8298,-87.843,-87.8534,-87.8625,-87.8708,-87.8785,-87.8856
594,-0.656155,-39.4715,-87.7106,-87.8111,-87.8307,-87.8438,-87.8542,-87.8632,-87.8715,-87.8791,-87.8863
595,-0.713023,-39.6421,-87.7213,-87.8121,-87.8316,-87.8446,-87.855,-87.864,-87.8722,-87.8798,-87.8869
596,-0.77094,-39.8142,-87.7306,-87.8131,-87.8325,-87.8454,-87.8557,-87.8647,-87.8729,-87.8805,-87.8876
597,-0.829894,-39.9876,-87.7386,-87.8141,-87.8334,-87.8462,-87.8565,-87.8654,-87.8736,-87.8811,-87.8882
598,-0.889869,-40.1623,-87.7455,-87.8151,-87.8343,-87.8471,-87.8572,-87.8661,-87.8743,-87.8818,-87.8888
599,-0.950854,-40.3385,-87.7515,-87.8161,-87.8352,-87.8479,-87.858,-87.8669,-87.8749,-87.8825,-87.8895
600,-1.01284,-40.5162,-87.7568,-87.8171,-87.836,-87.8487,-87.8588,-87.8676,-87.8756,-87.8831,-87.8901
601,-1.0758,-40.6952,-87.7614,-87.8181,-87.8369,-87.8495,-87.8595,-87.8683,-87.8763,-87.8838,-87.8907
602,-1.13974,-40.8758,-87.7654,-87.8191,-87.8377,-87.8503,-87.8602,-87.869,-87.877,-87.8844,-87.8914
603,-1.20464,-41.0578,-87.7691,-87.8201,-87.8386,-87.851,-87.861,-87.8697,-87.8777,-87.885,-87.892
604,-1.27049,-41.2414,-87.7723,-87.8211,-87.8395,-87.8518,-87.8617,-87.8704,-87.8783,-87.8857,-87.8926
605,-1.33728,-41.4266,-87.7752,-87.822,-87.8403,-87.8526,-87.8625,-87.8711,-87.879,-87.8863,-87.8932
606,-1.40499,-41.6133,-87.7779,-87.823,-87.8412,-87.8534,-87.8632,-87.8718,-87.8797,-87.887,-87.8938
607,-1.47362,-41.8016,-87.7803,-87.824,-87.842,-87.8542,-87.8639,-87.8725,-87.8803,-87.8876,-87.8944
608,-1.54316,-41.9916,-87.7825,-87.8249,-87.8428,-87.8549,-87.8646,-87.8732,-87.881,-87.8882,-87.895
609,-1.61359,-42.1833,-87.7846,-87.8259,-87.8437,-87.8557,-87.8653,-87.8738,-87.8816,-87.8888,-87.8956
610,-1.6849,-42.3766,-87.7865,-87.8268,-87.8445,-87.8564,-87.8661,-87.8745,-87.8823,-87.8895,-87.8962
611,-1.75709,-42.5717,-87.7884,-87.8277,-87.8453,-87.8572,-87.8668,-87.8752,-87.8829,-87.8901,-87.8968
612,-1.83014,-42.7685,-87.7901,-87.8287,-87.8461,-87.8579,-87.8675,-87.8759,-87.8836,-87.8907,-87.8974
613,-1.90405,-42.9672,-87.7917,-87.8296,-87.8469,-87.8587,-87.8682,-87.8765,-87.8842,-87.8913,-87.898
614,-1.97881,-43.1676,-87.7933,-87.8305,-87.8477,-87.8594,-87.8689,-87.8772,-87.8848,-87.8919,-87.8986
615,-2.0544,-43.37,-87.7947,-87.8314,-87.8485,-87.8602,-87.8696,-87.8779,-87.8855,-87.8925,-87.8992
616,-2.13082,-43.5742,-87.7962,-87.8323,-87.8493,-87.8609,-87.8703,-87.8785,-87.8861,-87.8931,-87.8997
617,-2.20806,-43.7804,-87.7976,-87.8332,-87.8501,-87.8616,-87.871,-87.8792,-87.8867,-87.8937,-87.9003
618,-2.28611,-43.9886,-87.7989,-87.8341,-87.8509,-87.8624,-87.8716,-87.8798,-87.8873,-87.8943,-87.9009
619,-2.36496,-44.1989,-87.8003,-87.835,-87.8517,-87.8631,-87.8723,-87.8805,-87.888,-87.8949,-87.9015
620,-2.4446,-44.4112,-87.8015,-87.8359,-87.8525,-87.8638,-87.873,-87.8811,-87.8886,-87.8955,-87.902
621,-2.52502,-44.6256,-87.8028,-87.8368,-87.8533,-87.8645,-87.8737,-87.8818,-87.8892,-87.8961,-87.9026
622,-2.60622,-44.8422,-87.804,-87.8377,-87.854,-87.8652,-87.8743,-87.8824,-87.8898,-87.8967,-87.9032
623,-2.68818,-45.061,-87.8052,-87.8386,-87.8548,-87.866,-87.875,-87.883,-87.8904,-87.8973,-87.9037
624,-2.7709,-45.2821,-87.8064,-87.8394,-87.8556,-87.8667,-87.8757,-87.8837,-87.891,-87.8979,-87.9043
625,-2.85437,-45.5055,-87.8076,-87.8403,-87.8563,-87.8674,-87.8763,-87.8843,-87.8916,-87.8984,-87.9048
626,-2.93858,-45.7313,-87.8088,-87.8412,-87.8571,-87.8681,-87.877,-87.8849,-87.8922,-87.899,-87.9054
627,-3.02352,-45.9595,-87.8099,-87.842,-87.8578,-87.8688,-87.8776,-87.8855,-87.8928,-87.8996,-87.9059
628,-3.10919,-46.1902,-87.8111,-87.8429,-87.8586,-87.8694,-87.8783,-87.8862,-87.8934,-87.9001,-87.9065
629,-3.19557,-46.4235,-87.8122,-87.8437,-87.8593,-87.8701,-87.8789,-87.8868,-87.894,-87.9007,-87.907
630,-3.28266,-46.6594,-87.8133,-87.8446,-87.8601,-87.8708,-87.8796,-87.8874,-87.8946,-87.9013,-87.9076
631,-3.37044,-46.8979,-87.8144,-87.8454,-87.8608,-87.8715,-87.8802,-87.888,-87.8951,-87.9018,-87.9081
632,-3.45892,-47.1393,-87.8155,-87.8462,-87.8615,-87.8722,-87.8809,-87.8886,-87.8957,-87.9024,-87.9086
633,-3.54808,-47.3834,-87.8166,-87.847,-87.8623,-87.8728,-87.8815,-87.8892,-87.8963,-87.9029,-87.9092
634,-3.63791,-47.6305,-87.8176,-87.8479,-87.863,-87.8735,-87.8821,-87.8898,-87.8969,-87.9035,-87.9097
635,-3.72841,-47.8805,-87.8187,-87.8487,-87.8637,-87.8742,-87.8827,-87.8904,-87.8974,-87.904,-87.9102
636,-3.81957,-48.1336,-87.8198,-87.8495,-87.8644,-87.8748,-87.8834,-87.891,-87.898,-87.9046,-87.9108
637,-3.91137,-48.3899,-87.8208,-87.8503,-87.8651,-87.8755,-87.884,-87.8916,-87.8986,-87.9051,-87.9113
638,-4.00381,-48.6494,-87.8218,-87.8511,-87.8659,-87.8761,-87.8846,-87.8922,-87.8991,-87.9057,-87.9118
639,-4.09688,-48.9123,-87.8229,-87.8519,-87.8666,-87.8768,-87.8852,-87.8927,-87.8997,-87.9062,-87.9123
640,-4.19057,-49.1786,-87.8239,-87.8527,-87.8673,-87.8774,-87.8858,-87.8933,-87.9002,-87.9067,-87.9128
641,-4.28487,-49.4485,-87.8249,-87.8535,-87.868,-87.8781,-87.8864,-87.8939,-87.9008,-87.9073,-87.9133
642,-4.37977,-49.722,-87.8259,-87.8543,-87.8687,-87.8787,-87.887,-87.8945,-87.9014,-87.9078,-87.9139
643,-4.47527,-49.9993,-87.8269,-87.8551,-87.8693,-87.8794,-87.8876,-87.8951,-87.9019,-87.9083,-87.9144
644,-4.57135,-50.2804,-87.8279,-87.8558,-87.87,-87.88,-87.8882,-87.8956,-87.9024,-87.9088,-87.9149
645,-4.66801,-50.5656,-87.8289,-87.8566,-87.8707,-87.8806,-87.8888,-87.8962,-87.903,-87.9094,-87.9154
646,-4.76523,-50.855,-87.8299,-87.8574,-87.8714,-87.8813,-87.8894,-87.8968,-87.9035,-87.9099,-87.9159
647,-4.863,-51.1486,-87.8309,-87.8582,-87.8721,-87.8819,-87.89,-87.8973,-87.9041,-87.9104,-87.9164
648,-4.96131,-51.4467,-87.8318,-87.8589,-87.8728,-87.8825,-87.8906,-87.8979,-87.9046,-87.9109,-87.9169
649,-5.06016,-51.7494,-87.8328,-87.8597,-87.8734,-87.8831,-87.8912,-87.8984,-87.9051,-87.9114,-87.9173
650,-5.15953,-52.0568,-87.8338,-87.8604,-87.8741,-87.8837,-87.8918,-87.899,-87.9057,-87.9119,-87.9178
651,-5.25942,-52.3692,-87.8347,-87.8612,-87.8747,-87.8844,-87.8923,-87.8995,-87.9062,-87.9124,-87.9183
652,-5.3598,-52.6866,-87.8357,-87.8619,-87.8754,-87.885,-87.8929,-87.9001,-87.9067,-87.9129,-87.9188
653,-5.46067,-53.0094,-87.8366,-87.8627,-87.8761,-87.8856,-87.8935,-87.9006,-87.9072,-87.9134,-87.9193
654,-5.56202,-53.3377,-87.8375,-87.8634,-87.8767,-87.8862,-87.8941,-87.9012,-87.9077,-87.9139,-87.9198
655,-5.66383,-53.6717,-87.8385,-87.8641,-87.8774,-87.8868,-87.8946,-87.9017,-87.9083,-87.9144,-87.9202
656,-5.76609,-54.0116,-87.8394,-87.8649,-87.878,-87.8874,-87.8952,-87.9022,-87.9088,-87.9149,-87.9207
657,-5.8688,-54.3577,-87.8403,-87.8656,-87.8786,-87.888,-87.8957,-87.9028,-87.9093,-87.9154,-87.9212
658,-5.97193,-54.7102,-87.8412,-87.8663,-87.8793,-87.8886,-87.8963,-87.9033,-87.9098,-87.9159,-87.9217
659,-6.07548,-55.0694,-87.8421,-87.867,-87.8799,-87.8891,-87.8969,-87.9038,-87.9103,-87.9164,-87.9221
660,-6.17943,-55.4356,-87.843,-87.8677,-87.8806,-87.8897,-87.8974,-87.9043,-87.9108,-87.9169,-87.9226
661,-6.28376,-55.8091,-87.8439,-87.8684,-87.8812,-87.8903,-87.898,-87.9049,-87.9113,-87.9174,-87.9231
662,-6.38847,-56.1901,-87.8448,-87.8692,-87.8818,-87.8909,-87.8985,-87.9054,-87.9118,-87.9178,-87.9235
663,-6.49354,-56.579,-87.8457,-87.8699,-87.8824,-87.8915,-87.899,-87.9059,-87.9123,-87.9183,-87.924
664,-6.59895,-56.9762,-87.8466,-87.8706,-87.883,-87.892,-87.8996,-87.9064,-87.9128,-87.9188,-87.9244
665,-6.70468,-57.382,-87.8474,-87.8712,-87.8837,-87.8926,-87.9001,-87.9069,-87.9133,-87.9193,-87.9249
666,-6.81074,-57.7969,-87.8483,-87.8719,-87.8843,-87.8932,-87.9006,-87.9074,-87.9138,-87.9197,-87.9254
667,-6.91709,-58.2211,-87.8492,-87.8726,-87.8849,-87.8937,-87.9012,-87.908,-87.9143,-87.9202,-87.9258
668,-7.02372,-58.6553,-87.85,-87.8733,-87.8855,-87.8943,-87.9017,-87.9085,-87.9147,-87.9207,-87.9263
669,-7.13061,-59.0997,-87.8509,-87.874,-87.8861,-87.8948,-87.9022,-87.909,-87.9152,-87.9211,-87.9267
670,-7.23776,-59.5549,-87.8517,-87.8747,-87.8867,-87.8954,-87.9028,-87.9095,-87.9157,-87.9216,-87.9271
671,-7.34513,-60.0215,-87.8526,-87.8753,-87.8873,-87.896,-87.9033,-87.91,-87.9162,-87.922,-87.9276
672,-7.45272,-60.4999,-87.8534,-87.876,-87.8879,-87.8965,-87.9038,-87.9104,-87.9167,-87.9225,-87.928
673,-7.5605,-60.9907,-87.8542,-87.8767,-87.8885,-87.897,-87.9043,-87.9109,-87.9171,-87.923,-87.9285
674,-7.66845,-61.4945,-87.8551,-87.8773,-87.8891,-87.8976,-87.9048,-87.9114,-87.9176,-87.9234,-87.9289
675,-7.77657,-62.0119,-87.8559,-87.878,-87.8896,-87.8981,-87.9053,-87.9119,-87.9181,-87.9239,-87.9293
676,-7.88482,-62.5435,-87.8567,-87.8786,-87.8902,-87.8987,-87.9058,-87.9124,-87.9185,-87.9243,-87.9298
677,-7.99319,-63.09,-87.8575,-87.8793,-87.8908,-87.8992,-87.9064,-87.9129,-87.919,-87.9247,-87.9302
678,-8.10166,-63.6521,-87.8583,-87.8799,-87.8914,-87.8997,-87.9069,-87.9134,-87.9194,-87.9252,-87.9306
679,-8.21021,-64.2304,-87.8591,-87.8806,-87.8919,-87.9003,-87.9074,-87.9138,-87.9199,-87.9256,-87.931
680,-8.31881,-64.8256,-87.8599,-87.8812,-87.8925,-87.9008,-87.9079,-87.9143,-87.9204,-87.9261,-87.9315
681,-8.42745,-65.4385,-87.8607,-87.8819,-87.8931,-87.9013,-87.9083,-87.9148,-87.9208,-87.9265,-87.9319
682,-8.53611,-66.0695,-87.8615,-87.8825,-87.8936,-87.9018,-87.9088,-87.9153,-87.9213,-87.9269,-87.9323
683,-8.64475,-66.7194,-87.8623,-87.8831,-87.8942,-87.9024,-87.9093,-87.9157,-87.9217,-87.9274,-87.9327
684,-8.75337,-67.3886,-87.8631,-87.8838,-87.8948,-87.9029,-87.9098,-87.9162,-87.9222,-87.9278,-87.9331
685,-8.86194,-68.0777,-87.8639,-87.8844,-87.8953,-87.9034,-87.9103,-87.9167,-87.9226,-87.9282,-87.9335
686,-8.97043,-68.7868,-87.8646,-87.885,-87.8959,-87.9039,-87.9108,-87.9171,-87.923,-87.9287,-87.934
687,-9.07882,-69.5162,-87.8654,-87.8856,-87.8964,-87.9044,-87.9113,-87.9176,-87.9235,-87.9291,-87.9344
688,-9.18709,-70.2657,-87.8662,-87.8862,-87.897,-87.9049,-87.9117,-87.918,-87.9239,-87.9295,-87.9348
689,-9.29522,-71.0348,-87.8669,-87.8868,-87.8975,-87.9054,-87.9122,-87.9185,-87.9244,-87.9299,-87.9352
690,-9.40317,-71.8229,-87.8677,-87.8874,-87.898,-87.9059,-87.9127,-87.9189,-87.9248,-87.9303,-87.9356
691,-9.51093,-72.6285,-87.8684,-87.8881,-87.8986,-87.9064,-87.9132,-87.9194,-87.9252,-87.9308,-87.936
692,-9.61847,-73.4498,-87.8692,-87.8887,-87.8991,-87.9069,-87.9136,-87.9198,-87.9257,-87.9312,-87.9364
693,-9.72577,-74.2844,-87.8699,-87.8893,-87.8996,-87.9074,-87.9141,-87.9203,-87.9261,-87.9316,-87.9368
694,-9.8328,-75.1291,-87.8707,-87.8898,-87.9002,-87.9079,-87.9146,-87.9207,-87.9265,-87.932,-87.9372
695,-9.93953,-75.9799,-87.8714,-87.8904,-87.9007,-87.9084,-87.915,-87.9212,-87.9269,-87.9324,-87.9376
696,-10.0459,-76.832,-87.8721,-87.891,-87.9012,-87.9089,-87.9155,-87.9216,-87.9274,-87.9328,-87.938
697,-10.152,-77.6798,-87.8729,-87.8916,-87.9017,-87.9094,-87.9159,-87.922,-87.9278,-87.9332,-87.9383
698,-10.2577,-78.5173,-87.8736,-87.8922,-87.9023,-87.9098,-87.9164,-87.9225,-87.9282,-87.9336,-87.9387
699,-10.363,-79.3377,-87.8743,-87.8928,-87.9028,-87.9103,-87.9169,-87.9229,-87.9286,-87.934,-87.9391
700,-10.4679,-80.1343,-87.875,-87.8933,-87.9033,-87.9108,-87.9173,-87.9233,-87.929,-87.9344,-87.9395
701,-10.5723,-80.9003,-87.8757,-87.8939,-87.9038,-87.9113,-87.9178,-87.9238,-87.9294,-87.9348,-87.9399
702,-10.6763,-81.6295,-87.8764,-87.8945,-87.9043,-87.9117,-87.9182,-87.9242,-87.9298,-87.9352,-87.9403
703,-10.7798,-82.3165,-87.8771,-87.8951,-87.9048,-87.9122,-87.9186,-87.9246,-87.9302,-87.9356,-87.9406
704,-10.8827,-82.957,-87.8778,-87.8956,-87.9053,-87.9127,-87.9191,-87.925,-87.9306,-87.936,-87.941
705,-10.9851,-83.5478,-87.8785,-87.8962,-87.9058,-87.9131,-87.9195,-87.9255,-87.9311,-87.9364,-87.9414
706,-11.0869,-84.0875,-87.8792,-87.8967,-87.9063,-87.9136,-87.92,-87.9259,-87.9315,-87.9368,-87.9418
707,-11.1881,-84.5757,-87.8799,-87.8973,-87.9068,-87.9141,-87.9204,-87.9263,-87.9319,-87.9371,-87.9421
708,-11.2887,-85.0133,-87.8806,-87.8978,-87.9073,-87.9145,-87.9208,-87.9267,-87.9323,-87.9375,-87.9425
709,-11.3887,-85.4024,-87.8813,-87.8984,-87.9078,-87.915,-87.9213,-87.9271,-87.9326,-87.9379,-87.9429
710,-11.488,-85.7457,-87.8819,-87.8989,-87.9083,-87.9154,-87.9217,-87.9275,-87.933,-87.9383,-87.9432
711,-11.5866,-86.0465,-87.8826,-87.8995,-87.9088,-87.9159,-87.9221,-87.9279,-87.9334,-87.9387,-87.9436
712,-11.6844,-86.3084,-87.8833,-87.9,-87.9093,-87.9163,-87.9225,-87.9283,-87.9338,-87.939,-87.944
713,-11.7816,-86.5354,-87.884,-87.9006,-87.9097,-87.9168,-87.923,-87.9287,-87.9342,-87.9394,-87.9443
714,-11.8779,-86.7311,-87.8846,-87.9011,-87.9102,-87.9172,-87.9234,-87.9291,-87.9346,-87.9398,-87.9447
715,-11.9735,-86.8993,-87.8853,-87.9016,-87.9107,-87.9177,-87.9238,-87.9295,-87.935,-87.9401,-87.9451
716,-12.0684,-87.0432,-87.8859,-87.9022,-87.9112,-87.9181,-87.9242,-87.9299,-87.9354,-87.9405,-87.9454
717,-12.1623,-87.166,-87.8866,-87.9027,-87.9116,-87.9185,-87.9246,-87.9303,-87.9357,-87.9409,-87.9458
718,-12.2555,-87.2706,-87.8872,-87.9032,-87.9121,-87.919,-87.925,-87.9307,-87.9361,-87.9412,-87.9461
719,-12.3478,-87.3595,-87.8879,-87.9037,-87.9126,-87.9194,-87.9254,-87.9311,-87.9365,-87.9416,-87.9465
720,-12.4392,-87.4349,-87.8885,-87.9043,-87.913,-87.9198,-87.9259,-87.9315,-87.9369,-87.942,-87.9468
721,-12.5298,-87.4988,-87.8891,-87.9048,-87.9135,-87.9203,-87.9263,-87.9319,-87.9372,-87.9423,-87.9472
722,-12.6194,-87.5529,-87.8898,-87.9053,-87.9139,-87.9207,-87.9267,-87.9323,-87.9376,-87.9427,-87.9475
723,-12.7082,-87.5987,-87.8904,-87.9058,-87.9144,-87.9211,-87.9271,-87.9327,-87.938,-87.943,-87.9479
724,-12.796,-87.6374,-87.891,-87.9063,-87.9149,-87.9215,-87.9275,-87.933,-87.9384,-87.9434,-87.9482
725,-12.8829,-87.6702,-87.8917,-87.9068,-87.9153,-87.9219,-87.9279,-87.9334,-87.9387,-87.9438,-87.9485
726,-12.9688,-87.6979,-87.8923,-87.9073,-87.9158,-87.9224,-87.9283,-87.9338,-87.9391,-87.9441,-87.9489
727,-13.0538,-87.7214,-87.8929,-87.9078,-87.9162,-87.9228,-87.9287,-87.9342,-87.9394,-87.9445,-87.9492
728,-13.1379,-87.7413,-87.8935,-87.9083,-87.9166,-87.9232,-87.929,-87.9346,-87.9398,-87.9448,-87.9495
729,-13.2209,-87.7582,-87.8941,-87.9088,-87.9171,-87.9236,-87.9294,-87.9349,-87.9402,-87.9451,-87.9499
730,-13.303,-87.7725,-87.8947,-87.9093,-87.9175,-87.924,-87.9298,-87.9353,-87.9405,-87.9455,-87.9502
731,-13.3841,-87.7847,-87.8953,-87.9098,-87.918,-87.9244,-87.9302,-87.9357,-87.9409,-87.9458,-87.9505
732,-13.4643,-87.7951,-87.8959,-87.9103,-87.9184,-87.9248,-87.9306,-87.936,-87.9412,-87.9462,-87.9509
733,-13.5434,-87.8039,-87.8965,-87.9108,-87.9188,-87.9252,-87.931,-87.9364,-87.9416,-87.9465,-87.9512
734,-13.6216,-87.8115,-87.8971,-87.9112,-87.9193,-87.9256,-87.9314,-87.9368,-87.9419,-87.9469,-87.9515
735,-13.6988,-87.8181,-87.8977,-87.9117,-87.9197,-87.926,-87.9317,-87.9371,-87.9423,-87.9472,-87.9519
736,-13.7749,-87.8237,-87.8983,-87.9122,-87.9201,-87.9264,-87.9321,-87.9375,-87.9426,-87.9475,-87.9522
737,-13.8502,-87.8286,-87.8989,-87.9127,-87.9206,-87.9268,-87.9325,-87.9379,-87.943,-87.9479,-87.9525
738,-13.9244,-87.8329,-87.8994,-87.9132,-87.921,-87.9272,-87.9329,-87.9382,-87.9433,-87.9482,-87.9528
739,-13.9976,-87.8366,-87.9,-87.9136,-87.9214,-87.9276,-87.9332,-87.9386,-87.9437,-87.9485,-87.9531
740,-14.0699,-87.8399,-87.9006,-87.9141,-87.9218,-87.928,-87.9336,-87.9389,-87.944,-87.9489,-87.9535
741,-14.1412,-87.8428,-87.9012,-87.9146,-87.9222,-87.9284,-87.934,-87.9393,-87.9443,-87.9492,-87.9538
742,-14.2116,-87.8453,-87.9017,-87.915,-87.9226,-87.9288,-87.9343,-87.9396,-87.9447,-87.9495,-87.9541
743,-14.281,-87.8477,-87.9023,-87.9155,-87.9231,-87.9292,-87.9347,-87.94,-87.945,-87.9498,-87.9544
744,-14.3494,-87.8498,-87.9029,-87.9159,-87.9235,-87.9295,-87.9351,-87.9403,-87.9453,-87.9502,-87.9547
745,-14.4169,-87.8517,-87.9034,-87.9164,-87.9239,-87.9299,-87.9354,-87.9407,-87.9457,-87.9505,-87.955
746,-14.4835,-87.8534,-87.904,-87.9168,-87.9243,-87.9303,-87.9358,-87.941,-87.946,-87.9508,-87.9553
747,-14.5491,-87.855,-87.9045,-87.9173,-87.9247,-87.9307,-87.9361,-87.9414,-87.9463,-87.9511,-87.9556
748,-14.6138,-87.8565,-87.9051,-87.9177,-87.9251,-87.9311,-87.9365,-87.9417,-87.9467,-87.9514,-87.956
749,-14.6776,-87.8579,-87.9056,-87.9182,-87.9255,-87.9314,-87.9369,-87.942,-87.947,-87.9517,-87.9563
750,-14.7405,-87.8592,-87.9062,-87.9186,-87.9259,-87.9318,-87.9372,-87.9424,-87.9473,-87.9521,-87.9566
751,-14.8026,-87.8605,-87.9067,-87.9191,-87.9263,-87.9322,-87.9376,-87.9427,-87.9476,-87.9524,-87.9569
752,-14.8637,-87.8617,-87.9073,-87.9195,-87.9267,-87.9325,-87.9379,-87.943,-87.948,-87.9527,-87.9572
753,-14.9239,-87.8628,-87.9078,-87.92,-87.9271,-87.9329,-87.9383,-87.9434,-87.9483,-87.953,-87.9575
754,-14.9833,-87.8639,-87.9083,-87.9204,-87.9275,-87.9333,-87.9386,-87.9437,-87.9486,-87.9533,-87.9578
755,-15.0418,-87.865,-87.9089,-87.9208,-87.9279,-87.9336,-87.9389,-87.944,-87.9489,-87.9536,-87.9581
756,-15.0995,-87.866,-87.9094,-87.9213,-87.9282,-87.934,-87.9393,-87.9444,-87.9492,-87.9539,-87.9583
757,-15.1563,-87.867,-87.9099,-87.9217,-87.9286,-87.9343,-87.9396,-87.9447,-87.9496,-87.9542,-87.9586
758,-15.2123,-87.8679,-87.9104,-87.9221,-87.929,-87.9347,-87.94,-87.945,-87.9499,-87.9545,-87.9589
759,-15.2674,-87.8689,-87.9109,-87.9225,-87.9294,-87.9351,-87.9403,-87.9453,-87.9502,-87.9548,-87.9592
760,-15.3218,-87.8698,-87.9115,-87.923,-87.9298,-87.9354,-87.9406,-87.9457,-87.9505,-87.9551,-87.9595
761,-15.3753,-87.8707,-87.912,-87.9234,-87.9301,-87.9358,-87.941,-87.946,-87.9508,-87.9554,-87.9598
762,-15.428,-87.8717,-87.9125,-87.9238,-87.9305,-87.9361,-87.9413,-87.9463,-87.9511,-87.9557,-87.9601
763,-15.4799,-87.8725,-87.913,-87.9242,-87.9309,-87.9365,-87.9416,-87.9466,-87.9514,-87.956,-87.9604
764,-15.531,-87.8734,-87.9135,-87.9246,-87.9313,-87.9368,-87.942,-87.9469,-87.9517,-87.9563,-87.9607
765,-15.5814,-87.8743,-87.914,-87.925,-87.9316,-87.9372,-87.9423,-87.9472,-87.952,-87.9566,-87.9609
766,-15.6309,-87.8751,-87.9145,-87.9255,-87.932,-87.9375,-87.9426,-87.9476,-87.9523,-87.9569,-87.9612
767,-15.6796,-87.876,-87.915,-87.9259,-87.9324,-87.9378,-87.9429,-87.9479,-87.9526,-87.9572,-87.9615
768,-15.7276,-87.8768,-87.9155,-87.9263,-87.9327,-87.9382,-87.9433,-87.9482,-87.9529,-87.9575,-87.9618
769,-15.7748,-87.8777,-87.916,-87.9267,-87.9331,-87.9385,-87.9436,-87.9485,-87.9532,-87.9577,-87.9621
770,-15.8213,-87.8785,-87.9165,-87.9271,-87.9335,-87.9389,-87.9439,-87.9488,-87.9535,-87.958,-87.9623
771,-15.8669,-87.8793,-87.917,-87.9275,-87.9338,-87.9392,-87.9442,-87.9491,-87.9538,-87.9583,-87.9626
772,-15.9118,-87.8801,-87.9174,-87.9279,-87.9342,-87.9395,-87.9445,-87.9494,-87.9541,-87.9586,-87.9629
773,-15.956,-87.8809,-87.9179,-87.9283,-87.9345,-87.9399,-87.9449,-87.9497,-87.9544,-87.9589,-87.9632
774,-15.9994,-87.8817,-87.9184,-87.9287,-87.9349,-87.9402,-87.9452,-87.95,-87.9547,-87.9592,-87.9634
775,-16.042,-87.8825,-87.9189,-87.929,-87.9352,-87.9405,-87.9455,-87.9503,-87.955,-87.9594,-87.9637
776,-16.0839,-87.8833,-87.9194,-87.9294,-87.9356,-87.9408,-87.9458,-87.9506,-87.9552,-87.9597,-87.964
777,-16.125,-87.8841,-87.9198,-87.9298,-87.9359,-87.9412,-87.9461,-87.9509,-87.9555,-87.96,-87.9642
778,-16.1653,-87.8849,-87.9203,-87.9302,-87.9363,-87.9415,-87.9464,-87.9512,-87.9558,-87.9603,-87.9645
779,-16.2049,-87.8856,-87.9208,-87.9306,-87.9366,-87.9418,-87.9467,-87.9515,-87.9561,-87.9605,-87.9648
780,-16.2438,-87.8864,-87.9212,-87.931,-87.937,-87.9421,-87.947,-87.9518,-87.9564,-87.9608,-87.965
781,-16.2819,-87.8872,-87.9217,-87.9314,-87.9373,-87.9425,-87.9473,-87.9521,-87.9567,-87.9611,-87.9653
782,-16.3192,-87.8879,-87.9221,-87.9317,-87.9376,-87.9428,-87.9476,-87.9524,-87.9569,-87.9614,-87.9656
783,-16.3558,-87.8887,-87.9226,-87.9321,-87.938,-87.9431,-87.9479,-87.9526,-87.9572,-87.9616,-87.9658
784,-16.3916,-87.8894,-87.9231,-87.9325,-87.9383,-87.9434,-87.9482,-87.9529,-87.9575,-87.9619,-87.9661
785,-16.4267,-87.8901,-87.9235,-87.9329,-87.9387,-87.9437,-87.9485,-87.9532,-87.9578,-87.9622,-87.9663
786,-16.461,-87.8909,-87.924,-87.9332,-87.939,-87.944,-87.9488,-87.9535,-87.958,-87.9624,-87.9666
787,-16.4946,-87.8916,-87.9244,-87.9336,-87.9393,-87.9443,-87.9491,-87.9538,-87.9583,-87.9627,-87.9668
788,-16.5274,-87.8923,-87.9249,-87.934,-87.9397,-87.9446,-87.9494,-87.9541,-87.9586,-87.9629,-87.9671
789,-16.5595,-87.8931,-87.9253,-87.9343,-87.94,-87.945,-87.9497,-87.9543,-87.9589,-87.9632,-87.9674
790,-16.5908,-87.8938,-87.9257,-87.9347,-87.9403,-87.9453,-87.95,-87.9546,-87.9591,-87.9635,-87.9676
791,-16.6213,-87.8945,-87.9262,-87.9351,-87.9406,-87.9456,-87.9503,-87.9549,-87.9594,-87.9637,-87.9679
792,-16.651,-87.8952,-87.9266,-87.9354,-87.941,-87.9459,-87.9506,-87.9552,-87.9597,-87.964,-87.9681
793,-16.6801,-87.8959,-87.927,-87.9358,-87.9413,-87.9462,-87.9509,-87.9555,-87.9599,-87.9642,-87.9684
794,-16.7083,-87.8966,-87.9275,-87.9361,-87.9416,-87.9465,-87.9511,-87.9557,-87.9602,-87.9645,-87.9686
795,-16.7358,-87.8973,-87.9279,-87.9365,-87.9419,-87.9468,-87.9514,-87.956,-87.9605,-87.9648,-87.9689
796,-16.7625,-87.898,-87.9283,-87.9368,-87.9422,-87.9471,-87.9517,-87.9563,-87.9607,-87.965,-87.9691
797,-16.7884,-87.8987,-87.9288,-87.9372,-87.9426,-87.9474,-87.952,-87.9565,-87.961,-87.9653,-87.9693
798,-16.8136,-87.8994,-87.9292,-87.9375,-87.9429,-87.9476,-87.9523,-87.9568,-87.9612,-87.9655,-87.9696
799,-16.838,-87.9001,-87.9296,-87.9379,-87.9432,-87.9479,-87.9525,-87.9571,-87.9615,-87.9658,-87.9698
800,-16.8616,-87.9008,-87.93,-87.9382,-87.9435,-87.9482,-87.9528,-87.9573,-87.9618,-87.966,-87.9701
801,-16.8844,-87.9014,-87.9304,-87.9386,-87.9438,-87.9485,-87.9531,-87.9576,-87.962,-87.9663,-87.9703
802,-16.9065,-87.9021,-87.9309,-87.9389,-87.9441,-87.9488,-87.9534,-87.9579,-87.9623,-87.9665,-87.9705
803,-16.9278,-87.9028,-87.9313,-87.9392,-87.9444,-87.9491,-87.9536,-87.9581,-87.9625,-87.9667,-87.9708
804,-16.9483,-87.9034,-87.9317,-87.9396,-87.9447,-87.9494,-87.9539,-87.9584,-87.9628,-87.967,-87.971
805,-16.968,-87.9041,-87.9321,-87.9399,-87.945,-87.9497,-87.9542,-87.9587,-87.963,-87.9672,-87.9713
806,-16.9869,-87.9048,-87.9325,-87.9403,-87.9453,-87.95,-87.9545,-87.9589,-87.9633,-87.9675,-87.9715
807,-17.0051,-87.9054,-87.9329,-87.9406,-87.9456,-87.9502,-87.9547,-87.9592,-87.9635,-87.9677,-87.9717
808,-17.0225,-87.9061,-87.9333,-87.9409,-87.9459,-87.9505,-87.955,-87.9594,-87.9638,-87.968,-87.972
809,-17.039,-87.9067,-87.9337,-87.9413,-87.9462,-87.9508,-87.9553,-87.9597,-87.964,-87.9682,-87.9722
810,-17.0548,-87.9073,-87.9341,-87.9416,-87.9465,-87.9511,-87.9555,-87.9599,-87.9643,-87.9684,-87.9724
811,-17.0698,-87.908,-87.9345,-87.9419,-87.9468,-87.9513,-87.9558,-87.9602,-87.9645,-87.9687,-87.9726
812,-17.084,-87.9086,-87.9349,-87.9422,-87.9471,-87.9516,-87.9561,-87.9604,-87.9647,-87.9689,-87.9729
813,-17.0974,-87.9092,-87.9353,-87.9426,-87.9474,-87.9519,-87.9563,-87.9607,-87.965,-87.9691,-87.9731
814,-17.11,-87.9099,-87.9357,-87.9429,-87.9477,-87.9522,-87.9566,-87.9609,-87.9652,-87.9694,-87.9733
815,-17.1218,-87.9105,-87.936,-87.9432,-87.948,-87.9524,-87.9568,-87.9612,-87.9655,-87.9696,-87.9736
816,-17.1328,-87.9111,-87.9364,-87.9435,-87.9483,-87.9527,-87.9571,-87.9614,-87.9657,-87.9698,-87.9738
817,-17.1431,-87.9117,-87.9368,-87.9438,-87.9486,-87.953,-87.9573,-87.9617,-87.9659,-87.9701,-87.974
818,-17.1525,-87.9123,-87.9372,-87.9442,-87.9488,-87.9532,-87.9576,-87.9619,-87.9662,-87.9703,-87.9742
819,-17.161,-87.913,-87.9376,-87.9445,-87.9491,-87.9535,-87.9579,-87.9622,-87.9664,-87.9705,-87.9744
820,-17.1688,-87.9136,-87.938,-87.9448,-87.9494,-87.9538,-87.9581,-87.9624,-87.9667,-87.9707,-87.9747
821,-17.1758,-87.9142,-87.9383,-87.9451,-87.9497,-87.954,-87.9584,-87.9627,-87.9669,-87.971,-87.9749
822,-17.182,-87.9148,-87.9387,-87.9454,-87.95,-87.9543,-87.9586,-87.9629,-87.9671,-87.9712,-87.9751
823,-17.1873,-87.9154,-87.9391,-87.9457,-87.9502,-87.9546,-87.9589,-87.9631,-87.9673,-87.9714,-87.9753
824,-17.1918,-87.9159,-87.9394,-87.946,-87.9505,-87.9548,-87.9591,-87.9634,-87.9676,-87.9716,-87.9755
825,-17.1955,-87.9165,-87.9398,-87.9463,-87.9508,-87.9551,-87.9593,-87.9636,-87.9678,-87.9719,-87.9758
826,-17.1984,-87.9171,-87.9402,-87.9466,-87.9511,-87.9553,-87.9596,-87.9639,-87.968,-87.9721,-87.976
827,-17.2005,-87.9177,-87.9405,-87.9469,-87.9513,-87.9556,-87.9598,-87.9641,-87.9683,-87.9723,-87.9762
828,-17.2017,-87.9183,-87.9409,-87.9472,-87.9516,-87.9558,-87.9601,-87.9643,-87.9685,-87.9725,-87.9764
829,-17.2022,-87.9189,-87.9413,-87.9475,-87.9519,-87.9561,-87.9603,-87.9646,-87.9687,-87.9727,-87.9766
830,-17.2017,-87.9194,-87.9416,-87.9478,-87.9522,-87.9564,-87.9606,-87.9648,-87.9689,-87.973,-87.9768
831,-17.2005,-87.92,-87.942,-87.9481,-87.9524,-87.9566,-87.9608,-87.965,-87.9692,-87.9732,-87.977
832,-17.1984,-87.9206,-87.9423,-87.9484,-87.9527,-87.9569,-87.961,-87.9652,-87.9694,-87.9734,-87.9772
833,-17.1955,-87.9211,-87.9427,-87.9487,-87.953,-87.9571,-87.9613,-87.9655,-87.9696,-87.9736,-87.9774
834,-17.1918,-87.9217,-87.943,-87.949,-87.9532,-87.9574,-87.9615,-87.9657,-87.9698,-87.9738,-87.9776
835,-17.1872,-87.9222,-87.9434,-87.9493,-87.9535,-87.9576,-87.9618,-87.9659,-87.97,-87.974,-87.9779
836,-17.1817,-87.9228,-87.9437,-87.9496,-87.9537,-87.9578,-87.962,-87.9662,-87.9703,-87.9742,-87.9781
837,-17.1755,-87.9233,-87.9441,-87.9499,-87.954,-87.9581,-87.9622,-87.9664,-87.9705,-87.9744,-87.9783
838,-17.1684,-87.9239,-87.9444,-87.9502,-87.9543,-87.9583,-87.9625,-87.9666,-87.9707,-87.9747,-87.9785
839,-17.1604,-87.9244,-87.9448,-87.9504,-87.9545,-87.9586,-87.9627,-87.9668,-87.9709,-87.9749,-87.9787
840,-17.1516,-87.925,-87.9451,-87.9507,-87.9548,-87.9588,-87.9629,-87.967,-87.9711,-87.9751,-87.9789
841,-17.1419,-87.9255,-87.9455,-87.951,-87.955,-87.9591,-87.9631,-87.9673,-87.9713,-87.9753,-87.9791
842,-17.1314,-87.9261,-87.9458,-87.9513,-87.9553,-87.9593,-87.9634,-87.9675,-87.9715,-87.9755,-87.9793
843,-17.1201,-87.9266,-87.9461,-87.9516,-87.9555,-87.9595,-87.9636,-87.9677,-87.9718,-87.9757,-87.9795
844,-17.1078,-87.9271,-87.9465,-87.9518,-87.9558,-87.9598,-87.9638,-87.9679,-87.972,-87.9759,-87.9797
845,-17.0948,-87.9276,-87.9468,-87.9521,-87.956,-87.96,-87.964,-87.9681,-87.9722,-87.9761,-87.9799
846,-17.0808,-87.9282,-87.9471,-87.9524,-87.9563,-87.9602,-87.9643,-87.9683,-87.9724,-87.9763,-87.9801
847,-17.066,-87.9287,-87.9475,-87.9527,-87.9565,-87.9605,-87.9645,-87.9686,-87.9726,-87.9765,-87.9803
848,-17.0504,-87.9292,-87.9478,-87.9529,-87.9568,-87.9607,-87.9647,-87.9688,-87.9728,-87.9767,-87.9804
849,-17.0338,-87.9297,-87.9481,-87.9532,-87.957,-87.9609,-87.9649,-87.969,-87.973,-87.9769,-87.9806
850,-17.0165,-87.9302,-87.9484,-87.9535,-87.9573,-87.9612,-87.9652,-87.9692,-87.9732,-87.9771,-87.9808
851,-16.9982,-87.9307,-87.9488,-87.9538,-87.9575,-87.9614,-87.9654,-87.9694,-87.9734,-87.9773,-87.981
852,-16.9791,-87.9313,-87.9491,-87.954,-87.9578,-87.9616,-87.9656,-87.9696,-87.9736,-87.9775,-87.9812
853,-16.9591,-87.9318,-87.9494,-87.9543,-87.958,-87.9618,-87.9658,-87.9698,-87.9738,-87.9777,-87.9814
854,-16.9382,-87.9323,-87.9497,-87.9546,-87.9583,-87.9621,-87.966,-87.97,-87.974,-87.9779,-87.9816
855,-16.9165,-87.9328,-87.95,-87.9548,-87.9585,-87.9623,-87.9662,-87.9702,-87.9742,-87.9781,-87.9818
856,-16.8939,-87.9333,-87.9503,-87.9551,-87.9587,-87.9625,-87.9664,-87.9704,-87.9744,-87.9783,-87.982
857,-16.8704,-87.9337,-87.9507,-87.9553,-87.959,-87.9627,-87.9667,-87.9707,-87.9746,-87.9785,-87.9822
858,-16.8461,-87.9342,-87.951,-87.9556,-87.9592,-87.963,-87.9669,-87.9709,-87.9748,-87.9786,-87.9823
859,-16.8208,-87.9347,-87.9513,-87.9559,-87.9594,-87.9632,-87.9671,-87.9711,-87.975,-87.9788,-87.9825
860,-16.7947,-87.9352,-87.9516,-87.9561,-87.9597,-87.9634,-87.9673,-87.9713,-87.9752,-87.979,-87.9827
861,-16.7678,-87.9357,-87.9519,-87.9564,-87.9599,-87.9636,-87.9675,-87.9715,-87.9754,-87.9792,-87.9829
862,-16.7399,-87.9362,-87.9522,-87.9566,-87.9601,-87.9638,-87.9677,-87.9717,-87.9756,-87.9794,-87.9831
863,-16.7112,-87.9367,-87.9525,-87.9569,-87.9604,-87.9641,-87.9679,-87.9719,-87.9758,-87.9796,-87.9833
864,-16.6816,-87.9371,-87.9528,-87.9571,-87.9606,-87.9643,-87.9681,-87.9721,-87.976,-87.9798,-87.9834
865,-16.6512,-87.9376,-87.9531,-87.9574,-87.9608,-87.9645,-87.9683,-87.9723,-87.9762,-87.98,-87.9836
866,-16.6198,-87.9381,-87.9534,-87.9576,-87.961,-87.9647,-87.9685,-87.9724,-87.9763,-87.9801,-87.9838
867,-16.5876,-87.9385,-87.9537,-87.9579,-87.9613,-87.9649,-87.9687,-87.9726,-87.9765,-87.9803,-87.984
868,-16.5545,-87.939,-87.954,-87.9581,-87.9615,-87.9651,-87.9689,-87.9728,-87.9767,-87.9805,-87.9842
869,-16.5206,-87.9395,-87.9543,-87.9584,-87.9617,-87.9653,-87.9691,-87.973,-87.9769,-87.9807,-87.9843
870,-16.4857,-87.9399,-87.9546,-87.9586,-87.9619,-87.9655,-87.9693,-87.9732,-87.9771,-87.9809,-87.9845
871,-16.4501,-87.9404,-87.9549,-87.9589,-87.9622,-87.9657,-87.9695,-87.9734,-87.9773,-87.9811,-87.9847
872,-16.4135,-87.9408,-87.9552,-87.9591,-87.9624,-87.966,-87.9697,-87.9736,-87.9775,-87.9812,-87.9849
873,-16.3761,-87.9413,-87.9555,-87.9594,-87.9626,-87.9662,-87.9699,-87.9738,-87.9777,-87.9814,-87.985
874,-16.3378,-87.9417,-87.9557,-87.9596,-87.9628,-87.9664,-87.9701,-87.974,-87.9778,-87.9816,-87.9852
875,-16.2986,-87.9422,-87.956,-87.9598,-87.963,-87.9666,-87.9703,-87.9742,-87.978,-87.9818,-87.9854
876,-16.2587,-87.9426,-87.9563,-87.9601,-87.9633,-87.9668,-87.9705,-87.9744,-87.9782,-87.9819,-87.9855
877,-16.2178,-87.9431,-87.9566,-87.9603,-87.9635,-87.967,-87.9707,-87.9745,-87.9784,-87.9821,-87.9857
878,-16.1761,-87.9435,-87.9569,-87.9605,-87.9637,-87.9672,-87.9709,-87.9747,-87.9786,-87.9823,-87.9859
879,-16.1335,-87.9439,-87.9572,-87.9608,-87.9639,-87.9674,-87.9711,-87.9749,-87.9787,-87.9825,-87.9861
880,-16.0902,-87.9444,-87.9574,-87.961,-87.9641,-87.9676,-87.9713,-87.9751,-87.9789,-87.9826,-87.9862
881,-16.0459,-87.9448,-87.9577,-87.9612,-87.9643,-87.9678,-87.9715,-87.9753,-87.9791,-87.9828,-87.9864
882,-16.0009,-87.9452,-87.958,-87.9615,-87.9645,-87.968,-87.9717,-87.9755,-87.9793,-87.983,-87.9866
883,-15.955,-87.9457,-87.9583,-87.9617,-87.9647,-87.9682,-87.9718,-87.9757,-87.9794,-87.9832,-87.9867
884,-15.9082,-87.9461,-87.9585,-87.9619,-87.9649,-87.9684,-87.972,-87.9758,-87.9796,-87.9833,-87.9869
885,-15.8607,-87.9465,-87.9588,-87.9622,-87.9652,-87.9686,-87.9722,-87.976,-87.9798,-87.9835,-87.9871
886,-15.8123,-87.9469,-87.9591,-87.9624,-87.9654,-87.9688,-87.9724,-87.9762,-87.98,-87.9837,-87.9872
887,-15.7632,-87.9474,-87.9594,-87.9626,-87.9656,-87.9689,-87.9726,-87.9764,-87.9801,-87.9838,-87.9874
888,-15.7132,-87.9478,-87.9596,-87.9628,-87.9658,-87.9691,-87.9728,-87.9765,-87.9803,-87.984,-87.9875
889,-15.6624,-87.9482,-87.9599,-87.9631,-87.966,-87.9693,-87.973,-87.9767,-87.9805,-87.9842,-87.9877
890,-15.6109,-87.9486,-87.9602,-87.9633,-87.9662,-87.9695,-87.9731,-87.9769,-87.9807,-87.9843,-87.9879
891,-15.5585,-87.949,-87.9604,-87.9635,-87.9664,-87.9697,-87.9733,-87.9771,-87.9808,-87.9845,-87.988
892,-15.5054,-87.9494,-87.9607,-87.9637,-87.9666,-87.9699,-87.9735,-87.9772,-87.981,-87.9847,-87.9882
893,-15.4515,-87.9498,-87.9609,-87.9639,-87.9668,-87.9701,-87.9737,-87.9774,-87.9812,-87.9848,-87.9883
894,-15.3969,-87.9502,-87.9612,-87.9642,-87.967,-87.9703,-87.9739,-87.9776,-87.9813,-87.985,-87.9885
895,-15.3415,-87.9506,-87.9615,-87.9644,-87.9672,-87.9705,-87.974,-87.9778,-87.9815,-87.9851,-87.9887
896,-15.2853,-87.951,-87.9617,-87.9646,-87.9674,-87.9706,-87.9742,-87.9779,-87.9817,-87.9853,-87.9888
897,-15.2285,-87.9514,-87.962,-87.9648,-87.9676,-87.9708,-87.9744,-87.9781,-87.9818,-87.9855,-87.989
898,-15.1709,-87.9518,-87.9622,-87.965,-87.9678,-87.971,-87.9746,-87.9783,-87.982,-87.9856,-87.9891
899,-15.1126,-87.9522,-87.9625,-87.9652,-87.968,-87.9712,-87.9747,-87.9784,-87.9822,-87.9858,-87.9893
900,-15.0536,-87.9526,-87.9627,-87.9655,-87.9682,-87.9714,-87.9749,-87.9786,-87.9823,-87.9859,-87.9894
901,-14.9939,-87.953,-87.963,-87.9657,-87.9683,-87.9716,-87.9751,-87.9788,-87.9825,-87.9861,-87.9896
902,-14.9335,-87.9534,-87.9632,-87.9659,-87.9685,-87.9717,-87.9753,-87.979,-87.9826,-87.9863,-87.9897
903,-14.8724,-87.9538,-87.9635,-87.9661,-87.9687,-87.9719,-87.9754,-87.9791,-87.9828,-87.9864,-87.9899
904,-14.8107,-87.9542,-87.9637,-87.9663,-87.9689,-87.9721,-87.9756,-87.9793,-87.983,-87.9866,-87.9901
905,-14.7483,-87.9545,-87.964,-87.9665,-87.9691,-87.9723,-87.9758,-87.9794,-87.9831,-87.9867,-87.9902
906,-14.6853,-87.9549,-87.9642,-87.9667,-87.9693,-87.9725,-87.9759,-87.9796,-87.9833,-87.9869,-87.9904
907,-14.6217,-87.9553,-87.9645,-87.9669,-87.9695,-87.9726,-87.9761,-87.9798,-87.9834,-87.987,-87.9905
908,-14.5575,-87.9557,-87.9647,-87.9671,-87.9697,-87.9728,-87.9763,-87.9799,-87.9836,-87.9872,-87.9907
909,-14.4926,-87.956,-87.965,-87.9673,-87.9698,-87.973,-87.9765,-87.9801,-87.9838,-87.9873,-87.9908
910,-14.4272,-87.9564,-87.9652,-87.9675,-87.97,-87.9732,-87.9766,-87.9803,-87.9839,-87.9875,-87.9909
911,-14.3612,-87.9568,-87.9654,-87.9677,-87.9702,-87.9733,-87.9768,-87.9804,-87.9841,-87.9876,-87.9911
912,-14.2947,-87.9571,-87.9657,-87.9679,-87.9704,-87.9735,-87.977,-87.9806,-87.9842,-87.9878,-87.9912
913,-14.2276,-87.9575,-87.9659,-87.9681,-87.9706,-87.9737,-87.9771,-87.9807,-87.9844,-87.9879,-87.9914
914,-14.16,-87.9579,-87.9662,-87.9683,-87.9708,-87.9738,-87.9773,-87.9809,-87.9845,-87.9881,-87.9915
915,-14.0919,-87.9582,-87.9664,-87.9685,-87.9709,-87.974,-87.9774,-87.981,-87.9847,-87.9882,-87.9917
916,-14.0232,-87.9586,-87.9666,-87.9687,-87.9711,-87.9742,-87.9776,-87.9812,-87.9848,-87.9884,-87.9918
917,-13.9541,-87.959,-87.9669,-87.9689,-87.9713,-87.9744,-87.9778,-87.9814,-87.985,-87.9885,-87.992
918,-13.8846,-87.9593,-87.9671,-87.9691,-87.9715,-87.9745,-87.9779,-87.9815,-87.9851,-87.9887,-87.9921
919,-13.8146,-87.9597,-87.9673,-87.9693,-87.9717,-87.9747,-87.9781,-87.9817,-87.9853,-87.9888,-87.9922
920,-13.7441,-87.96,-87.9675,-87.9695,-87.9718,-87.9749,-87.9782,-87.9818,-87.9854,-87.989,-87.9924
921,-13.6732,-87.9604,-87.9678,-87.9697,-87.972,-87.975,-87.9784,-87.982,-87.9856,-87.9891,-87.9925
922,-13.602,-87.9607,-87.968,-87.9699,-87.9722,-87.9752,-87.9786,-87.9821,-87.9857,-87.9893,-87.9927
923,-13.5303,-87.9611,-87.9682,-87.9701,-87.9724,-87.9753,-87.9787,-87.9823,-87.9859,-87.9894,-87.9928
924,-13.4583,-87.9614,-87.9684,-87.9703,-87.9725,-87.9755,-87.9789,-87.9824,-87.986,-87.9895,-87.9929
925,-13.3859,-87.9617,-87.9687,-87.9704,-87.9727,-87.9757,-87.979,-87.9826,-87.9862,-87.9897,-87.9931
926,-13.3132,-87.9621,-87.9689,-87.9706,-87.9729,-87.9758,-87.9792,-87.9827,-87.9863,-87.9898,-87.9932
927,-13.2402,-87.9624,-87.9691,-87.9708,-87.973,-87.976,-87.9793,-87.9829,-87.9865,-87.99,-87.9934
928,-13.1669,-87.9628,-87.9693,-87.971,-87.9732,-87.9761,-87.9795,-87.983,-87.9866,-87.9901,-87.9935
929,-13.0933,-87.9631,-87.9696,-87.9712,-87.9734,-87.9763,-87.9796,-87.9832,-87.9867,-87.9902,-87.9936
930,-13.0195,-87.9634,-87.9698,-87.9714,-87.9735,-87.9765,-87.9798,-87.9833,-87.9869,-87.9904,-87.9938
931,-12.9454,-87.9638,-87.97,-87.9716,-87.9737,-87.9766,-87.9799,-87.9835,-87.987,-87.9905,-87.9939
932,-12.8711,-87.9641,-87.9702,-87.9717,-87.9739,-87.9768,-87.9801,-87.9836,-87.9872,-87.9907,-87.994
933,-12.7966,-87.9644,-87.9704,-87.9719,-87.974,-87.9769,-87.9802,-87.9838,-87.9873,-87.9908,-87.9942
934,-12.7219,-87.9648,-87.9706,-87.9721,-87.9742,-87.9771,-87.9804,-87.9839,-87.9874,-87.9909,-87.9943
935,-12.647,-87.9651,-87.9708,-87.9723,-87.9744,-87.9772,-87.9805,-87.984,-87.9876,-87.9911,-87.9944
936,-12.572,-87.9654,-87.9711,-87.9725,-87.9745,-87.9774,-87.9807,-87.9842,-87.9877,-87.9912,-87.9946
937,-12.4969,-87.9657,-87.9713,-87.9726,-87.9747,-87.9776,-87.9808,-87.9843,-87.9879,-87.9913,-87.9947
938,-12.4216,-87.966,-87.9715,-87.9728,-87.9749,-87.9777,-87.981,-87.9845,-87.988,-87.9915,-87.9948
939,-12.3463,-87.9664,-87.9717,-87.973,-87.975,-87.9779,-87.9811,-87.9846,-87.9881,-87.9916,-87.995
940,-12.2709,-87.9667,-87.9719,-87.9732,-87.9752,-87.978,-87.9813,-87.9848,-87.9883,-87.9917,-87.9951
941,-12.1954,-87.967,-87.9721,-87.9733,-87.9753,-87.9782,-87.9814,-87.9849,-87.9884,-87.9919,-87.9952
942,-12.1199,-87.9673,-87.9723,-87.9735,-87.9755,-87.9783,-87.9816,-87.985,-87.9885,-87.992,-87.9953
943,-12.0444,-87.9676,-87.9725,-87.9737,-87.9757,-87.9785,-87.9817,-87.9852,-87.9887,-87.9921,-87.9955
944,-11.9689,-87.9679,-87.9727,-87.9739,-87.9758,-87.9786,-87.9818,-87.9853,-87.9888,-87.9923,-87.9956
945,-11.8935,-87.9682,-87.9729,-87.974,-87.976,-87.9788,-87.982,-87.9854,-87.9889,-87.9924,-87.9957
946,-11.818,-87.9685,-87.9731,-87.9742,-87.9761,-87.9789,-87.9821,-87.9856,-87.9891,-87.9925,-87.9959
947,-11.7427,-87.9688,-87.9733,-87.9744,-87.9763,-87.9791,-87.9823,-87.9857,-87.9892,-87.9927,-87.996
948,-11.6674,-87.9692,-87.9735,-87.9745,-87.9764,-87.9792,-87.9824,-87.9859,-87.9893,-87.9928,-87.9961
949,-11.5923,-87.9695,-87.9737,-87.9747,-87.9766,-87.9793,-87.9826,-87.986,-87.9895,-87.9929,-87.9962
950,-11.5173,-87.9698,-87.9739,-87.9749,-87.9767,-87.9795,-87.9827,-87.9861,-87.9896,-87.993,-87.9964
951,-11.4424,-87.9701,-87.9741,-87.975,-87.9769,-87.9796,-87.9828,-87.9863,-87.9897,-87.9932,-87.9965
952,-11.3677,-87.9703,-87.9743,-87.9752,-87.977,-87.9798,-87.983,-87.9864,-87.9899,-87.9933,-87.9966
953,-11.2931,-87.9706,-87.9745,-87.9754,-87.9772,-87.9799,-87.9831,-87.9865,-87.99,-87.9934,-87.9967
954,-11.2188,-87.9709,-87.9747,-87.9755,-87.9773,-87.9801,-87.9832,-87.9867,-87.9901,-87.9935,-87.9968
955,-11.1447,-87.9712,-87.9749,-87.9757,-87.9775,-87.9802,-87.9834,-87.9868,-87.9902,-87.9937,-87.997
956,-11.0709,-87.9715,-87.9751,-87.9759,-87.9776,-87.9803,-87.9835,-87.9869,-87.9904,-87.9938,-87.9971
957,-10.9973,-87.9718,-87.9753,-87.976,-87.9778,-87.9805,-87.9836,-87.987,-87.9905,-87.9939,-87.9972
958,-10.924,-87.9721,-87.9755,-87.9762,-87.9779,-87.9806,-87.9838,-87.9872,-87.9906,-87.994,-87.9973
959,-10.851,-87.9724,-87.9757,-87.9763,-87.9781,-87.9808,-87.9839,-87.9873,-87.9908,-87.9942,-87.9974
960,-10.7783,-87.9727,-87.9758,-87.9765,-87.9782,-87.9809,-87.984,-87.9874,-87.9909,-87.9943,-87.9976
961,-10.706,-87.973,-87.976,-87.9767,-87.9784,-87.981,-87.9842,-87.9876,-87.991,-87.9944,-87.9977
962,-10.6341,-87.9732,-87.9762,-87.9768,-87.9785,-87.9812,-87.9843,-87.9877,-87.9911,-87.9945,-87.9978
963,-10.5625,-87.9735,-87.9764,-87.977,-87.9787,-87.9813,-87.9844,-87.9878,-87.9912,-87.9946,-87.9979
964,-10.4913,-87.9738,-87.9766,-87.9771,-87.9788,-87.9814,-87.9846,-87.9879,-87.9914,-87.9948,-87.998
965,-10.4206,-87.9741,-87.9768,-87.9773,-87.979,-87.9816,-87.9847,-87.9881,-87.9915,-87.9949,-87.9981
966,-10.3502,-87.9744,-87.977,-87.9774,-87.9791,-87.9817,-87.9848,-87.9882,-87.9916,-87.995,-87.9983
967,-10.2804,-87.9746,-87.9771,-87.9776,-87.9792,-87.9818,-87.985,-87.9883,-87.9917,-87.9951,-87.9984
968,-10.211,-87.9749,-87.9773,-87.9778,-87.9794,-87.982,-87.9851,-87.9884,-87.9919,-87.9952,-87.9985
969,-10.1421,-87.9752,-87.9775,-87.9779,-87.9795,-87.9821,-87.9852,-87.9886,-87.992,-87.9953,-87.9986
970,-10.0738,-87.9754,-87.9777,-87.9781,-87.9797,-87.9822,-87.9853,-87.9887,-87.9921,-87.9955,-87.9987
971,-10.006,-87.9757,-87.9779,-87.9782,-87.9798,-87.9824,-87.9855,-87.9888,-87.9922,-87.9956,-87.9988
972,-9.93867,-87.976,-87.978,-87.9784,-87.9799,-87.9825,-87.9856,-87.9889,-87.9923,-87.9957,-87.9989
973,-9.87197,-87.9763,-87.9782,-87.9785,-87.9801,-87.9826,-87.9857,-87.989,-87.9924,-87.9958,-87.9991
974,-9.80585,-87.9765,-87.9784,-87.9787,-87.9802,-87.9828,-87.9858,-87.9892,-87.9926,-87.9959,-87.9992
975,-9.74033,-87.9768,-87.9786,-87.9788,-87.9803,-87.9829,-87.986,-87.9893,-87.9927,-87.996,-87.9993
976,-9.67544,-87.977,-87.9787,-87.979,-87.9805,-87.983,-87.9861,-87.9894,-87.9928,-87.9961,-87.9994
977,-9.61119,-87.9773,-87.9789,-87.9791,-87.9806,-87.9831,-87.9862,-87.9895,-87.9929,-87.9963,-87.9995
978,-9.5476,-87.9776,-87.9791,-87.9792,-87.9807,-87.9833,-87.9863,-87.9896,-87.993,-87.9964,-87.9996
979,-9.48468,-87.9778,-87.9793,-87.9794,-87.9809,-87.9834,-87.9864,-87.9898,-87.9931,-87.9965,-87.9997
980,-9.42245,-87.9781,-87.9794,-87.9795,-87.981,-87.9835,-87.9866,-87.9899,-87.9933,-87.9966,-87.9998
981,-9.36092,-87.9783,-87.9796,-87.9797,-87.9811,-87.9837,-87.9867,-87.99,-87.9934,-87.9967,-87.9999
982,-9.30012,-87.9786,-87.9798,-87.9798,-87.9813,-87.9838,-87.9868,-87.9901,-87.9935,-87.9968,-88
983,-9.24006,-87.9788,-87.9799,-87.98,-87.9814,-87.9839,-87.9869,-87.9902,-87.9936,-87.9969,-88.0002
984,-9.18075,-87.9791,-87.9801,-87.9801,-87.9815,-87.984,-87.987,-87.9903,-87.9937,-87.997,-88.0003
985,-9.1222,-87.9794,-87.9803,-87.9803,-87.9817,-87.9841,-87.9872,-87.9905,-87.9938,-87.9971,-88.0004
986,-9.06445,-87.9796,-87.9804,-87.9804,-87.9818,-87.9843,-87.9873,-87.9906,-87.9939,-87.9973,-88.0005
987,-9.00749,-87.9799,-87.9806,-87.9805,-87.9819,-87.9844,-87.9874,-87.9907,-87.994,-87.9974,-88.0006
988,-8.95134,-87.9801,-87.9808,-87.9807,-87.9821,-87.9845,-87.9875,-87.9908,-87.9942,-87.9975,-88.0007
989,-8.89601,-87.9803,-87.9809,-87.9808,-87.9822,-87.9846,-87.9876,-87.9909,-87.9943,-87.9976,-88.0008
990,-8.84153,-87.9806,-87.9811,-87.981,-87.9823,-87.9848,-87.9877,-87.991,-87.9944,-87.9977,-88.0009
991,-8.7879,-87.9808,-87.9813,-87.9811,-87.9824,-87.9849,-87.9879,-87.9911,-87.9945,-87.9978,-88.001
992,-8.73513,-87.9811,-87.9814,-87.9812,-87.9826,-87.985,-87.988,-87.9912,-87.9946,-87.9979,-88.0011
993,-8.68324,-87.9813,-87.9816,-87.9814,-87.9827,-87.9851,-87.9881,-87.9914,-87.9947,-87.998,-88.0012
994,-8.63224,-87.9816,-87.9817,-87.9815,-87.9828,-87.9852,-87.9882,-87.9915,-87.9948,-87.9981,-88.0013
995,-8.58214,-87.9818,-87.9819,-87.9816,-87.9829,-87.9853,-87.9883,-87.9916,-87.9949,-87.9982,-88.0014
996,-8.53295,-87.982,-87.9821,-87.9818,-87.9831,-87.9855,-87.9884,-87.9917,-87.995,-87.9983,-88.0015
997,-8.48469,-87.9823,-87.9822,-87.9819,-87.9832,-87.9856,-87.9885,-87.9918,-87.9951,-87.9984,-88.0016
998,-8.43736,-87.9825,-87.9824,-87.982,-87.9833,-87.9857,-87.9887,-87.9919,-87.9952,-87.9985,-88.0017
999,-8.39097,-87.9827,-87.9825,-87.9822,-87.9834,-87.9858,-87.9888,-87.992,-87.9953,-87.9986,-88.0018
1000,-8.34553,-87.983,-87.9827,-87.9823,-87.9835,-87.9859,-87.9889,-87.9921,-87.9954,-87.9987,-88.0019
