-10,-85.5025,-85.4875,-85.4745,-85.463,-85.4528,-85.4437,-85.4359,-85.4294,-85.4241,-85.4199,-85.4167
-9,-85.5026,-85.4876,-85.4746,-85.4631,-85.4529,-85.4438,-85.436,-85.4295,-85.4242,-85.42,-85.4168
-8,-85.5027,-85.4877,-85.4747,-85.4632,-85.453,-85.4439,-85.4361,-85.4296,-85.4243,-85.4201,-85.4168
-7,-85.5028,-85.4878,-85.4748,-85.4633,-85.4531,-85.444,-85.4362,-85.4296,-85.4244,-85.4202,-85.4169
-6,-85.5029,-85.4879,-85.4749,-85.4634,-85.4531,-85.4441,-85.4363,-85.4297,-85.4245,-85.4203,-85.417
-5,-85.5029,-85.488,-85.475,-85.4635,-85.4532,-85.4442,-85.4364,-85.4298,-85.4245,-85.4204,-85.4171
-4,-85.503,-85.4881,-85.4751,-85.4636,-85.4533,-85.4443,-85.4365,-85.4299,-85.4246,-85.4205,-85.4172
-3,-85.5031,-85.4882,-85.4752,-85.4637,-85.4534,-85.4444,-85.4366,-85.43,-85.4247,-85.4206,-85.4173
-2,-85.5032,-85.4883,-85.4753,-85.4638,-85.4535,-85.4445,-85.4367,-85.4301,-85.4248,-85.4207,-85.4174
-1,-85.5033,-85.4884,-85.4754,-85.4639,-85.4536,-85.4446,-85.4368,-85.4302,-85.4249,-85.4208,-85.4175
0,-85.5033,-85.4884,-85.4754,-85.4638,-85.4536,-85.4446,-85.4368,-85.4302,-85.4249,-85.4207,-85.4175
1,24.1981,24.093,23.9935,23.9013,23.8146,23.7426,23.6702,23.6093,23.5597,23.5155,23.4786
2,40.5576,39.6401,38.7503,37.8856,37.0458,36.2309,35.4373,34.6661,33.9173,33.1875,32.4772
3,41.8936,39.8359,37.8819,36.027,34.268,32.6011,31.0206,29.5228,28.1032,26.756,25.4771
4,42.7814,39.9921,37.4,34.9957,32.7686,30.7061,28.794,27.0194,25.3699,23.8334,22.3995
5,43.3592,40.2019,37.314,34.6619,32.2018,29.8745,27.6284,25.4822,23.4875,21.6642,20.0085
6,43.6986,40.3354,37.0509,33.552,30.2667,27.4241,24.9665,22.8138,20.9084,19.2096,17.6871
7,43.6853,39.0071,34.3127,30.669,27.7447,25.2738,23.1103,21.1811,19.4496,17.8924,16.4903
8,41.5746,35.691,31.7215,28.7247,26.253,24.0934,22.1469,20.3748,18.7641,17.306,15.9893
9,38.0205,33.2774,30.0688,27.562,25.4201,23.4873,21.7005,20.0457,18.5267,17.1452,15.8961
10,35.4345,31.6515,29.0012,26.8618,24.9734,23.2192,21.5603,20.0005,18.5563,17.2378,16.0448
11,33.5961,30.5172,28.2947,26.4461,24.764,23.1584,21.6075,20.128,18.7467,17.4807,16.3347
12,32.2408,29.7039,27.8232,26.213,24.7047,23.227,21.7701,20.3602,19.0324,17.8102,16.7031
13,31.2162,29.1116,27.5104,26.0999,24.7407,23.3755,22.0024,20.6541,19.3725,18.1871,17.1115
14,30.43,28.6767,27.307,26.0655,24.8361,23.5713,22.2742,20.9819,19.7412,18.587,17.5373
15,29.8215,28.3561,27.1791,26.0819,24.9664,23.7925,22.5657,21.3255,20.1223,18.9958,17.9678
16,29.3477,28.119,27.1034,26.1298,25.115,24.0241,22.8634,21.673,20.5057,19.4048,18.396
17,28.9767,27.9434,27.0631,26.1959,25.2707,24.2561,23.1583,22.0166,20.8847,19.8089,18.8183
18,28.6849,27.8129,27.0466,26.2713,25.426,24.482,23.4446,22.3511,21.2551,20.2051,19.2328
19,28.454,27.7158,27.0456,26.3501,25.5763,24.6978,23.7184,22.6731,21.6142,20.5912,19.6384
20,28.2705,27.6435,27.055,26.4288,25.7192,24.9015,23.9781,22.9808,21.9603,20.9662,20.0345
21,28.1242,27.5902,27.0714,26.5059,25.854,25.0928,24.223,23.2737,22.2929,21.3296,20.4211
22,28.0078,27.5525,27.0937,26.5815,25.9816,25.2727,24.4544,23.5525,22.6124,21.6818,20.7985
23,27.9167,27.5289,27.1223,26.6573,26.1044,25.4439,24.6746,23.8193,22.9205,22.0242,21.1681
24,27.8484,27.5196,27.1593,26.7365,26.2262,25.6104,24.8873,24.0774,23.22,22.3592,21.5319
25,27.8026,27.5267,27.2077,26.8227,26.3507,25.7758,25.096,24.3297,23.5132,22.6885,21.8915
26,27.7804,27.5519,27.2689,26.9166,26.4782,25.94,25.3,24.575,23.7985,23.0101,22.2442
27,27.7812,27.5919,27.3378,27.0121,26.602,26.0961,25.4926,24.8066,24.069,23.3168,22.5828
28,27.798,27.6365,27.4034,27.0986,26.7126,26.2354,25.6655,25.0166,24.3171,23.6013,22.9002
29,27.8182,27.6743,27.4564,27.1687,26.8038,26.3528,25.8144,25.2012,24.539,23.8598,23.1924
30,27.8311,27.6985,27.4928,27.22,26.8742,26.4476,25.9391,25.3601,24.7345,24.0915,23.4583
31,27.8317,27.7076,27.5123,27.253,26.925,26.5212,26.0409,25.4947,24.9046,24.2974,23.6983
32,27.8193,27.7023,27.5164,27.2697,26.9582,26.5759,26.1222,25.6072,25.0512,24.479,23.9136
33,27.7947,27.6842,27.5071,27.2721,26.976,26.6138,26.1852,25.6998,25.1764,24.6379,24.1055
34,27.7596,27.655,27.4863,27.2623,26.9807,26.6372,26.2321,25.7746,25.2822,24.7761,24.2756
35,27.7154,27.6166,27.4557,27.242,26.974,26.6481,26.265,25.8337,25.3706,24.8952,24.4254
36,27.6636,27.5703,27.4169,27.2129,26.9576,26.6481,26.2857,25.8789,25.4433,24.9971,24.5564
37,27.6054,27.5175,27.3711,27.1764,26.933,26.6389,26.2957,25.9118,25.5021,25.0832,24.6702
38,27.542,27.4592,27.3196,27.1336,26.9015,26.6218,26.2965,25.9341,25.5484,25.1553,24.7683
39,27.4743,27.3965,27.2634,27.0857,26.8642,26.598,26.2895,25.9469,25.5838,25.2146,24.8521
40,27.403,27.3302,27.2033,27.0334,26.8219,26.5684,26.2756,25.9516,25.6094,25.2626,24.9229
41,27.329,27.261,27.1401,26.9777,26.7756,26.534,26.2558,25.9492,25.6265,25.3005,24.982
42,27.2529,27.1894,27.0743,26.9191,26.726,26.4956,26.2311,25.9406,25.636,25.3293,25.0306
43,27.175,27.1161,27.0065,26.8582,26.6736,26.4538,26.2021,25.9267,25.6389,25.3501,25.0697
44,27.0959,27.0415,26.9373,26.7955,26.619,26.4092,26.1696,25.9082,25.636,25.3638,25.1003
45,27.016,26.9659,26.8669,26.7314,26.5626,26.3622,26.1339,25.8857,25.628,25.3712,25.1233
46,26.9355,26.8896,26.7957,26.6663,26.5049,26.3134,26.0958,25.8598,25.6156,25.373,25.1395
47,26.8547,26.813,26.724,26.6004,26.446,26.263,26.0554,25.8309,25.5993,25.3699,25.1498
48,26.7739,26.7363,26.652,26.534,26.3864,26.2114,26.0133,25.7996,25.5796,25.3625,25.1546
49,26.6933,26.6596,26.5799,26.4673,26.3262,26.1589,25.9697,25.766,25.557,25.3512,25.1547
50,26.6129,26.5831,26.5079,26.4006,26.2656,26.1056,25.9249,25.7307,25.5318,25.3365,25.1504
51,26.533,26.507,26.4361,26.3338,26.2047,26.0517,25.879,25.6937,25.5044,25.3188,25.1424
52,26.4536,26.4313,26.3646,26.2672,26.1438,25.9974,25.8323,25.6554,25.4749,25.2984,25.131
53,26.3748,26.3561,26.2935,26.2008,26.0829,25.9428,25.7849,25.6159,25.4438,25.2757,25.1165
54,26.2966,26.2815,26.2229,26.1347,26.022,25.888,25.737,25.5754,25.4111,25.2508,25.0992
55,26.2192,26.2075,26.1527,26.0689,25.9613,25.8331,25.6885,25.534,25.377,25.224,25.0795
56,26.1425,26.1341,26.0831,26.0035,25.9008,25.7781,25.6397,25.4919,25.3417,25.1955,25.0576
57,26.0666,26.0614,26.014,25.9385,25.8404,25.723,25.5906,25.449,25.3053,25.1655,25.0336
58,25.9914,25.9894,25.9455,25.8739,25.7803,25.668,25.5411,25.4055,25.2679,25.134,25.0078
59,25.917,25.9181,25.8776,25.8098,25.7205,25.613,25.4915,25.3615,25.2296,25.1013,24.9802
60,25.8433,25.8474,25.8101,25.746,25.6608,25.558,25.4416,25.317,25.1904,25.0673,24.9511
61,25.7704,25.7773,25.7432,25.6826,25.6014,25.5031,25.3914,25.2719,25.1505,25.0322,24.9206
62,25.6981,25.7078,25.6768,25.6196,25.5422,25.4481,25.3411,25.2264,25.1098,24.9961,24.8886
63,25.6265,25.639,25.6109,25.557,25.4832,25.3932,25.2906,25.1805,25.0683,24.959,24.8554
64,25.5556,25.5706,25.5454,25.4946,25.4244,25.3383,25.2399,25.1341,25.0262,24.9209,24.821
65,25.4853,25.5028,25.4803,25.4326,25.3658,25.2833,25.1889,25.0873,24.9834,24.8819,24.7855
66,25.4155,25.4355,25.4156,25.3708,25.3072,25.2283,25.1378,25.04,24.94,24.842,24.7488
67,25.3462,25.3685,25.3513,25.3092,25.2487,25.1733,25.0863,24.9923,24.8959,24.8012,24.7111
68,25.2775,25.302,25.2872,25.2478,25.1903,25.1181,25.0347,24.9441,24.8511,24.7597,24.6723
69,25.2091,25.2358,25.2233,25.1866,25.1319,25.0628,24.9827,24.8955,24.8058,24.7172,24.6325
70,25.1411,25.1699,25.1597,25.1254,25.0735,25.0074,24.9304,24.8464,24.7597,24.674,24.5917
71,25.0735,25.1043,25.0963,25.0643,25.015,24.9518,24.8778,24.7968,24.713,24.63,24.55
72,25.0061,25.0389,25.0329,25.0033,24.9564,24.8959,24.8248,24.7467,24.6657,24.5851,24.5074
73,24.939,24.9736,24.9697,24.9422,24.8978,24.8398,24.7714,24.6961,24.6177,24.5394,24.4638
74,24.8721,24.9085,24.9065,24.8811,24.8389,24.7835,24.7177,24.645,24.569,24.493,24.4192
75,24.8053,24.8435,24.8432,24.8199,24.7799,24.7268,24.6635,24.5932,24.5196,24.4457,24.3738
76,24.7387,24.7784,24.78,24.7585,24.7207,24.6698,24.6089,24.541,24.4695,24.3976,24.3274
77,24.6721,24.7134,24.7167,24.697,24.6612,24.6125,24.5538,24.4881,24.4188,24.3487,24.2801
78,24.6055,24.6483,24.6532,24.6353,24.6014,24.5547,24.4982,24.4346,24.3673,24.299,24.2319
79,24.5389,24.5832,24.5896,24.5734,24.5413,24.4966,24.442,24.3805,24.3151,24.2485,24.1828
80,24.4722,24.5179,24.5258,24.5112,24.4808,24.438,24.3854,24.3258,24.2622,24.1972,24.1329
81,24.4054,24.4524,24.4618,24.4487,24.42,24.3789,24.3282,24.2704,24.2085,24.145,24.082
82,24.3385,24.3868,24.3975,24.3859,24.3587,24.3194,24.2704,24.2144,24.1541,24.092,24.0302
83,24.2713,24.3209,24.3329,24.3227,24.2971,24.2594,24.2121,24.1577,24.0989,24.0382,23.9775
84,24.204,24.2548,24.268,24.2592,24.235,24.1988,24.1531,24.1003,24.0429,23.9835,23.9239
85,24.1364,24.1883,24.2028,24.1952,24.1724,24.1377,24.0935,24.0421,23.9862,23.928,23.8694
86,24.0685,24.1215,24.1371,24.1308,24.1093,24.076,24.0332,23.9833,23.9287,23.8716,23.814
87,24.0004,24.0544,24.0711,24.0659,24.0457,24.0137,23.9723,23.9238,23.8704,23.8144,23.7576
88,23.9318,23.9869,24.0046,24.0006,23.9815,23.9508,23.9108,23.8635,23.8113,23.7563,23.7004
89,23.8629,23.9189,23.9377,23.9347,23.9168,23.8873,23.8485,23.8025,23.7514,23.6974,23.6423
90,23.7936,23.8506,23.8703,23.8683,23.8515,23.8232,23.7856,23.7407,23.6906,23.6376,23.5833
91,23.7238,23.7817,23.8024,23.8014,23.7856,23.7584,23.7219,23.6781,23.6291,23.577,23.5234
92,23.6536,23.7124,23.7339,23.7339,23.7191,23.693,23.6576,23.6148,23.5668,23.5155,23.4626
93,23.583,23.6426,23.665,23.6658,23.652,23.6268,23.5925,23.5507,23.5036,23.4531,23.4009
94,23.5118,23.5722,23.5954,23.5971,23.5842,23.56,23.5266,23.4858,23.4396,23.3898,23.3382
95,23.4401,23.5013,23.5253,23.5278,23.5158,23.4925,23.4601,23.4202,23.3748,23.3257,23.2747
96,23.3679,23.4298,23.4546,23.4579,23.4467,23.4243,23.3928,23.3537,23.3091,23.2607,23.2103
97,23.295,23.3578,23.3833,23.3874,23.3769,23.3554,23.3247,23.2865,23.2426,23.1949,23.145
98,23.2217,23.2851,23.3113,23.3161,23.3065,23.2857,23.2558,23.2184,23.1752,23.1281,23.0787
99,23.1477,23.2118,23.2388,23.2442,23.2353,23.2153,23.1862,23.1495,23.107,23.0605,23.0116
100,23.0731,23.1379,23.1655,23.1717,23.1634,23.1442,23.1158,23.0798,23.038,22.9921,22.9436
101,22.9979,23.0634,23.0916,23.0984,23.0909,23.0723,23.0446,23.0093,22.9681,22.9227,22.8747
102,22.922,22.9882,23.017,23.0244,23.0175,22.9996,22.9726,22.938,22.8974,22.8525,22.8049
103,22.8455,22.9123,22.9417,22.9498,22.9435,22.9262,22.8999,22.8659,22.8258,22.7814,22.7342
104,22.7683,22.8357,22.8657,22.8744,22.8687,22.852,22.8263,22.7929,22.7534,22.7094,22.6626
105,22.6904,22.7585,22.7891,22.7982,22.7931,22.777,22.7519,22.7191,22.6801,22.6366,22.5901
106,22.6118,22.6805,22.7116,22.7214,22.7168,22.7013,22.6767,22.6444,22.6059,22.5628,22.5167
107,22.5325,22.6018,22.6335,22.6437,22.6397,22.6247,22.6007,22.569,22.5309,22.4882,22.4424
108,22.4525,22.5224,22.5546,22.5654,22.5618,22.5474,22.5239,22.4926,22.4551,22.4128,22.3672
109,22.3718,22.4423,22.475,22.4862,22.4832,22.4693,22.4463,22.4155,22.3783,22.3364,22.2912
110,22.2903,22.3614,22.3946,22.4063,22.4038,22.3903,22.3678,22.3375,22.3008,22.2592,22.2142
111,22.2081,22.2797,22.3135,22.3257,22.3235,22.3106,22.2885,22.2586,22.2223,22.181,22.1364
112,22.1252,22.1973,22.2316,22.2442,22.2425,22.23,22.2084,22.1789,22.143,22.102,22.0576
113,22.0414,22.1142,22.1489,22.1619,22.1607,22.1486,22.1274,22.0984,22.0628,22.0222,21.978
114,21.9569,22.0302,22.0654,22.0789,22.0781,22.0664,22.0456,22.017,21.9818,21.9414,21.8975
115,21.8716,21.9455,21.9811,21.9951,21.9947,21.9834,21.963,21.9347,21.8998,21.8598,21.816
116,21.7855,21.86,21.8961,21.9104,21.9104,21.8995,21.8795,21.8516,21.817,21.7773,21.7337
117,21.6987,21.7737,21.8102,21.825,21.8253,21.8148,21.7952,21.7677,21.7334,21.6939,21.6505
118,21.611,21.6866,21.7236,21.7387,21.7394,21.7293,21.71,21.6828,21.6488,21.6096,21.5664
119,21.5225,21.5986,21.6361,21.6516,21.6527,21.6429,21.624,21.5971,21.5634,21.5244,21.4814
120,21.4331,21.5099,21.5478,21.5636,21.5651,21.5557,21.5371,21.5106,21.4771,21.4383,21.3955
121,21.343,21.4203,21.4586,21.4749,21.4767,21.4676,21.4494,21.4231,21.39,21.3513,21.3087
122,21.252,21.3299,21.3686,21.3853,21.3874,21.3787,21.3608,21.3348,21.3019,21.2635,21.221
123,21.1602,21.2386,21.2778,21.2948,21.2973,21.2889,21.2713,21.2456,21.2129,21.1747,21.1324
124,21.0675,21.1465,21.1862,21.2035,21.2064,21.1982,21.1809,21.1555,21.1231,21.0851,21.0429
125,20.9739,21.0536,21.0936,21.1114,21.1145,21.1067,21.0897,21.0645,21.0323,20.9945,20.9524
126,20.8795,20.9597,21.0003,21.0183,21.0218,21.0143,20.9976,20.9727,20.9407,20.903,20.8611
127,20.7842,20.8651,20.906,20.9244,20.9282,20.921,20.9046,20.8799,20.8481,20.8106,20.7688
128,20.6881,20.7695,20.8109,20.8297,20.8338,20.8268,20.8107,20.7862,20.7547,20.7173,20.6756
129,20.591,20.6731,20.7149,20.734,20.7384,20.7318,20.7158,20.6917,20.6603,20.6231,20.5815
130,20.493,20.5757,20.618,20.6375,20.6422,20.6358,20.6201,20.5962,20.565,20.528,20.4865
131,20.3942,20.4775,20.5202,20.54,20.545,20.5389,20.5235,20.4998,20.4688,20.4319,20.3905
132,20.2944,20.3784,20.4215,20.4417,20.447,20.4412,20.426,20.4025,20.3717,20.3349,20.2936
133,20.1937,20.2783,20.3219,20.3424,20.348,20.3424,20.3275,20.3042,20.2736,20.2369,20.1957
134,20.0921,20.1773,20.2214,20.2422,20.2481,20.2428,20.2281,20.205,20.1745,20.138,20.0968
135,19.9895,20.0754,20.1199,20.1411,20.1473,20.1422,20.1278,20.1049,20.0746,20.0381,19.997
136,19.886,19.9726,20.0175,20.0391,20.0455,20.0407,20.0265,20.0038,19.9736,19.9373,19.8963
137,19.7815,19.8688,19.9142,19.9361,19.9428,19.9383,19.9243,19.9017,19.8717,19.8355,19.7945
138,19.676,19.764,19.8099,19.8321,19.8392,19.8349,19.8211,19.7987,19.7689,19.7327,19.6918
139,19.5696,19.6583,19.7046,19.7272,19.7345,19.7305,19.7169,19.6947,19.665,19.629,19.5881
140,19.4621,19.5515,19.5984,19.6213,19.6289,19.6251,19.6117,19.5897,19.5601,19.5242,19.4833
141,19.3537,19.4438,19.4911,19.5145,19.5223,19.5188,19.5056,19.4838,19.4543,19.4184,19.3776
142,19.2442,19.3351,19.3829,19.4066,19.4147,19.4114,19.3984,19.3768,19.3474,19.3117,19.2708
143,19.1337,19.2254,19.2737,19.2977,19.3062,19.3031,19.2903,19.2688,19.2396,19.2039,19.1631
144,19.0222,19.1146,19.1634,19.1878,19.1965,19.1937,19.1811,19.1598,19.1307,19.095,19.0542
145,18.9097,19.0028,19.0521,19.0769,19.0859,19.0833,19.0709,19.0497,19.0207,18.9851,18.9443
146,18.796,18.89,18.9398,18.9649,18.9742,18.9718,18.9596,18.9386,18.9097,18.8742,18.8334
147,18.6813,18.7761,18.8264,18.8519,18.8615,18.8593,18.8473,18.8264,18.7976,18.7621,18.7214
148,18.5655,18.6611,18.712,18.7378,18.7477,18.7458,18.7339,18.7132,18.6845,18.649,18.6083
149,18.4486,18.545,18.5964,18.6227,18.6328,18.6311,18.6195,18.5989,18.5703,18.5348,18.494
150,18.3305,18.4278,18.4798,18.5064,18.5168,18.5153,18.5039,18.4834,18.4549,18.4195,18.3787
151,18.2113,18.3095,18.362,18.389,18.3997,18.3985,18.3872,18.3669,18.3385,18.3031,18.2623
152,18.091,18.1901,18.2431,18.2705,18.2815,18.2805,18.2694,18.2492,18.2209,18.1855,18.1446
153,17.9695,18.0695,18.1231,18.1509,18.1622,18.1614,18.1505,18.1304,18.1021,18.0668,18.0259
154,17.8468,17.9477,18.0019,18.0301,18.0417,18.0411,18.0304,18.0104,17.9822,17.9469,17.9059
155,17.7229,17.8247,17.8795,17.9081,17.92,17.9197,17.9091,17.8893,17.8611,17.8258,17.7848
156,17.5977,17.7006,17.756,17.7849,17.7971,17.797,17.7866,17.7669,17.7388,17.7035,17.6624
157,17.4714,17.5752,17.6312,17.6606,17.6731,17.6732,17.663,17.6434,17.6153,17.58,17.5389
158,17.3437,17.4485,17.5052,17.535,17.5478,17.5481,17.538,17.5186,17.4906,17.4553,17.414
159,17.2148,17.3206,17.3779,17.4081,17.4212,17.4218,17.4119,17.3925,17.3646,17.3292,17.288
160,17.0846,17.1914,17.2493,17.28,17.2934,17.2942,17.2845,17.2652,17.2373,17.2019,17.1606
161,16.953,17.061,17.1195,17.1506,17.1643,17.1653,17.1558,17.1366,17.1087,17.0734,17.0319
162,16.8201,16.9291,16.9883,17.0199,17.0339,17.0352,17.0258,17.0067,16.9789,16.9434,16.9019
163,16.6858,16.796,16.8558,16.8878,16.9022,16.9037,16.8944,16.8755,16.8476,16.8122,16.7705
164,16.5502,16.6614,16.722,16.7544,16.7691,16.7708,16.7617,16.7429,16.7151,16.6796,16.6378
165,16.4131,16.5255,16.5867,16.6196,16.6346,16.6366,16.6277,16.6089,16.5811,16.5456,16.5037
166,16.2745,16.3881,16.4501,16.4835,16.4988,16.501,16.4922,16.4735,16.4458,16.4101,16.3681
167,16.1345,16.2493,16.312,16.3458,16.3615,16.3639,16.3553,16.3367,16.309,16.2733,16.2311
168,15.993,16.109,16.1724,16.2068,16.2228,16.2254,16.217,16.1985,16.1707,16.135,16.0927
169,15.8499,15.9672,16.0314,16.0662,16.0826,16.0854,16.0772,16.0587,16.031,15.9951,15.9527
170,15.7053,15.8239,15.8889,15.9242,15.9408,15.944,15.9359,15.9175,15.8897,15.8538,15.8112
171,15.5591,15.679,15.7448,15.7806,15.7976,15.801,15.793,15.7747,15.747,15.7109,15.6682
172,15.4113,15.5325,15.5991,15.6354,15.6528,15.6564,15.6486,15.6304,15.6026,15.5665,15.5236
173,15.2619,15.3844,15.4518,15.4887,15.5064,15.5103,15.5026,15.4844,15.4567,15.4204,15.3773
174,15.1107,15.2347,15.3029,15.3403,15.3584,15.3625,15.355,15.3369,15.3091,15.2728,15.2294
175,14.9578,15.0832,15.1523,15.1903,15.2087,15.2131,15.2057,15.1877,15.1598,15.1234,15.0799
176,14.8032,14.9301,15,15.0385,15.0574,15.062,15.0548,15.0368,15.0089,14.9723,14.9286
177,14.6468,14.7752,14.846,14.8851,14.9043,14.9091,14.9021,14.8842,14.8562,14.8195,14.7756
178,14.4886,14.6184,14.6902,14.7299,14.7495,14.7546,14.7477,14.7298,14.7018,14.665,14.6208
179,14.3285,14.4599,14.5326,14.5729,14.5928,14.5982,14.5914,14.5736,14.5456,14.5086,14.4642
180,14.1665,14.2995,14.3731,14.414,14.4344,14.44,14.4334,14.4156,14.3875,14.3504,14.3057
181,14.0026,14.1372,14.2118,14.2533,14.274,14.2799,14.2735,14.2557,14.2276,14.1903,14.1453
182,13.8367,13.973,14.0485,14.0906,14.1118,14.118,14.1116,14.094,14.0657,14.0282,13.983
183,13.6687,13.8067,13.8833,13.926,13.9476,13.954,13.9479,13.9302,13.9019,13.8643,13.8188
184,13.4987,13.6384,13.716,13.7594,13.7815,13.7881,13.7821,13.7645,13.7361,13.6983,13.6525
185,13.3265,13.4681,13.5467,13.5908,13.6132,13.6202,13.6143,13.5967,13.5683,13.5302,13.4841
186,13.1522,13.2956,13.3753,13.4201,13.4429,13.4502,13.4445,13.4269,13.3983,13.36,13.3136
187,12.9757,13.1209,13.2018,13.2472,13.2705,13.278,13.2725,13.2549,13.2263,13.1878,13.141
188,12.7969,12.944,13.026,13.0721,13.0959,13.1037,13.0983,13.0808,13.052,13.0133,12.9662
189,12.6157,12.7649,12.848,12.8949,12.9191,12.9272,12.9219,12.9044,12.8755,12.8365,12.7891
190,12.4322,12.5834,12.6677,12.7153,12.74,12.7484,12.7433,12.7258,12.6968,12.6575,12.6097
191,12.2463,12.3995,12.485,12.5334,12.5586,12.5673,12.5623,12.5448,12.5156,12.4762,12.428
192,12.0579,12.2132,12.3,12.3491,12.3748,12.3837,12.3789,12.3614,12.3322,12.2924,12.2438
193,11.8669,12.0244,12.1124,12.1623,12.1885,12.1978,12.1931,12.1756,12.1462,12.1062,12.0572
194,11.6733,11.833,11.9224,11.9731,11.9998,12.0094,12.0048,11.9873,11.9578,11.9174,11.868
195,11.477,11.639,11.7297,11.7812,11.8085,11.8184,11.814,11.7965,11.7668,11.7261,11.6763
196,11.278,11.4424,11.5344,11.5868,11.6145,11.6248,11.6205,11.603,11.5731,11.5322,11.4819
197,11.0762,11.2429,11.3364,11.3896,11.4179,11.4285,11.4244,11.4069,11.3768,11.3355,11.2848
198,10.8715,11.0407,11.1356,11.1897,11.2186,11.2295,11.2255,11.208,11.1777,11.1361,11.0849
199,10.6639,10.8356,10.9319,10.987,11.0164,11.0276,11.0239,11.0063,10.9758,10.9339,10.8821
200,10.4533,10.6275,10.7254,10.7813,10.8114,10.8229,10.8193,10.8017,10.7711,10.7287,10.6765
201,10.2395,10.4164,10.5158,10.5727,10.6033,10.6153,10.6118,10.5942,10.5633,10.5206,10.4678
202,10.0226,10.2022,10.3032,10.3611,10.3923,10.4046,10.4013,10.3836,10.3525,10.3094,10.2561
203,9.80238,9.98482,10.0874,10.1463,10.1781,10.1908,10.1876,10.1699,10.1386,10.0951,10.0412
204,9.57885,9.76416,9.86843,9.92833,9.96081,9.97383,9.97083,9.9531,9.92156,9.8776,9.8231
205,9.35188,9.54014,9.64613,9.70708,9.74021,9.7536,9.75077,9.73299,9.7012,9.65681,9.60171
206,9.12141,9.31268,9.42043,9.48245,9.51625,9.53004,9.52737,9.50954,9.47749,9.43264,9.37692
207,8.88732,9.0817,9.19125,9.25438,9.28886,9.30304,9.30054,9.28266,9.25034,9.20503,9.14866
208,8.64953,8.8471,8.9585,9.02276,9.05794,9.07253,9.07019,9.05225,9.01966,8.97387,8.91683
209,8.40794,8.60879,8.72208,8.78751,8.82341,8.83841,8.83624,8.81824,8.78537,8.73907,8.68135
210,8.16246,8.36666,8.48191,8.54853,8.58517,8.60059,8.5986,8.58053,8.54736,8.50055,8.44212
211,7.91298,8.12063,8.23788,8.30572,8.34312,8.35898,8.35716,8.33902,8.30554,8.2582,8.19905
212,7.65939,7.87059,7.9899,8.05899,8.09717,8.11347,8.11183,8.09362,8.05982,8.01194,7.95203
213,7.40159,7.61644,7.73785,7.80824,7.84721,7.86397,7.8625,7.84422,7.81009,7.76165,7.70096
214,7.13948,7.35806,7.48165,7.55336,7.59314,7.61037,7.60909,7.59072,7.55626,7.50723,7.44575
215,6.87293,7.09536,7.22117,7.29424,7.33486,7.35257,7.35147,7.33302,7.29821,7.24858,7.18628
216,6.60184,6.82821,6.95631,7.03078,7.07226,7.09045,7.08955,7.07101,7.03584,6.9856,6.92245
217,6.32609,6.55651,6.68696,6.76285,6.80522,6.82392,6.82321,6.80458,6.76904,6.71816,6.65415
218,6.04557,6.28014,6.41299,6.49036,6.53363,6.55285,6.55234,6.53361,6.49769,6.44616,6.38126
219,5.76014,5.99898,6.13431,6.21319,6.25738,6.27713,6.27683,6.258,6.22168,6.16949,6.10367
220,5.4697,5.71291,5.85078,5.93121,5.97636,5.99665,5.99655,5.97763,5.9409,5.88802,5.82127
221,5.17411,5.42182,5.56229,5.6443,5.69043,5.71128,5.7114,5.69237,5.65523,5.60164,5.53392
222,4.87326,5.12557,5.26871,5.35236,5.39949,5.42091,5.42125,5.40212,5.36455,5.31024,5.24153
223,4.56702,4.82404,4.96992,5.05524,5.10341,5.12541,5.12598,5.10674,5.06874,5.01368,4.94395
224,4.25525,4.51712,4.6658,4.75284,4.80206,4.82467,4.82548,4.80612,4.76767,4.71185,4.64108
225,3.93784,4.20466,4.35623,4.44502,4.49533,4.51856,4.5196,4.50013,4.46122,4.40462,4.33279
226,3.61465,3.88655,4.04107,4.13167,4.18309,4.20694,4.20824,4.18865,4.14928,4.09188,4.01895
227,3.28556,3.56266,3.72019,3.81264,3.8652,3.88971,3.89126,3.87155,3.8317,3.77348,3.69945
228,2.95043,3.23285,3.39348,3.48782,3.54155,3.56673,3.56854,3.54871,3.50837,3.44932,3.37414
229,2.60913,2.897,3.0608,3.15708,3.212,3.23787,3.23995,3.22,3.17916,3.11926,3.04291
230,2.26152,2.55497,2.72201,2.82028,2.87643,2.903,2.90536,2.88529,2.84394,2.78317,2.70562
231,1.90748,2.20663,2.37699,2.4773,2.53471,2.562,2.56464,2.54445,2.50258,2.44091,2.36215
232,1.54685,1.85184,2.02561,2.12799,2.18669,2.21472,2.21766,2.19735,2.15495,2.09237,2.01235
233,1.17948,1.49046,1.66771,1.77223,1.83225,1.86104,1.86428,1.84385,1.80091,1.7374,1.6561
234,0.805237,1.12234,1.30316,1.40986,1.47124,1.50081,1.50436,1.4838,1.44031,1.37585,1.29325
235,0.423943,0.747329,0.931802,1.04075,1.10351,1.13388,1.13776,1.11708,1.07303,1.00759,0.92365
236,0.0354275,0.365263,0.553486,0.664733,0.728921,0.760116,0.764325,0.743513,0.698887,0.632453,0.547143
237,-0.360499,-0.0240351,0.16804,0.281647,0.3473,0.379339,0.383892,0.362951,0.317735,0.25028,0.163563
238,-0.764043,-0.420755,-0.224718,-0.108685,-0.0415275,-0.00861836,-0.00371226,-0.0247846,-0.0706041,-0.139108,-0.22727
239,-1.17543,-0.825106,-0.624989,-0.506456,-0.43775,-0.403945,-0.398674,-0.419881,-0.466321,-0.535904,-0.625555
240,-1.59492,-1.23732,-1.03299,-0.911879,-0.841575,-0.806847,-0.8012,-0.822544,-0.869624,-0.94032,-1.03151
241,-2.02279,-1.65765,-1.44896,-1.32519,-1.25323,-1.21755,-1.21152,-1.233,-1.28074,-1.35259,-1.44536
242,-2.45936,-2.08638,-1.87318,-1.74664,-1.67298,-1.63631,-1.62987,-1.65151,-1.69993,-1.77297,-1.8674
243,-2.90499,-2.52384,-2.30594,-2.17654,-2.1011,-2.06341,-2.05655,-2.07834,-2.12748,-2.20176,-2.2979
244,-3.36007,-2.97039,-2.74758,-2.6152,-2.53792,-2.49916,-2.49187,-2.51382,-2.56371,-2.63928,-2.73721
245,-3.82506,-3.42643,-3.1985,-3.06299,-2.98379,-2.94392,-2.93618,-2.95831,-3.00897,-3.0859,-3.1857
246,-4.30046,-3.89242,-3.65911,-3.52033,-3.43911,-3.39809,-3.38988,-3.41219,-3.46367,-3.54202,-3.64379
247,-4.78684,-4.36887,-4.12989,-3.98769,-3.90435,-3.86211,-3.85342,-3.87592,-3.92826,-4.00811,-4.11196
248,-5.28482,-4.85635,-4.61139,-4.46557,-4.38,-4.33648,-4.32728,-4.34999,-4.40325,-4.48469,-4.59072
249,-5.79509,-5.35548,-5.1042,-4.95455,-4.86664,-4.82177,-4.81203,-4.83497,-4.88919,-4.97231,-5.08065
250,-6.31842,-5.86697,-5.60898,-5.45528,-5.36488,-5.31859,-5.30829,-5.33146,-5.38672,-5.47161,-5.58242
251,-6.85565,-6.39159,-6.12646,-5.96846,-5.87542,-5.82762,-5.81672,-5.84016,-5.89651,-5.98329,-6.09671
252,-7.40768,-6.93018,-6.65745,-6.49486,-6.39902,-6.34962,-6.33809,-6.3618,-6.41932,-6.50812,-6.62433
253,-7.97553,-7.48367,-7.20282,-7.03535,-6.93652,-6.88542,-6.87322,-6.89723,-6.95599,-7.04694,-7.16611
254,-8.56026,-8.05305,-7.76354,-7.59086,-7.48883,-7.43591,-7.423,-7.44732,-7.50741,-7.60065,-7.72299
255,-9.16303,-8.6394,-8.34063,-8.16237,-8.05694,-8.00208,-7.9884,-8.01306,-8.07456,-8.17025,-8.29596
256,-9.78508,-9.24388,-8.9352,-8.75099,-8.64191,-8.58497,-8.57047,-8.59548,-8.6585,-8.75679,-8.88611
257,-10.4277,-9.86773,-9.54846,-9.35787,-9.24489,-9.18572,-9.17034,-9.19573,-9.26035,-9.36142,-9.49457
258,-11.0923,-10.5123,-10.1817,-9.98425,-9.8671,-9.80554,-9.7892,-9.81498,-9.88132,-9.98534,-10.1226
259,-11.7803,-11.1789,-10.8361,-10.6314,-10.5098,-10.4457,-10.4283,-10.4545,-10.5227,-10.6298,-10.7714
260,-12.4932,-11.8689,-11.5133,-11.3008,-11.1744,-11.1075,-11.0891,-11.1157,-11.1857,-11.2962,-11.4424
261,-13.2326,-12.584,-12.2146,-11.9938,-11.8623,-11.7925,-11.7728,-11.7998,-11.8719,-11.9859,-12.137
262,-14,-13.3256,-12.9416,-12.7119,-12.5749,-12.502,-12.481,-12.5084,-12.5826,-12.7003,-12.8566
263,-14.7969,-14.0953,-13.6957,-13.4566,-13.3138,-13.2375,-13.2151,-13.2429,-13.3193,-13.4409,-13.6026
264,-15.6249,-14.8945,-14.4785,-14.2294,-14.0804,-14.0005,-13.9766,-14.0048,-14.0835,-14.2092,-14.3765
265,-16.4855,-15.7249,-15.2915,-15.0319,-14.8763,-14.7926,-14.767,-14.7956,-14.8766,-15.0066,-15.1798
266,-17.3801,-16.5878,-16.1362,-15.8655,-15.703,-15.6151,-15.5877,-15.6167,-15.7001,-15.8345,-16.0139
267,-18.3101,-17.4848,-17.0141,-16.7316,-16.5618,-16.4696,-16.4402,-16.4695,-16.5554,-16.6943,-16.88
268,-19.2765,-18.417,-17.9264,-17.6317,-17.4542,-17.3573,-17.3259,-17.3554,-17.4437,-17.5872,-17.7795
269,-20.2805,-19.3856,-18.8744,-18.5669,-18.3813,-18.2796,-18.2459,-18.2755,-18.3663,-18.5145,-18.7135
270,-21.3229,-20.3916,-19.859,-19.5383,-19.3443,-19.2375,-19.2013,-19.2309,-19.3243,-19.4771,-19.6828
271,-22.4043,-21.4358,-20.8813,-20.5469,-20.3441,-20.232,-20.1931,-20.2227,-20.3184,-20.476,-20.6885
272,-23.5253,-22.5189,-21.9419,-21.5934,-21.3816,-21.2638,-21.2221,-21.2515,-21.3495,-21.5118,-21.7311
273,-24.6862,-23.6413,-23.0414,-22.6784,-22.4573,-22.3337,-22.289,-22.318,-22.4182,-22.5852,-22.8112
274,-25.8873,-24.8034,-24.1802,-23.8025,-23.5717,-23.442,-23.3941,-23.4226,-23.5249,-23.6964,-23.9292
275,-27.1286,-26.0054,-25.3586,-24.9657,-24.7251,-24.5891,-24.5378,-24.5656,-24.6699,-24.8458,-25.0852
276,-28.4105,-27.2474,-26.5766,-26.1685,-25.9178,-25.7753,-25.7204,-25.7473,-25.8534,-26.0336,-26.2795
277,-29.7331,-28.5297,-27.8346,-27.4109,-27.1498,-27.0006,-26.942,-26.9678,-27.0756,-27.26,-27.5123
278,-31.0969,-29.8525,-29.1327,-28.6931,-28.4215,-28.2653,-28.2027,-28.2274,-28.3367,-28.5251,-28.7837
279,-32.5027,-31.2163,-30.4713,-30.0154,-29.733,-29.5697,-29.5029,-29.5262,-29.6369,-29.8294,-30.0942
280,-33.9517,-32.622,-31.851,-31.3785,-31.0848,-30.9141,-30.843,-30.8648,-30.9768,-31.1732,-31.4445
281,-35.4455,-34.0708,-33.2729,-32.7831,-32.4779,-32.2995,-32.2237,-32.244,-32.3572,-32.5576,-32.8353
282,-36.9867,-35.5644,-34.7384,-34.2306,-33.9133,-33.7269,-33.6463,-33.6648,-33.7794,-33.9839,-34.2682
283,-38.5783,-37.1053,-36.2496,-35.7228,-35.3928,-35.198,-35.1124,-35.1291,-35.2449,-35.4538,-35.7452
284,-40.2243,-38.6968,-37.8094,-37.2624,-36.9189,-36.7151,-36.6243,-36.639,-36.7563,-36.9698,-37.2687
285,-41.9296,-40.3428,-39.4211,-38.8525,-38.4946,-38.2813,-38.1849,-38.1976,-38.3166,-38.5351,-38.8422
286,-43.6998,-42.0483,-41.0894,-40.4973,-40.1239,-39.9004,-39.798,-39.8088,-39.9295,-40.1537,-40.4698
287,-45.5414,-43.8191,-42.8194,-42.2018,-41.8116,-41.5771,-41.4683,-41.477,-41.6,-41.8304,-42.1566
288,-47.461,-45.6614,-44.6172,-43.9717,-43.5632,-43.3168,-43.2011,-43.2077,-43.3333,-43.5708,-43.9081
289,-49.4652,-47.5821,-46.4895,-45.8135,-45.3851,-45.1257,-45.0027,-45.0072,-45.1358,-45.3812,-45.7309
290,-51.5589,-49.5875,-48.4428,-47.7339,-47.2839,-47.0105,-46.8796,-46.882,-47.014,-47.2682,-47.6316
291,-53.7441,-51.6824,-50.4829,-49.7391,-49.266,-48.9777,-48.8384,-48.8385,-48.9744,-49.2381,-49.6163
292,-56.017,-53.8686,-52.6137,-51.8337,-51.3365,-51.0325,-50.8844,-50.8823,-51.0222,-51.2961,-51.6897
293,-58.3655,-56.1418,-54.8345,-54.019,-53.4976,-53.1777,-53.0207,-53.0162,-53.1603,-53.4443,-53.8534
294,-60.7661,-58.4894,-57.1379,-56.2903,-55.7463,-55.4112,-55.2455,-55.2386,-55.3864,-55.6798,-56.103
295,-63.1822,-60.887,-59.5064,-58.6341,-58.0714,-57.7232,-57.5496,-57.5403,-57.6908,-57.9917,-58.4259
296,-65.5664,-63.2978,-61.9104,-61.0255,-60.4509,-60.0934,-59.9137,-59.9019,-60.0534,-60.3583,-60.7982
297,-67.8652,-65.6737,-64.308,-63.4268,-62.8502,-62.4891,-62.3061,-62.2918,-62.4419,-62.7457,-63.1836
298,-70.0273,-67.9617,-66.6484,-65.79,-65.2234,-64.8659,-64.6831,-64.6666,-64.8121,-65.1085,-65.5353
299,-72.0115,-70.1109,-68.8784,-68.0621,-67.5181,-67.1723,-66.9936,-66.9752,-67.1128,-67.3952,-67.8011
300,-73.7915,-72.0809,-70.9512,-70.1933,-69.6833,-69.3564,-69.1858,-69.1658,-69.2926,-69.5547,-69.9314
301,-75.3571,-73.8465,-72.8326,-72.1442,-71.6767,-71.3746,-71.2151,-71.194,-71.3077,-71.5452,-71.8864
302,-76.712,-75.3982,-74.5042,-73.8908,-73.4705,-73.1967,-73.0505,-73.0286,-73.128,-73.3383,-73.6406
303,-77.87,-76.7403,-75.963,-75.4246,-75.0527,-74.8085,-74.6764,-74.6541,-74.739,-74.9215,-75.1845
304,-78.8506,-77.887,-77.2178,-76.7505,-76.4254,-76.2102,-76.0921,-76.0697,-76.1407,-76.2964,-76.5218
305,-79.6759,-78.8578,-78.2854,-77.8829,-77.6009,-77.4126,-77.3079,-77.2855,-77.3437,-77.4749,-77.6657
306,-80.3675,-79.6747,-79.1869,-78.8416,-78.5979,-78.434,-78.3413,-78.3192,-78.366,-78.4753,-78.6353
307,-80.9457,-80.3593,-79.944,-79.6482,-79.438,-79.2953,-79.2133,-79.1915,-79.2285,-79.3187,-79.4521
308,-81.4284,-80.9317,-80.5779,-80.3243,-80.1428,-80.0184,-79.9456,-79.9241,-79.9527,-80.0267,-80.1373
309,-81.8312,-81.4096,-81.1076,-80.8896,-80.7324,-80.6236,-80.5587,-80.5375,-80.5591,-80.6193,-80.7107
310,-82.1673,-81.8085,-81.5498,-81.3618,-81.225,-81.1294,-81.0712,-81.0503,-81.066,-81.1146,-81.1899
311,-82.4478,-82.1413,-81.9189,-81.7559,-81.6363,-81.5517,-81.4991,-81.4786,-81.4894,-81.5283,-81.5902
312,-82.6821,-82.4192,-82.227,-82.085,-81.9797,-81.9044,-81.8565,-81.8362,-81.843,-81.8739,-81.9246
313,-82.878,-82.6514,-82.4844,-82.3598,-82.2666,-82.199,-82.1551,-82.1351,-82.1385,-82.1628,-82.2041
314,-83.0422,-82.8456,-82.6996,-82.5896,-82.5064,-82.4453,-82.4048,-82.385,-82.3856,-82.4044,-82.4379
315,-83.18,-83.0085,-82.8798,-82.782,-82.7071,-82.6514,-82.6138,-82.5942,-82.5926,-82.6068,-82.6339
316,-83.2962,-83.1453,-83.0311,-82.9434,-82.8755,-82.8244,-82.7891,-82.7697,-82.7662,-82.7766,-82.7985
317,-83.3944,-83.2606,-83.1585,-83.0791,-83.0171,-82.9697,-82.9364,-82.9173,-82.9123,-82.9196,-82.9371
318,-83.4778,-83.3583,-83.2661,-83.1937,-83.1365,-83.0924,-83.0607,-83.0418,-83.0355,-83.0403,-83.0541
319,-83.5491,-83.4412,-83.3573,-83.2907,-83.2376,-83.1962,-83.166,-83.1473,-83.1399,-83.1426,-83.1534
320,-83.6103,-83.5122,-83.4351,-83.3734,-83.3237,-83.2844,-83.2554,-83.2369,-83.2287,-83.2297,-83.2381
321,-83.6632,-83.5732,-83.5018,-83.4441,-83.3973,-83.3599,-83.3319,-83.3136,-83.3047,-83.3043,-83.3106
322,-83.7094,-83.626,-83.5594,-83.5051,-83.4606,-83.4248,-83.3977,-83.3795,-83.3701,-83.3685,-83.3732
323,-83.75,-83.6722,-83.6095,-83.558,-83.5155,-83.481,-83.4547,-83.4366,-83.4268,-83.4242,-83.4276
324,-83.786,-83.7128,-83.6534,-83.6043,-83.5634,-83.5301,-83.5043,-83.4865,-83.4763,-83.473,-83.4752
325,-83.8182,-83.7488,-83.6922,-83.645,-83.6056,-83.5732,-83.548,-83.5303,-83.5198,-83.5159,-83.5172
326,-83.8473,-83.7811,-83.7268,-83.6813,-83.6431,-83.6115,-83.5868,-83.5692,-83.5585,-83.554,-83.5545
327,-83.8738,-83.8103,-83.7579,-83.7138,-83.6766,-83.6458,-83.6215,-83.604,-83.5931,-83.5883,-83.5881
328,-83.8982,-83.8369,-83.7861,-83.7433,-83.707,-83.6767,-83.6528,-83.6354,-83.6244,-83.6192,-83.6186
329,-83.9207,-83.8613,-83.812,-83.7702,-83.7346,-83.7049,-83.6813,-83.664,-83.653,-83.6475,-83.6464
330,-83.9418,-83.8841,-83.8359,-83.795,-83.7601,-83.7309,-83.7075,-83.6904,-83.6792,-83.6735,-83.6721
331,-83.9617,-83.9053,-83.8582,-83.818,-83.7837,-83.7549,-83.7318,-83.7148,-83.7036,-83.6977,-83.696
332,-83.9805,-83.9254,-83.8791,-83.8396,-83.8058,-83.7774,-83.7545,-83.7376,-83.7264,-83.7203,-83.7184
333,-83.9985,-83.9444,-83.8989,-83.86,-83.8266,-83.7985,-83.7759,-83.759,-83.7478,-83.7417,-83.7395
334,-84.0158,-83.9625,-83.9177,-83.8794,-83.8464,-83.8186,-83.7961,-83.7794,-83.7682,-83.7619,-83.7596
335,-84.0324,-83.9799,-83.9357,-83.8979,-83.8652,-83.8377,-83.8155,-83.7988,-83.7876,-83.7812,-83.7788
336,-84.0485,-83.9967,-83.9531,-83.9156,-83.8833,-83.8561,-83.834,-83.8174,-83.8062,-83.7998,-83.7972
337,-84.0641,-84.013,-83.9698,-83.9328,-83.9008,-83.8737,-83.8518,-83.8354,-83.8242,-83.8177,-83.815
338,-84.0793,-84.0288,-83.9861,-83.9494,-83.9177,-83.8909,-83.8691,-83.8527,-83.8416,-83.8351,-83.8323
339,-84.0942,-84.0442,-84.0019,-83.9655,-83.9341,-83.9075,-83.8859,-83.8696,-83.8585,-83.852,-83.8491
340,-84.1088,-84.0592,-84.0174,-83.9813,-83.9501,-83.9237,-83.9023,-83.8861,-83.875,-83.8684,-83.8655
341,-84.1231,-84.074,-84.0325,-83.9967,-83.9658,-83.9396,-83.9183,-83.9021,-83.8911,-83.8845,-83.8816
342,-84.1372,-84.0885,-84.0473,-84.0118,-83.9811,-83.9551,-83.9339,-83.9179,-83.9068,-83.9003,-83.8973
343,-84.151,-84.1027,-84.0619,-84.0267,-83.9962,-83.9703,-83.9493,-83.9333,-83.9223,-83.9158,-83.9128
344,-84.1647,-84.1168,-84.0762,-84.0413,-84.011,-83.9853,-83.9644,-83.9485,-83.9376,-83.931,-83.928
345,-84.1782,-84.1306,-84.0904,-84.0557,-84.0256,-84.0001,-83.9793,-83.9635,-83.9526,-83.946,-83.943
346,-84.1915,-84.1442,-84.1043,-84.0698,-84.04,-84.0146,-83.9939,-83.9782,-83.9674,-83.9608,-83.9577
347,-84.2046,-84.1577,-84.1181,-84.0838,-84.0542,-84.029,-84.0084,-83.9928,-83.982,-83.9754,-83.9723
348,-84.2176,-84.171,-84.1316,-84.0976,-84.0682,-84.0431,-84.0227,-84.0072,-83.9964,-83.9898,-83.9867
349,-84.2304,-84.1842,-84.1451,-84.1113,-84.082,-84.0571,-84.0368,-84.0214,-84.0106,-84.0041,-84.001
350,-84.2431,-84.1972,-84.1583,-84.1248,-84.0957,-84.071,-84.0508,-84.0354,-84.0247,-84.0182,-84.015
351,-84.2557,-84.2101,-84.1715,-84.1381,-84.1092,-84.0847,-84.0646,-84.0493,-84.0386,-84.0321,-84.029
352,-84.2681,-84.2228,-84.1844,-84.1513,-84.1226,-84.0982,-84.0782,-84.063,-84.0524,-84.0459,-84.0428
353,-84.2804,-84.2354,-84.1973,-84.1644,-84.1359,-84.1116,-84.0918,-84.0766,-84.0661,-84.0596,-84.0564
354,-84.2926,-84.2479,-84.21,-84.1773,-84.149,-84.1249,-84.1051,-84.0901,-84.0796,-84.0731,-84.0699
355,-84.3047,-84.2602,-84.2226,-84.1901,-84.162,-84.138,-84.1184,-84.1034,-84.0929,-84.0865,-84.0833
356,-84.3166,-84.2725,-84.2351,-84.2028,-84.1748,-84.151,-84.1315,-84.1166,-84.1062,-84.0998,-84.0966
357,-84.3285,-84.2846,-84.2475,-84.2154,-84.1876,-84.1639,-84.1445,-84.1297,-84.1193,-84.1129,-84.1097
358,-84.3402,-84.2966,-84.2597,-84.2278,-84.2002,-84.1767,-84.1574,-84.1426,-84.1323,-84.1259,-84.1227
359,-84.3518,-84.3085,-84.2718,-84.2402,-84.2127,-84.1893,-84.1701,-84.1555,-84.1452,-84.1388,-84.1356
360,-84.3633,-84.3203,-84.2838,-84.2524,-84.2251,-84.2018,-84.1828,-84.1682,-84.1579,-84.1516,-84.1484
361,-84.3747,-84.3319,-84.2957,-84.2645,-84.2373,-84.2142,-84.1953,-84.1808,-84.1706,-84.1642,-84.161
362,-84.3859,-84.3435,-84.3075,-84.2764,-84.2495,-84.2265,-84.2077,-84.1932,-84.1831,-84.1768,-84.1735
363,-84.3971,-84.3549,-84.3192,-84.2883,-84.2615,-84.2387,-84.22,-84.2056,-84.1955,-84.1892,-84.1859
364,-84.4082,-84.3662,-84.3307,-84.3,-84.2734,-84.2507,-84.2321,-84.2178,-84.2078,-84.2015,-84.1982
365,-84.4191,-84.3774,-84.3422,-84.3117,-84.2852,-84.2627,-84.2442,-84.23,-84.22,-84.2137,-84.2104
366,-84.4299,-84.3885,-84.3535,-84.3232,-84.2969,-84.2745,-84.2561,-84.242,-84.232,-84.2258,-84.2225
367,-84.4407,-84.3995,-84.3647,-84.3346,-84.3085,-84.2862,-84.2679,-84.2539,-84.244,-84.2377,-84.2345
368,-84.4513,-84.4104,-84.3758,-84.3459,-84.32,-84.2978,-84.2797,-84.2657,-84.2558,-84.2496,-84.2463
369,-84.4618,-84.4212,-84.3868,-84.3571,-84.3313,-84.3093,-84.2913,-84.2773,-84.2675,-84.2613,-84.258
370,-84.4723,-84.4319,-84.3977,-84.3682,-84.3426,-84.3207,-84.3027,-84.2889,-84.2791,-84.2729,-84.2697
371,-84.4826,-84.4425,-84.4085,-84.3792,-84.3537,-84.332,-84.3141,-84.3004,-84.2906,-84.2845,-84.2812
372,-84.4928,-84.453,-84.4192,-84.3901,-84.3648,-84.3432,-84.3254,-84.3117,-84.302,-84.2959,-84.2926
373,-84.5029,-84.4633,-84.4298,-84.4008,-84.3757,-84.3542,-84.3366,-84.3229,-84.3133,-84.3072,-84.3039
374,-84.5129,-84.4736,-84.4403,-84.4115,-84.3865,-84.3652,-84.3476,-84.3341,-84.3245,-84.3184,-84.3151
375,-84.5228,-84.4838,-84.4507,-84.4221,-84.3972,-84.376,-84.3586,-84.3451,-84.3355,-84.3294,-84.3262
376,-84.5326,-84.4938,-84.4609,-84.4325,-84.4078,-84.3867,-84.3694,-84.356,-84.3465,-84.3404,-84.3371
377,-84.5424,-84.5038,-84.4711,-84.4429,-84.4183,-84.3974,-84.3801,-84.3668,-84.3573,-84.3513,-84.348
378,-84.552,-84.5136,-84.4812,-84.4531,-84.4287,-84.4079,-84.3908,-84.3775,-84.3681,-84.362,-84.3587
379,-84.5615,-84.5234,-84.4912,-84.4633,-84.439,-84.4183,-84.4013,-84.3881,-84.3787,-84.3727,-84.3694
380,-84.5709,-84.5331,-84.501,-84.4733,-84.4492,-84.4286,-84.4117,-84.3986,-84.3892,-84.3832,-84.3799
381,-84.5802,-84.5426,-84.5108,-84.4833,-84.4593,-84.4389,-84.422,-84.409,-84.3997,-84.3937,-84.3904
382,-84.5895,-84.5521,-84.5205,-84.4931,-84.4693,-84.449,-84.4322,-84.4193,-84.41,-84.404,-84.4007
383,-84.5986,-84.5615,-84.53,-84.5028,-84.4792,-84.459,-84.4423,-84.4294,-84.4202,-84.4143,-84.411
384,-84.6076,-84.5707,-84.5395,-84.5125,-84.489,-84.4689,-84.4523,-84.4395,-84.4303,-84.4244,-84.4211
385,-84.6166,-84.5799,-84.5489,-84.522,-84.4987,-84.4787,-84.4622,-84.4495,-84.4403,-84.4344,-84.4311
386,-84.6254,-84.589,-84.5582,-84.5315,-84.5083,-84.4884,-84.472,-84.4593,-84.4502,-84.4444,-84.441
387,-84.6342,-84.598,-84.5673,-84.5408,-84.5178,-84.498,-84.4818,-84.4691,-84.4601,-84.4542,-84.4509
388,-84.6429,-84.6069,-84.5764,-84.5501,-84.5272,-84.5075,-84.4914,-84.4788,-84.4698,-84.4639,-84.4606
389,-84.6514,-84.6157,-84.5854,-84.5592,-84.5365,-84.517,-84.5009,-84.4884,-84.4794,-84.4735,-84.4702
390,-84.6599,-84.6244,-84.5943,-84.5683,-84.5457,-84.5263,-84.5103,-84.4978,-84.4889,-84.4831,-84.4798
391,-84.6683,-84.633,-84.6031,-84.5773,-84.5548,-84.5355,-84.5196,-84.5072,-84.4983,-84.4925,-84.4892
392,-84.6766,-84.6416,-84.6119,-84.5861,-84.5638,-84.5446,-84.5288,-84.5165,-84.5076,-84.5018,-84.4985
393,-84.6848,-84.65,-84.6205,-84.5949,-84.5727,-84.5536,-84.5379,-84.5257,-84.5168,-84.5111,-84.5078
394,-84.693,-84.6584,-84.629,-84.6036,-84.5815,-84.5626,-84.5469,-84.5348,-84.526,-84.5202,-84.5169
395,-84.701,-84.6666,-84.6375,-84.6122,-84.5903,-84.5714,-84.5559,-84.5437,-84.535,-84.5293,-84.526
396,-84.709,-84.6748,-84.6458,-84.6207,-84.5989,-84.5802,-84.5647,-84.5526,-84.5439,-84.5382,-84.5349
397,-84.7169,-84.6829,-84.6541,-84.6291,-84.6074,-84.5888,-84.5734,-84.5614,-84.5528,-84.5471,-84.5438
398,-84.7247,-84.6909,-84.6623,-84.6375,-84.6159,-84.5974,-84.5821,-84.5702,-84.5615,-84.5558,-84.5525
399,-84.7324,-84.6988,-84.6704,-84.6457,-84.6243,-84.6059,-84.5907,-84.5788,-84.5702,-84.5645,-84.5612
400,-84.74,-84.7066,-84.6784,-84.6539,-84.6325,-84.6143,-84.5991,-84.5873,-84.5787,-84.5731,-84.5698
401,-84.7476,-84.7144,-84.6863,-84.6619,-84.6407,-84.6226,-84.6075,-84.5957,-84.5872,-84.5816,-84.5783
402,-84.755,-84.7221,-84.6941,-84.6699,-84.6488,-84.6308,-84.6158,-84.6041,-84.5956,-84.59,-84.5867
403,-84.7624,-84.7297,-84.7019,-84.6778,-84.6569,-84.6389,-84.624,-84.6124,-84.6039,-84.5983,-84.595
404,-84.7697,-84.7372,-84.7095,-84.6856,-84.6648,-84.6469,-84.6321,-84.6205,-84.6121,-84.6065,-84.6032
405,-84.7769,-84.7446,-84.7171,-84.6934,-84.6726,-84.6549,-84.6401,-84.6286,-84.6202,-84.6147,-84.6114
406,-84.7841,-84.7519,-84.7246,-84.701,-84.6804,-84.6627,-84.6481,-84.6366,-84.6283,-84.6227,-84.6194
407,-84.7912,-84.7592,-84.7321,-84.7086,-84.6881,-84.6705,-84.6559,-84.6445,-84.6362,-84.6307,-84.6274
408,-84.7982,-84.7664,-84.7394,-84.716,-84.6957,-84.6782,-84.6637,-84.6524,-84.6441,-84.6386,-84.6352
409,-84.8051,-84.7735,-84.7467,-84.7234,-84.7032,-84.6858,-84.6714,-84.6601,-84.6519,-84.6463,-84.643
410,-84.8119,-84.7805,-84.7539,-84.7308,-84.7106,-84.6934,-84.679,-84.6678,-84.6596,-84.6541,-84.6508
411,-84.8187,-84.7875,-84.761,-84.738,-84.718,-84.7008,-84.6865,-84.6753,-84.6672,-84.6617,-84.6584
412,-84.8254,-84.7944,-84.768,-84.7452,-84.7253,-84.7082,-84.694,-84.6828,-84.6747,-84.6692,-84.6659
413,-84.832,-84.8012,-84.775,-84.7523,-84.7325,-84.7155,-84.7013,-84.6903,-84.6821,-84.6767,-84.6734
414,-84.8386,-84.8079,-84.7818,-84.7593,-84.7396,-84.7227,-84.7086,-84.6976,-84.6895,-84.6841,-84.6808
415,-84.8451,-84.8146,-84.7887,-84.7662,-84.7466,-84.7298,-84.7158,-84.7049,-84.6968,-84.6914,-84.6881
416,-84.8515,-84.8211,-84.7954,-84.7731,-84.7536,-84.7369,-84.723,-84.712,-84.704,-84.6986,-84.6953
417,-84.8578,-84.8277,-84.8021,-84.7798,-84.7605,-84.7439,-84.73,-84.7191,-84.7111,-84.7058,-84.7025
418,-84.8641,-84.8341,-84.8086,-84.7866,-84.7673,-84.7508,-84.737,-84.7262,-84.7182,-84.7128,-84.7095
419,-84.8703,-84.8405,-84.8152,-84.7932,-84.7741,-84.7576,-84.7439,-84.7331,-84.7252,-84.7198,-84.7165
420,-84.8764,-84.8468,-84.8216,-84.7998,-84.7807,-84.7643,-84.7507,-84.74,-84.7321,-84.7267,-84.7234
421,-84.8825,-84.853,-84.828,-84.8063,-84.7873,-84.771,-84.7575,-84.7468,-84.7389,-84.7336,-84.7303
422,-84.8885,-84.8592,-84.8343,-84.8127,-84.7938,-84.7776,-84.7641,-84.7535,-84.7457,-84.7403,-84.737
423,-84.8944,-84.8653,-84.8405,-84.819,-84.8003,-84.7842,-84.7707,-84.7602,-84.7523,-84.747,-84.7437
424,-84.9003,-84.8713,-84.8467,-84.8253,-84.8067,-84.7906,-84.7773,-84.7667,-84.759,-84.7537,-84.7504
425,-84.9061,-84.8773,-84.8528,-84.8315,-84.813,-84.797,-84.7837,-84.7732,-84.7655,-84.7602,-84.7569
426,-84.9119,-84.8832,-84.8588,-84.8377,-84.8192,-84.8034,-84.7901,-84.7797,-84.772,-84.7667,-84.7634
427,-84.9176,-84.8891,-84.8648,-84.8438,-84.8254,-84.8096,-84.7964,-84.786,-84.7784,-84.7731,-84.7698
428,-84.9232,-84.8948,-84.8707,-84.8498,-84.8315,-84.8158,-84.8027,-84.7923,-84.7847,-84.7794,-84.7761
429,-84.9288,-84.9005,-84.8766,-84.8558,-84.8376,-84.8219,-84.8089,-84.7986,-84.7909,-84.7857,-84.7824
430,-84.9343,-84.9062,-84.8823,-84.8616,-84.8436,-84.828,-84.815,-84.8047,-84.7971,-84.7919,-84.7886
431,-84.9397,-84.9118,-84.8881,-84.8675,-84.8495,-84.834,-84.8211,-84.8108,-84.8032,-84.798,-84.7947
432,-84.9451,-84.9173,-84.8937,-84.8732,-84.8553,-84.8399,-84.827,-84.8168,-84.8093,-84.8041,-84.8008
433,-84.9504,-84.9228,-84.8993,-84.8789,-84.8611,-84.8458,-84.833,-84.8228,-84.8153,-84.8101,-84.8068
434,-84.9557,-84.9282,-84.9048,-84.8846,-84.8668,-84.8516,-84.8388,-84.8287,-84.8212,-84.816,-84.8128
435,-84.9609,-84.9336,-84.9103,-84.8901,-84.8725,-84.8573,-84.8446,-84.8345,-84.8271,-84.8219,-84.8186
436,-84.9661,-84.9389,-84.9157,-84.8956,-84.8781,-84.863,-84.8503,-84.8403,-84.8329,-84.8277,-84.8244
437,-84.9712,-84.9441,-84.9211,-84.9011,-84.8836,-84.8686,-84.856,-84.846,-84.8386,-84.8335,-84.8302
438,-84.9762,-84.9493,-84.9264,-84.9065,-84.8891,-84.8741,-84.8616,-84.8517,-84.8443,-84.8391,-84.8359
439,-84.9812,-84.9544,-84.9316,-84.9118,-84.8945,-84.8796,-84.8671,-84.8572,-84.8499,-84.8448,-84.8415
440,-84.9861,-84.9595,-84.9368,-84.9171,-84.8999,-84.885,-84.8726,-84.8628,-84.8554,-84.8503,-84.847
441,-84.991,-84.9645,-84.9419,-84.9223,-84.9052,-84.8904,-84.8781,-84.8682,-84.8609,-84.8558,-84.8525
442,-84.9958,-84.9695,-84.947,-84.9275,-84.9104,-84.8957,-84.8834,-84.8736,-84.8663,-84.8613,-84.858
443,-85.0006,-84.9744,-84.952,-84.9326,-84.9156,-84.901,-84.8887,-84.879,-84.8717,-84.8666,-84.8634
444,-85.0054,-84.9792,-84.957,-84.9377,-84.9208,-84.9062,-84.894,-84.8843,-84.877,-84.872,-84.8687
445,-85.01,-84.984,-84.9619,-84.9427,-84.9258,-84.9113,-84.8992,-84.8895,-84.8823,-84.8772,-84.8739
446,-85.0147,-84.9888,-84.9668,-84.9476,-84.9309,-84.9164,-84.9043,-84.8947,-84.8875,-84.8824,-84.8792
447,-85.0192,-84.9935,-84.9716,-84.9525,-84.9358,-84.9214,-84.9094,-84.8998,-84.8926,-84.8876,-84.8843
448,-85.0238,-84.9981,-84.9763,-84.9573,-84.9407,-84.9264,-84.9144,-84.9048,-84.8977,-84.8927,-84.8894
449,-85.0282,-85.0027,-84.981,-84.9621,-84.9456,-84.9313,-84.9194,-84.9099,-84.9027,-84.8977,-84.8944
450,-85.0327,-85.0073,-84.9857,-84.9669,-84.9504,-84.9362,-84.9243,-84.9148,-84.9077,-84.9027,-84.8994
451,-85.0371,-85.0118,-84.9903,-84.9715,-84.9552,-84.941,-84.9292,-84.9197,-84.9126,-84.9076,-84.9044
452,-85.0414,-85.0162,-84.9948,-84.9762,-84.9599,-84.9458,-84.934,-84.9246,-84.9175,-84.9125,-84.9092
453,-85.0457,-85.0207,-84.9993,-84.9808,-84.9645,-84.9505,-84.9387,-84.9293,-84.9223,-84.9173,-84.9141
454,-85.0499,-85.025,-85.0038,-84.9853,-84.9691,-84.9552,-84.9434,-84.9341,-84.9271,-84.9221,-84.9188
455,-85.0541,-85.0293,-85.0082,-84.9898,-84.9737,-84.9598,-84.9481,-84.9388,-84.9318,-84.9268,-84.9236
456,-85.0583,-85.0336,-85.0125,-84.9942,-84.9782,-84.9643,-84.9527,-84.9434,-84.9364,-84.9315,-84.9282
457,-85.0624,-85.0378,-85.0169,-84.9986,-84.9827,-84.9689,-84.9573,-84.948,-84.941,-84.9361,-84.9329
458,-85.0665,-85.042,-85.0211,-85.003,-84.9871,-84.9733,-84.9618,-84.9526,-84.9456,-84.9407,-84.9374
459,-85.0705,-85.0461,-85.0253,-85.0073,-84.9914,-84.9777,-84.9662,-84.9571,-84.9501,-84.9452,-84.942
460,-85.0745,-85.0502,-85.0295,-85.0115,-84.9957,-84.9821,-84.9707,-84.9615,-84.9546,-84.9497,-84.9464
461,-85.0784,-85.0543,-85.0337,-85.0157,-85,-84.9864,-84.975,-84.9659,-84.959,-84.9541,-84.9509
462,-85.0823,-85.0583,-85.0377,-85.0199,-85.0042,-84.9907,-84.9793,-84.9702,-84.9634,-84.9585,-84.9552
463,-85.0862,-85.0622,-85.0418,-85.024,-85.0084,-84.9949,-84.9836,-84.9745,-84.9677,-84.9628,-84.9596
464,-85.09,-85.0661,-85.0458,-85.0281,-85.0126,-84.9991,-84.9878,-84.9788,-84.972,-84.9671,-84.9639
465,-85.0938,-85.07,-85.0497,-85.0321,-85.0167,-85.0033,-84.992,-84.983,-84.9762,-84.9714,-84.9681
466,-85.0975,-85.0739,-85.0537,-85.0361,-85.0207,-85.0074,-84.9962,-84.9872,-84.9804,-84.9756,-84.9723
467,-85.1012,-85.0776,-85.0575,-85.04,-85.0247,-85.0114,-85.0003,-84.9913,-84.9845,-84.9797,-84.9764
468,-85.1049,-85.0814,-85.0614,-85.0439,-85.0287,-85.0154,-85.0043,-84.9954,-84.9886,-84.9838,-84.9806
469,-85.1085,-85.0851,-85.0652,-85.0478,-85.0326,-85.0194,-85.0083,-84.9994,-84.9927,-84.9879,-84.9846
470,-85.1121,-85.0888,-85.0689,-85.0516,-85.0365,-85.0233,-85.0123,-85.0034,-84.9967,-84.9919,-84.9886
471,-85.1156,-85.0924,-85.0727,-85.0554,-85.0403,-85.0272,-85.0162,-85.0074,-85.0007,-84.9959,-84.9926
472,-85.1191,-85.096,-85.0763,-85.0592,-85.0441,-85.0311,-85.0201,-85.0113,-85.0046,-84.9998,-84.9966
473,-85.1226,-85.0996,-85.08,-85.0629,-85.0479,-85.0349,-85.0239,-85.0152,-85.0085,-85.0037,-85.0004
474,-85.126,-85.1031,-85.0836,-85.0665,-85.0516,-85.0386,-85.0277,-85.019,-85.0123,-85.0075,-85.0043
475,-85.1294,-85.1066,-85.0871,-85.0702,-85.0553,-85.0424,-85.0315,-85.0228,-85.0161,-85.0114,-85.0081
476,-85.1328,-85.1101,-85.0907,-85.0737,-85.0589,-85.0461,-85.0352,-85.0265,-85.0199,-85.0151,-85.0119
477,-85.1361,-85.1135,-85.0941,-85.0773,-85.0625,-85.0497,-85.0389,-85.0302,-85.0236,-85.0189,-85.0156
478,-85.1394,-85.1169,-85.0976,-85.0808,-85.0661,-85.0533,-85.0425,-85.0339,-85.0273,-85.0226,-85.0193
479,-85.1427,-85.1202,-85.101,-85.0843,-85.0696,-85.0569,-85.0462,-85.0375,-85.0309,-85.0262,-85.023
480,-85.1459,-85.1235,-85.1044,-85.0877,-85.0731,-85.0604,-85.0497,-85.0411,-85.0346,-85.0298,-85.0266
481,-85.1491,-85.1268,-85.1077,-85.0911,-85.0766,-85.0639,-85.0533,-85.0447,-85.0381,-85.0334,-85.0302
482,-85.1523,-85.1301,-85.1111,-85.0945,-85.08,-85.0674,-85.0567,-85.0482,-85.0417,-85.0369,-85.0337
483,-85.1554,-85.1333,-85.1143,-85.0978,-85.0834,-85.0708,-85.0602,-85.0517,-85.0452,-85.0404,-85.0372
484,-85.1585,-85.1364,-85.1176,-85.1011,-85.0867,-85.0742,-85.0636,-85.0551,-85.0486,-85.0439,-85.0407
485,-85.1616,-85.1396,-85.1208,-85.1044,-85.09,-85.0775,-85.067,-85.0585,-85.052,-85.0473,-85.0441
486,-85.1646,-85.1427,-85.124,-85.1076,-85.0933,-85.0809,-85.0704,-85.0619,-85.0554,-85.0507,-85.0475
487,-85.1676,-85.1458,-85.1271,-85.1108,-85.0966,-85.0842,-85.0737,-85.0652,-85.0588,-85.0541,-85.0509
488,-85.1706,-85.1488,-85.1302,-85.114,-85.0998,-85.0874,-85.077,-85.0685,-85.0621,-85.0574,-85.0542
489,-85.1735,-85.1519,-85.1333,-85.1171,-85.1029,-85.0906,-85.0802,-85.0718,-85.0654,-85.0607,-85.0575
490,-85.1764,-85.1548,-85.1364,-85.1202,-85.1061,-85.0938,-85.0834,-85.075,-85.0686,-85.064,-85.0607
491,-85.1793,-85.1578,-85.1394,-85.1233,-85.1092,-85.097,-85.0866,-85.0783,-85.0718,-85.0672,-85.064
492,-85.1822,-85.1607,-85.1424,-85.1264,-85.1123,-85.1001,-85.0898,-85.0814,-85.075,-85.0704,-85.0671
493,-85.185,-85.1636,-85.1453,-85.1294,-85.1153,-85.1032,-85.0929,-85.0846,-85.0782,-85.0735,-85.0703
494,-85.1878,-85.1665,-85.1483,-85.1323,-85.1184,-85.1062,-85.096,-85.0877,-85.0813,-85.0767,-85.0734
495,-85.1906,-85.1693,-85.1512,-85.1353,-85.1214,-85.1092,-85.099,-85.0907,-85.0844,-85.0798,-85.0765
496,-85.1933,-85.1721,-85.154,-85.1382,-85.1243,-85.1122,-85.102,-85.0938,-85.0874,-85.0828,-85.0796
497,-85.196,-85.1749,-85.1569,-85.1411,-85.1272,-85.1152,-85.105,-85.0968,-85.0905,-85.0858,-85.0826
498,-85.1987,-85.1777,-85.1597,-85.144,-85.1301,-85.1181,-85.108,-85.0998,-85.0935,-85.0888,-85.0856
499,-85.2014,-85.1804,-85.1625,-85.1468,-85.133,-85.121,-85.1109,-85.1027,-85.0964,-85.0918,-85.0886
500,-85.204,-85.1831,-85.1652,-85.1496,-85.1359,-85.1239,-85.1138,-85.1056,-85.0993,-85.0947,-85.0915
501,-85.2066,-85.1858,-85.1679,-85.1524,-85.1387,-85.1268,-85.1167,-85.1085,-85.1023,-85.0977,-85.0944
502,-85.2092,-85.1884,-85.1706,-85.1551,-85.1414,-85.1296,-85.1195,-85.1114,-85.1051,-85.1005,-85.0973
503,-85.2117,-85.191,-85.1733,-85.1578,-85.1442,-85.1324,-85.1223,-85.1142,-85.108,-85.1034,-85.1002
504,-85.2143,-85.1936,-85.1759,-85.1605,-85.1469,-85.1351,-85.1251,-85.117,-85.1108,-85.1062,-85.103
505,-85.2168,-85.1962,-85.1786,-85.1632,-85.1496,-85.1379,-85.1279,-85.1198,-85.1136,-85.109,-85.1058
506,-85.2193,-85.1987,-85.1812,-85.1658,-85.1523,-85.1406,-85.1306,-85.1225,-85.1163,-85.1118,-85.1085
507,-85.2217,-85.2013,-85.1837,-85.1684,-85.155,-85.1432,-85.1333,-85.1253,-85.1191,-85.1145,-85.1113
508,-85.2241,-85.2038,-85.1863,-85.171,-85.1576,-85.1459,-85.136,-85.128,-85.1218,-85.1172,-85.114
509,-85.2266,-85.2062,-85.1888,-85.1736,-85.1602,-85.1485,-85.1386,-85.1306,-85.1244,-85.1199,-85.1167
510,-85.2289,-85.2087,-85.1913,-85.1761,-85.1627,-85.1511,-85.1413,-85.1333,-85.1271,-85.1225,-85.1193
511,-85.2313,-85.2111,-85.1937,-85.1786,-85.1653,-85.1537,-85.1438,-85.1359,-85.1297,-85.1252,-85.1219
512,-85.2336,-85.2135,-85.1962,-85.1811,-85.1678,-85.1562,-85.1464,-85.1385,-85.1323,-85.1278,-85.1245
513,-85.2359,-85.2158,-85.1986,-85.1835,-85.1703,-85.1587,-85.149,-85.141,-85.1349,-85.1303,-85.1271
514,-85.2382,-85.2182,-85.201,-85.186,-85.1727,-85.1612,-85.1515,-85.1435,-85.1374,-85.1329,-85.1297
515,-85.2405,-85.2205,-85.2034,-85.1884,-85.1752,-85.1637,-85.154,-85.1461,-85.1399,-85.1354,-85.1322
516,-85.2428,-85.2228,-85.2057,-85.1908,-85.1776,-85.1662,-85.1564,-85.1485,-85.1424,-85.1379,-85.1347
517,-85.245,-85.2251,-85.208,-85.1931,-85.18,-85.1686,-85.1589,-85.151,-85.1449,-85.1404,-85.1372
518,-85.2472,-85.2274,-85.2103,-85.1955,-85.1824,-85.171,-85.1613,-85.1534,-85.1473,-85.1428,-85.1396
519,-85.2494,-85.2296,-85.2126,-85.1978,-85.1847,-85.1733,-85.1637,-85.1558,-85.1498,-85.1453,-85.142
520,-85.2515,-85.2318,-85.2149,-85.2001,-85.187,-85.1757,-85.1661,-85.1582,-85.1522,-85.1477,-85.1444
521,-85.2537,-85.234,-85.2171,-85.2023,-85.1893,-85.178,-85.1684,-85.1606,-85.1545,-85.15,-85.1468
522,-85.2558,-85.2362,-85.2193,-85.2046,-85.1916,-85.1803,-85.1707,-85.1629,-85.1569,-85.1524,-85.1492
523,-85.2579,-85.2383,-85.2215,-85.2068,-85.1939,-85.1826,-85.173,-85.1652,-85.1592,-85.1547,-85.1515
524,-85.26,-85.2404,-85.2237,-85.209,-85.1961,-85.1849,-85.1753,-85.1675,-85.1615,-85.157,-85.1538
525,-85.262,-85.2425,-85.2258,-85.2112,-85.1983,-85.1871,-85.1776,-85.1698,-85.1638,-85.1593,-85.1561
526,-85.2641,-85.2446,-85.228,-85.2134,-85.2005,-85.1893,-85.1798,-85.1721,-85.166,-85.1616,-85.1584
527,-85.2661,-85.2467,-85.2301,-85.2155,-85.2027,-85.1915,-85.182,-85.1743,-85.1683,-85.1638,-85.1606
528,-85.2681,-85.2487,-85.2321,-85.2176,-85.2048,-85.1937,-85.1842,-85.1765,-85.1705,-85.166,-85.1628
529,-85.2701,-85.2508,-85.2342,-85.2197,-85.207,-85.1958,-85.1864,-85.1787,-85.1727,-85.1682,-85.165
530,-85.272,-85.2528,-85.2363,-85.2218,-85.2091,-85.198,-85.1885,-85.1808,-85.1748,-85.1704,-85.1672
531,-85.274,-85.2548,-85.2383,-85.2239,-85.2112,-85.2001,-85.1907,-85.183,-85.177,-85.1725,-85.1693
532,-85.2759,-85.2567,-85.2403,-85.2259,-85.2132,-85.2022,-85.1928,-85.1851,-85.1791,-85.1747,-85.1715
533,-85.2778,-85.2587,-85.2423,-85.2279,-85.2153,-85.2042,-85.1949,-85.1872,-85.1812,-85.1768,-85.1736
534,-85.2797,-85.2606,-85.2443,-85.2299,-85.2173,-85.2063,-85.1969,-85.1893,-85.1833,-85.1789,-85.1757
535,-85.2815,-85.2625,-85.2462,-85.2319,-85.2193,-85.2083,-85.199,-85.1913,-85.1854,-85.181,-85.1777
536,-85.2834,-85.2644,-85.2481,-85.2339,-85.2213,-85.2103,-85.201,-85.1934,-85.1874,-85.183,-85.1798
537,-85.2852,-85.2663,-85.25,-85.2358,-85.2233,-85.2123,-85.203,-85.1954,-85.1895,-85.185,-85.1818
538,-85.2871,-85.2682,-85.2519,-85.2377,-85.2252,-85.2143,-85.205,-85.1974,-85.1915,-85.187,-85.1838
539,-85.2889,-85.27,-85.2538,-85.2396,-85.2271,-85.2162,-85.207,-85.1994,-85.1935,-85.189,-85.1858
540,-85.2906,-85.2718,-85.2557,-85.2415,-85.2291,-85.2182,-85.2089,-85.2013,-85.1954,-85.191,-85.1878
541,-85.2924,-85.2736,-85.2575,-85.2434,-85.231,-85.2201,-85.2108,-85.2033,-85.1974,-85.193,-85.1898
542,-85.2942,-85.2754,-85.2593,-85.2453,-85.2328,-85.222,-85.2128,-85.2052,-85.1993,-85.1949,-85.1917
543,-85.2959,-85.2772,-85.2612,-85.2471,-85.2347,-85.2239,-85.2146,-85.2071,-85.2012,-85.1968,-85.1936
544,-85.2976,-85.279,-85.2629,-85.2489,-85.2365,-85.2257,-85.2165,-85.209,-85.2031,-85.1987,-85.1955
545,-85.2993,-85.2807,-85.2647,-85.2507,-85.2384,-85.2276,-85.2184,-85.2109,-85.205,-85.2006,-85.1974
546,-85.301,-85.2824,-85.2665,-85.2525,-85.2402,-85.2294,-85.2202,-85.2127,-85.2069,-85.2025,-85.1993
547,-85.3027,-85.2841,-85.2682,-85.2543,-85.2419,-85.2312,-85.222,-85.2146,-85.2087,-85.2043,-85.2011
548,-85.3043,-85.2858,-85.2699,-85.256,-85.2437,-85.233,-85.2239,-85.2164,-85.2105,-85.2061,-85.2029
549,-85.306,-85.2875,-85.2716,-85.2577,-85.2455,-85.2348,-85.2256,-85.2182,-85.2123,-85.2079,-85.2047
550,-85.3076,-85.2892,-85.2733,-85.2595,-85.2472,-85.2365,-85.2274,-85.22,-85.2141,-85.2097,-85.2065
551,-85.3092,-85.2908,-85.275,-85.2612,-85.2489,-85.2383,-85.2292,-85.2217,-85.2159,-85.2115,-85.2083
552,-85.3108,-85.2924,-85.2767,-85.2628,-85.2506,-85.24,-85.2309,-85.2235,-85.2176,-85.2133,-85.2101
553,-85.3124,-85.2941,-85.2783,-85.2645,-85.2523,-85.2417,-85.2326,-85.2252,-85.2194,-85.215,-85.2118
554,-85.3139,-85.2957,-85.2799,-85.2662,-85.254,-85.2434,-85.2343,-85.2269,-85.2211,-85.2167,-85.2135
555,-85.3155,-85.2972,-85.2816,-85.2678,-85.2557,-85.2451,-85.236,-85.2286,-85.2228,-85.2184,-85.2152
556,-85.317,-85.2988,-85.2832,-85.2694,-85.2573,-85.2467,-85.2377,-85.2303,-85.2245,-85.2201,-85.2169
557,-85.3185,-85.3004,-85.2847,-85.271,-85.2589,-85.2484,-85.2394,-85.232,-85.2262,-85.2218,-85.2186
558,-85.32,-85.3019,-85.2863,-85.2726,-85.2606,-85.25,-85.241,-85.2336,-85.2278,-85.2235,-85.2203
559,-85.3215,-85.3034,-85.2879,-85.2742,-85.2622,-85.2516,-85.2426,-85.2353,-85.2295,-85.2251,-85.2219
560,-85.323,-85.305,-85.2894,-85.2758,-85.2637,-85.2532,-85.2442,-85.2369,-85.2311,-85.2267,-85.2235
561,-85.3245,-85.3065,-85.2909,-85.2773,-85.2653,-85.2548,-85.2458,-85.2385,-85.2327,-85.2284,-85.2252
562,-85.3259,-85.3079,-85.2924,-85.2789,-85.2669,-85.2564,-85.2474,-85.2401,-85.2343,-85.23,-85.2268
563,-85.3274,-85.3094,-85.2939,-85.2804,-85.2684,-85.2579,-85.249,-85.2417,-85.2359,-85.2315,-85.2283
564,-85.3288,-85.3109,-85.2954,-85.2819,-85.2699,-85.2595,-85.2505,-85.2432,-85.2375,-85.2331,-85.2299
565,-85.3302,-85.3123,-85.2969,-85.2834,-85.2714,-85.261,-85.2521,-85.2448,-85.239,-85.2347,-85.2315
566,-85.3316,-85.3137,-85.2984,-85.2849,-85.2729,-85.2625,-85.2536,-85.2463,-85.2406,-85.2362,-85.233
567,-85.333,-85.3152,-85.2998,-85.2863,-85.2744,-85.264,-85.2551,-85.2478,-85.2421,-85.2377,-85.2345
568,-85.3344,-85.3166,-85.3012,-85.2878,-85.2759,-85.2655,-85.2566,-85.2493,-85.2436,-85.2393,-85.2361
569,-85.3357,-85.318,-85.3026,-85.2892,-85.2773,-85.267,-85.2581,-85.2508,-85.2451,-85.2408,-85.2376
570,-85.3371,-85.3193,-85.3041,-85.2906,-85.2788,-85.2684,-85.2596,-85.2523,-85.2466,-85.2422,-85.239
571,-85.3384,-85.3207,-85.3054,-85.292,-85.2802,-85.2699,-85.261,-85.2538,-85.248,-85.2437,-85.2405
572,-85.3398,-85.3221,-85.3068,-85.2934,-85.2816,-85.2713,-85.2625,-85.2552,-85.2495,-85.2452,-85.242
573,-85.3411,-85.3234,-85.3082,-85.2948,-85.283,-85.2727,-85.2639,-85.2566,-85.2509,-85.2466,-85.2434
574,-85.3424,-85.3247,-85.3095,-85.2962,-85.2844,-85.2741,-85.2653,-85.2581,-85.2524,-85.248,-85.2448
575,-85.3437,-85.3261,-85.3109,-85.2976,-85.2858,-85.2755,-85.2667,-85.2595,-85.2538,-85.2495,-85.2463
576,-85.345,-85.3274,-85.3122,-85.2989,-85.2872,-85.2769,-85.2681,-85.2609,-85.2552,-85.2509,-85.2477
577,-85.3462,-85.3287,-85.3135,-85.3003,-85.2885,-85.2783,-85.2695,-85.2623,-85.2566,-85.2523,-85.2491
578,-85.3475,-85.33,-85.3148,-85.3016,-85.2899,-85.2796,-85.2708,-85.2636,-85.258,-85.2536,-85.2504
579,-85.3487,-85.3312,-85.3161,-85.3029,-85.2912,-85.281,-85.2722,-85.265,-85.2593,-85.255,-85.2518
580,-85.35,-85.3325,-85.3174,-85.3042,-85.2925,-85.2823,-85.2735,-85.2663,-85.2607,-85.2564,-85.2532
581,-85.3512,-85.3337,-85.3187,-85.3055,-85.2938,-85.2836,-85.2749,-85.2677,-85.262,-85.2577,-85.2545
582,-85.3524,-85.335,-85.32,-85.3068,-85.2951,-85.2849,-85.2762,-85.269,-85.2633,-85.259,-85.2558
583,-85.3536,-85.3362,-85.3212,-85.308,-85.2964,-85.2862,-85.2775,-85.2703,-85.2647,-85.2604,-85.2572
584,-85.3548,-85.3374,-85.3224,-85.3093,-85.2977,-85.2875,-85.2788,-85.2716,-85.266,-85.2617,-85.2585
585,-85.356,-85.3386,-85.3237,-85.3105,-85.2989,-85.2888,-85.2801,-85.2729,-85.2673,-85.263,-85.2598
586,-85.3571,-85.3398,-85.3249,-85.3118,-85.3002,-85.29,-85.2813,-85.2742,-85.2685,-85.2642,-85.261
587,-85.3583,-85.341,-85.3261,-85.313,-85.3014,-85.2913,-85.2826,-85.2754,-85.2698,-85.2655,-85.2623
588,-85.3595,-85.3422,-85.3273,-85.3142,-85.3026,-85.2925,-85.2838,-85.2767,-85.2711,-85.2668,-85.2636
589,-85.3606,-85.3434,-85.3285,-85.3154,-85.3039,-85.2937,-85.2851,-85.2779,-85.2723,-85.268,-85.2648
590,-85.3617,-85.3445,-85.3296,-85.3166,-85.3051,-85.2949,-85.2863,-85.2792,-85.2735,-85.2693,-85.2661
591,-85.3628,-85.3456,-85.3308,-85.3178,-85.3062,-85.2962,-85.2875,-85.2804,-85.2748,-85.2705,-85.2673
592,-85.364,-85.3468,-85.332,-85.3189,-85.3074,-85.2973,-85.2887,-85.2816,-85.276,-85.2717,-85.2685
593,-85.3651,-85.3479,-85.3331,-85.3201,-85.3086,-85.2985,-85.2899,-85.2828,-85.2772,-85.2729,-85.2697
594,-85.3662,-85.349,-85.3342,-85.3212,-85.3098,-85.2997,-85.2911,-85.284,-85.2784,-85.2741,-85.2709
595,-85.3672,-85.3501,-85.3354,-85.3224,-85.3109,-85.3009,-85.2923,-85.2852,-85.2796,-85.2753,-85.2721
596,-85.3683,-85.3512,-85.3365,-85.3235,-85.3121,-85.302,-85.2934,-85.2863,-85.2807,-85.2764,-85.2732
597,-85.3694,-85.3523,-85.3376,-85.3246,-85.3132,-85.3032,-85.2946,-85.2875,-85.2819,-85.2776,-85.2744
598,-85.3704,-85.3534,-85.3387,-85.3257,-85.3143,-85.3043,-85.2957,-85.2886,-85.283,-85.2788,-85.2756
599,-85.3715,-85.3544,-85.3398,-85.3268,-85.3154,-85.3054,-85.2968,-85.2898,-85.2842,-85.2799,-85.2767
600,-85.3725,-85.3555,-85.3408,-85.3279,-85.3165,-85.3065,-85.298,-85.2909,-85.2853,-85.281,-85.2778
601,-85.3735,-85.3566,-85.3419,-85.329,-85.3176,-85.3076,-85.2991,-85.292,-85.2864,-85.2822,-85.279
602,-85.3745,-85.3576,-85.3429,-85.3301,-85.3187,-85.3087,-85.3002,-85.2931,-85.2875,-85.2833,-85.2801
603,-85.3756,-85.3586,-85.344,-85.3311,-85.3198,-85.3098,-85.3013,-85.2942,-85.2886,-85.2844,-85.2812
604,-85.3766,-85.3596,-85.345,-85.3322,-85.3208,-85.3109,-85.3023,-85.2953,-85.2897,-85.2855,-85.2823
605,-85.3775,-85.3607,-85.3461,-85.3332,-85.3219,-85.3119,-85.3034,-85.2964,-85.2908,-85.2865,-85.2833
606,-85.3785,-85.3617,-85.3471,-85.3343,-85.3229,-85.313,-85.3045,-85.2974,-85.2919,-85.2876,-85.2844
607,-85.3795,-85.3627,-85.3481,-85.3353,-85.324,-85.314,-85.3055,-85.2985,-85.2929,-85.2887,-85.2855
608,-85.3805,-85.3636,-85.3491,-85.3363,-85.325,-85.3151,-85.3066,-85.2996,-85.294,-85.2897,-85.2865
609,-85.3814,-85.3646,-85.3501,-85.3373,-85.326,-85.3161,-85.3076,-85.3006,-85.295,-85.2908,-85.2876
610,-85.3824,-85.3656,-85.3511,-85.3383,-85.327,-85.3171,-85.3086,-85.3016,-85.2961,-85.2918,-85.2886
611,-85.3833,-85.3665,-85.352,-85.3393,-85.328,-85.3181,-85.3097,-85.3026,-85.2971,-85.2928,-85.2896
612,-85.3843,-85.3675,-85.353,-85.3403,-85.329,-85.3191,-85.3107,-85.3037,-85.2981,-85.2939,-85.2907
613,-85.3852,-85.3684,-85.354,-85.3413,-85.33,-85.3201,-85.3117,-85.3047,-85.2991,-85.2949,-85.2917
614,-85.3861,-85.3694,-85.3549,-85.3422,-85.331,-85.3211,-85.3126,-85.3057,-85.3001,-85.2959,-85.2927
615,-85.387,-85.3703,-85.3559,-85.3432,-85.3319,-85.3221,-85.3136,-85.3066,-85.3011,-85.2969,-85.2937
616,-85.3879,-85.3712,-85.3568,-85.3441,-85.3329,-85.323,-85.3146,-85.3076,-85.3021,-85.2978,-85.2946
617,-85.3888,-85.3721,-85.3577,-85.3451,-85.3338,-85.324,-85.3156,-85.3086,-85.3031,-85.2988,-85.2956
618,-85.3897,-85.373,-85.3586,-85.346,-85.3348,-85.325,-85.3165,-85.3096,-85.304,-85.2998,-85.2966
619,-85.3906,-85.3739,-85.3596,-85.3469,-85.3357,-85.3259,-85.3175,-85.3105,-85.305,-85.3007,-85.2975
620,-85.3915,-85.3748,-85.3605,-85.3478,-85.3366,-85.3268,-85.3184,-85.3115,-85.3059,-85.3017,-85.2985
621,-85.3923,-85.3757,-85.3614,-85.3487,-85.3376,-85.3278,-85.3193,-85.3124,-85.3069,-85.3026,-85.2994
622,-85.3932,-85.3766,-85.3622,-85.3496,-85.3385,-85.3287,-85.3203,-85.3133,-85.3078,-85.3036,-85.3004
623,-85.394,-85.3775,-85.3631,-85.3505,-85.3394,-85.3296,-85.3212,-85.3142,-85.3087,-85.3045,-85.3013
624,-85.3949,-85.3783,-85.364,-85.3514,-85.3403,-85.3305,-85.3221,-85.3152,-85.3096,-85.3054,-85.3022
625,-85.3957,-85.3792,-85.3649,-85.3523,-85.3412,-85.3314,-85.323,-85.3161,-85.3105,-85.3063,-85.3031
626,-85.3965,-85.38,-85.3657,-85.3532,-85.342,-85.3323,-85.3239,-85.317,-85.3114,-85.3072,-85.304
627,-85.3974,-85.3809,-85.3666,-85.354,-85.3429,-85.3331,-85.3248,-85.3178,-85.3123,-85.3081,-85.3049
628,-85.3982,-85.3817,-85.3674,-85.3549,-85.3438,-85.334,-85.3257,-85.3187,-85.3132,-85.309,-85.3058
629,-85.399,-85.3825,-85.3683,-85.3557,-85.3446,-85.3349,-85.3265,-85.3196,-85.3141,-85.3099,-85.3067
630,-85.3998,-85.3833,-85.3691,-85.3566,-85.3455,-85.3357,-85.3274,-85.3205,-85.315,-85.3107,-85.3075
631,-85.4006,-85.3841,-85.3699,-85.3574,-85.3463,-85.3366,-85.3282,-85.3213,-85.3158,-85.3116,-85.3084
632,-85.4014,-85.3849,-85.3707,-85.3582,-85.3472,-85.3374,-85.3291,-85.3222,-85.3167,-85.3125,-85.3092
633,-85.4022,-85.3857,-85.3715,-85.359,-85.348,-85.3383,-85.3299,-85.323,-85.3175,-85.3133,-85.3101
634,-85.4029,-85.3865,-85.3723,-85.3599,-85.3488,-85.3391,-85.3308,-85.3239,-85.3184,-85.3141,-85.3109
635,-85.4037,-85.3873,-85.3731,-85.3607,-85.3496,-85.3399,-85.3316,-85.3247,-85.3192,-85.315,-85.3118
636,-85.4045,-85.3881,-85.3739,-85.3615,-85.3504,-85.3407,-85.3324,-85.3255,-85.32,-85.3158,-85.3126
637,-85.4052,-85.3889,-85.3747,-85.3623,-85.3512,-85.3415,-85.3332,-85.3263,-85.3209,-85.3166,-85.3134
638,-85.406,-85.3896,-85.3755,-85.363,-85.352,-85.3423,-85.334,-85.3271,-85.3217,-85.3174,-85.3142
639,-85.4067,-85.3904,-85.3763,-85.3638,-85.3528,-85.3431,-85.3348,-85.328,-85.3225,-85.3182,-85.315
640,-85.4075,-85.3911,-85.377,-85.3646,-85.3536,-85.3439,-85.3356,-85.3287,-85.3233,-85.319,-85.3158
641,-85.4082,-85.3919,-85.3778,-85.3654,-85.3544,-85.3447,-85.3364,-85.3295,-85.3241,-85.3198,-85.3166
642,-85.4089,-85.3926,-85.3785,-85.3661,-85.3551,-85.3455,-85.3372,-85.3303,-85.3248,-85.3206,-85.3174
643,-85.4096,-85.3934,-85.3793,-85.3669,-85.3559,-85.3462,-85.338,-85.3311,-85.3256,-85.3214,-85.3182
644,-85.4103,-85.3941,-85.38,-85.3676,-85.3567,-85.347,-85.3387,-85.3319,-85.3264,-85.3222,-85.319
645,-85.4111,-85.3948,-85.3807,-85.3684,-85.3574,-85.3478,-85.3395,-85.3326,-85.3272,-85.3229,-85.3197
646,-85.4118,-85.3955,-85.3815,-85.3691,-85.3581,-85.3485,-85.3402,-85.3334,-85.3279,-85.3237,-85.3205
647,-85.4125,-85.3962,-85.3822,-85.3698,-85.3589,-85.3493,-85.341,-85.3341,-85.3287,-85.3245,-85.3213
648,-85.4131,-85.3969,-85.3829,-85.3706,-85.3596,-85.35,-85.3417,-85.3349,-85.3294,-85.3252,-85.322
649,-85.4138,-85.3976,-85.3836,-85.3713,-85.3603,-85.3507,-85.3425,-85.3356,-85.3302,-85.3259,-85.3227
650,-85.4145,-85.3983,-85.3843,-85.372,-85.3611,-85.3514,-85.3432,-85.3364,-85.3309,-85.3267,-85.3235
651,-85.4152,-85.399,-85.385,-85.3727,-85.3618,-85.3522,-85.3439,-85.3371,-85.3316,-85.3274,-85.3242
652,-85.4159,-85.3997,-85.3857,-85.3734,-85.3625,-85.3529,-85.3446,-85.3378,-85.3323,-85.3281,-85.3249
653,-85.4165,-85.4004,-85.3864,-85.3741,-85.3632,-85.3536,-85.3454,-85.3385,-85.3331,-85.3289,-85.3256
654,-85.4172,-85.401,-85.3871,-85.3748,-85.3639,-85.3543,-85.3461,-85.3392,-85.3338,-85.3296,-85.3264
655,-85.4178,-85.4017,-85.3878,-85.3755,-85.3646,-85.355,-85.3468,-85.3399,-85.3345,-85.3303,-85.3271
656,-85.4185,-85.4024,-85.3884,-85.3761,-85.3652,-85.3557,-85.3474,-85.3406,-85.3352,-85.331,-85.3278
657,-85.4191,-85.403,-85.3891,-85.3768,-85.3659,-85.3564,-85.3481,-85.3413,-85.3359,-85.3317,-85.3285
658,-85.4198,-85.4037,-85.3897,-85.3775,-85.3666,-85.357,-85.3488,-85.342,-85.3366,-85.3324,-85.3291
659,-85.4204,-85.4043,-85.3904,-85.3781,-85.3673,-85.3577,-85.3495,-85.3427,-85.3372,-85.333,-85.3298
660,-85.421,-85.405,-85.391,-85.3788,-85.3679,-85.3584,-85.3502,-85.3434,-85.3379,-85.3337,-85.3305
661,-85.4216,-85.4056,-85.3917,-85.3794,-85.3686,-85.359,-85.3508,-85.344,-85.3386,-85.3344,-85.3312
662,-85.4223,-85.4062,-85.3923,-85.3801,-85.3692,-85.3597,-85.3515,-85.3447,-85.3393,-85.335,-85.3318
663,-85.4229,-85.4068,-85.393,-85.3807,-85.3699,-85.3603,-85.3522,-85.3454,-85.3399,-85.3357,-85.3325
664,-85.4235,-85.4075,-85.3936,-85.3814,-85.3705,-85.361,-85.3528,-85.346,-85.3406,-85.3364,-85.3332
665,-85.4241,-85.4081,-85.3942,-85.382,-85.3712,-85.3616,-85.3534,-85.3467,-85.3412,-85.337,-85.3338
666,-85.4247,-85.4087,-85.3948,-85.3826,-85.3718,-85.3623,-85.3541,-85.3473,-85.3419,-85.3377,-85.3345
667,-85.4253,-85.4093,-85.3954,-85.3832,-85.3724,-85.3629,-85.3547,-85.3479,-85.3425,-85.3383,-85.3351
668,-85.4259,-85.4099,-85.396,-85.3838,-85.373,-85.3635,-85.3554,-85.3486,-85.3431,-85.3389,-85.3357
669,-85.4265,-85.4105,-85.3966,-85.3845,-85.3737,-85.3641,-85.356,-85.3492,-85.3438,-85.3396,-85.3364
670,-85.427,-85.4111,-85.3972,-85.3851,-85.3743,-85.3648,-85.3566,-85.3498,-85.3444,-85.3402,-85.337
671,-85.4276,-85.4117,-85.3978,-85.3857,-85.3749,-85.3654,-85.3572,-85.3504,-85.345,-85.3408,-85.3376
672,-85.4282,-85.4122,-85.3984,-85.3863,-85.3755,-85.366,-85.3578,-85.351,-85.3456,-85.3414,-85.3382
673,-85.4287,-85.4128,-85.399,-85.3868,-85.3761,-85.3666,-85.3584,-85.3516,-85.3462,-85.342,-85.3388
674,-85.4293,-85.4134,-85.3996,-85.3874,-85.3767,-85.3672,-85.359,-85.3523,-85.3468,-85.3426,-85.3394
675,-85.4299,-85.414,-85.4002,-85.388,-85.3772,-85.3678,-85.3596,-85.3528,-85.3474,-85.3432,-85.34
676,-85.4304,-85.4145,-85.4007,-85.3886,-85.3778,-85.3684,-85.3602,-85.3534,-85.348,-85.3438,-85.3406
677,-85.431,-85.4151,-85.4013,-85.3892,-85.3784,-85.3689,-85.3608,-85.354,-85.3486,-85.3444,-85.3412
678,-85.4315,-85.4156,-85.4019,-85.3897,-85.379,-85.3695,-85.3614,-85.3546,-85.3492,-85.345,-85.3418
679,-85.4321,-85.4162,-85.4024,-85.3903,-85.3795,-85.3701,-85.3619,-85.3552,-85.3498,-85.3456,-85.3424
680,-85.4326,-85.4167,-85.403,-85.3909,-85.3801,-85.3707,-85.3625,-85.3558,-85.3504,-85.3462,-85.3429
681,-85.4331,-85.4173,-85.4035,-85.3914,-85.3807,-85.3712,-85.3631,-85.3563,-85.3509,-85.3467,-85.3435
682,-85.4336,-85.4178,-85.4041,-85.392,-85.3812,-85.3718,-85.3637,-85.3569,-85.3515,-85.3473,-85.3441
683,-85.4342,-85.4183,-85.4046,-85.3925,-85.3818,-85.3723,-85.3642,-85.3575,-85.3521,-85.3479,-85.3446
684,-85.4347,-85.4189,-85.4051,-85.393,-85.3823,-85.3729,-85.3648,-85.358,-85.3526,-85.3484,-85.3452
685,-85.4352,-85.4194,-85.4057,-85.3936,-85.3829,-85.3734,-85.3653,-85.3586,-85.3532,-85.349,-85.3458
686,-85.4357,-85.4199,-85.4062,-85.3941,-85.3834,-85.374,-85.3659,-85.3591,-85.3537,-85.3495,-85.3463
687,-85.4362,-85.4204,-85.4067,-85.3946,-85.3839,-85.3745,-85.3664,-85.3597,-85.3543,-85.3501,-85.3469
688,-85.4367,-85.4209,-85.4072,-85.3952,-85.3845,-85.375,-85.3669,-85.3602,-85.3548,-85.3506,-85.3474
689,-85.4372,-85.4214,-85.4078,-85.3957,-85.385,-85.3756,-85.3675,-85.3607,-85.3553,-85.3511,-85.3479
690,-85.4377,-85.4219,-85.4083,-85.3962,-85.3855,-85.3761,-85.368,-85.3613,-85.3559,-85.3517,-85.3485
691,-85.4382,-85.4224,-85.4088,-85.3967,-85.386,-85.3766,-85.3685,-85.3618,-85.3564,-85.3522,-85.349
692,-85.4387,-85.4229,-85.4093,-85.3972,-85.3865,-85.3771,-85.369,-85.3623,-85.3569,-85.3527,-85.3495
693,-85.4392,-85.4234,-85.4098,-85.3977,-85.3871,-85.3776,-85.3696,-85.3628,-85.3574,-85.3532,-85.35
694,-85.4397,-85.4239,-85.4103,-85.3982,-85.3876,-85.3782,-85.3701,-85.3633,-85.3579,-85.3538,-85.3505
695,-85.4401,-85.4244,-85.4108,-85.3987,-85.3881,-85.3787,-85.3706,-85.3638,-85.3585,-85.3543,-85.3511
696,-85.4406,-85.4249,-85.4113,-85.3992,-85.3886,-85.3792,-85.3711,-85.3644,-85.359,-85.3548,-85.3516
697,-85.4411,-85.4254,-85.4117,-85.3997,-85.389,-85.3797,-85.3716,-85.3649,-85.3595,-85.3553,-85.3521
698,-85.4416,-85.4258,-85.4122,-85.4002,-85.3895,-85.3802,-85.3721,-85.3654,-85.36,-85.3558,-85.3526
699,-85.442,-85.4263,-85.4127,-85.4007,-85.39,-85.3806,-85.3726,-85.3658,-85.3605,-85.3563,-85.3531
700,-85.4425,-85.4268,-85.4132,-85.4012,-85.3905,-85.3811,-85.3731,-85.3663,-85.361,-85.3568,-85.3536
701,-85.4429,-85.4272,-85.4136,-85.4016,-85.391,-85.3816,-85.3735,-85.3668,-85.3614,-85.3573,-85.354
702,-85.4434,-85.4277,-85.4141,-85.4021,-85.3915,-85.3821,-85.374,-85.3673,-85.3619,-85.3577,-85.3545
703,-85.4438,-85.4282,-85.4146,-85.4026,-85.3919,-85.3826,-85.3745,-85.3678,-85.3624,-85.3582,-85.355
704,-85.4443,-85.4286,-85.415,-85.403,-85.3924,-85.383,-85.375,-85.3683,-85.3629,-85.3587,-85.3555
705,-85.4447,-85.4291,-85.4155,-85.4035,-85.3929,-85.3835,-85.3754,-85.3687,-85.3634,-85.3592,-85.356
706,-85.4452,-85.4295,-85.4159,-85.404,-85.3933,-85.384,-85.3759,-85.3692,-85.3638,-85.3596,-85.3564
707,-85.4456,-85.43,-85.4164,-85.4044,-85.3938,-85.3844,-85.3764,-85.3697,-85.3643,-85.3601,-85.3569
708,-85.446,-85.4304,-85.4168,-85.4049,-85.3942,-85.3849,-85.3768,-85.3701,-85.3648,-85.3606,-85.3574
709,-85.4465,-85.4308,-85.4173,-85.4053,-85.3947,-85.3853,-85.3773,-85.3706,-85.3652,-85.361,-85.3578
710,-85.4469,-85.4313,-85.4177,-85.4057,-85.3951,-85.3858,-85.3777,-85.371,-85.3657,-85.3615,-85.3583
711,-85.4473,-85.4317,-85.4181,-85.4062,-85.3956,-85.3862,-85.3782,-85.3715,-85.3661,-85.3619,-85.3587
712,-85.4477,-85.4321,-85.4186,-85.4066,-85.396,-85.3867,-85.3786,-85.3719,-85.3666,-85.3624,-85.3592
713,-85.4482,-85.4325,-85.419,-85.4071,-85.3965,-85.3871,-85.3791,-85.3724,-85.367,-85.3628,-85.3596
714,-85.4486,-85.433,-85.4194,-85.4075,-85.3969,-85.3876,-85.3795,-85.3728,-85.3675,-85.3633,-85.3601
715,-85.449,-85.4334,-85.4198,-85.4079,-85.3973,-85.388,-85.38,-85.3733,-85.3679,-85.3637,-85.3605
716,-85.4494,-85.4338,-85.4203,-85.4083,-85.3977,-85.3884,-85.3804,-85.3737,-85.3683,-85.3641,-85.3609
717,-85.4498,-85.4342,-85.4207,-85.4088,-85.3982,-85.3888,-85.3808,-85.3741,-85.3688,-85.3646,-85.3614
718,-85.4502,-85.4346,-85.4211,-85.4092,-85.3986,-85.3893,-85.3812,-85.3746,-85.3692,-85.365,-85.3618
719,-85.4506,-85.435,-85.4215,-85.4096,-85.399,-85.3897,-85.3817,-85.375,-85.3696,-85.3654,-85.3622
720,-85.451,-85.4354,-85.4219,-85.41,-85.3994,-85.3901,-85.3821,-85.3754,-85.37,-85.3659,-85.3626
721,-85.4514,-85.4358,-85.4223,-85.4104,-85.3998,-85.3905,-85.3825,-85.3758,-85.3705,-85.3663,-85.3631
722,-85.4518,-85.4362,-85.4227,-85.4108,-85.4002,-85.3909,-85.3829,-85.3762,-85.3709,-85.3667,-85.3635
723,-85.4522,-85.4366,-85.4231,-85.4112,-85.4006,-85.3913,-85.3833,-85.3766,-85.3713,-85.3671,-85.3639
724,-85.4525,-85.437,-85.4235,-85.4116,-85.4011,-85.3917,-85.3837,-85.3771,-85.3717,-85.3675,-85.3643
725,-85.4529,-85.4374,-85.4239,-85.412,-85.4015,-85.3921,-85.3841,-85.3775,-85.3721,-85.3679,-85.3647
726,-85.4533,-85.4378,-85.4243,-85.4124,-85.4018,-85.3925,-85.3845,-85.3779,-85.3725,-85.3683,-85.3651
727,-85.4537,-85.4382,-85.4247,-85.4128,-85.4022,-85.3929,-85.3849,-85.3783,-85.3729,-85.3687,-85.3655
728,-85.4541,-85.4385,-85.4251,-85.4132,-85.4026,-85.3933,-85.3853,-85.3787,-85.3733,-85.3691,-85.3659
729,-85.4544,-85.4389,-85.4254,-85.4136,-85.403,-85.3937,-85.3857,-85.3791,-85.3737,-85.3695,-85.3663
730,-85.4548,-85.4393,-85.4258,-85.4139,-85.4034,-85.3941,-85.3861,-85.3794,-85.3741,-85.3699,-85.3667
731,-85.4552,-85.4397,-85.4262,-85.4143,-85.4038,-85.3945,-85.3865,-85.3798,-85.3745,-85.3703,-85.3671
732,-85.4555,-85.44,-85.4266,-85.4147,-85.4042,-85.3949,-85.3869,-85.3802,-85.3749,-85.3707,-85.3675
733,-85.4559,-85.4404,-85.4269,-85.4151,-85.4045,-85.3953,-85.3873,-85.3806,-85.3752,-85.3711,-85.3678
734,-85.4562,-85.4408,-85.4273,-85.4154,-85.4049,-85.3956,-85.3876,-85.381,-85.3756,-85.3714,-85.3682
735,-85.4566,-85.4411,-85.4277,-85.4158,-85.4053,-85.396,-85.388,-85.3814,-85.376,-85.3718,-85.3686
736,-85.457,-85.4415,-85.428,-85.4162,-85.4057,-85.3964,-85.3884,-85.3817,-85.3764,-85.3722,-85.369
737,-85.4573,-85.4418,-85.4284,-85.4165,-85.406,-85.3968,-85.3888,-85.3821,-85.3767,-85.3726,-85.3694
738,-85.4576,-85.4422,-85.4288,-85.4169,-85.4064,-85.3971,-85.3891,-85.3825,-85.3771,-85.3729,-85.3697
739,-85.458,-85.4425,-85.4291,-85.4173,-85.4067,-85.3975,-85.3895,-85.3828,-85.3775,-85.3733,-85.3701
740,-85.4583,-85.4429,-85.4295,-85.4176,-85.4071,-85.3978,-85.3899,-85.3832,-85.3778,-85.3737,-85.3705
741,-85.4587,-85.4432,-85.4298,-85.418,-85.4075,-85.3982,-85.3902,-85.3836,-85.3782,-85.374,-85.3708
742,-85.459,-85.4436,-85.4302,-85.4183,-85.4078,-85.3986,-85.3906,-85.3839,-85.3786,-85.3744,-85.3712
743,-85.4594,-85.4439,-85.4305,-85.4187,-85.4082,-85.3989,-85.3909,-85.3843,-85.3789,-85.3747,-85.3715
744,-85.4597,-85.4442,-85.4308,-85.419,-85.4085,-85.3993,-85.3913,-85.3846,-85.3793,-85.3751,-85.3719
745,-85.46,-85.4446,-85.4312,-85.4194,-85.4089,-85.3996,-85.3916,-85.385,-85.3796,-85.3755,-85.3722
746,-85.4603,-85.4449,-85.4315,-85.4197,-85.4092,-85.3999,-85.392,-85.3853,-85.38,-85.3758,-85.3726
747,-85.4607,-85.4453,-85.4319,-85.42,-85.4095,-85.4003,-85.3923,-85.3857,-85.3803,-85.3761,-85.3729
748,-85.461,-85.4456,-85.4322,-85.4204,-85.4099,-85.4006,-85.3927,-85.386,-85.3807,-85.3765,-85.3733
749,-85.4613,-85.4459,-85.4325,-85.4207,-85.4102,-85.401,-85.393,-85.3864,-85.381,-85.3768,-85.3736
750,-85.4616,-85.4462,-85.4328,-85.421,-85.4105,-85.4013,-85.3933,-85.3867,-85.3813,-85.3772,-85.374
751,-85.462,-85.4466,-85.4332,-85.4214,-85.4109,-85.4016,-85.3937,-85.387,-85.3817,-85.3775,-85.3743
752,-85.4623,-85.4469,-85.4335,-85.4217,-85.4112,-85.402,-85.394,-85.3874,-85.382,-85.3778,-85.3746
753,-85.4626,-85.4472,-85.4338,-85.422,-85.4115,-85.4023,-85.3943,-85.3877,-85.3824,-85.3782,-85.375
754,-85.4629,-85.4475,-85.4341,-85.4223,-85.4119,-85.4026,-85.3947,-85.388,-85.3827,-85.3785,-85.3753
755,-85.4632,-85.4478,-85.4345,-85.4227,-85.4122,-85.4029,-85.395,-85.3883,-85.383,-85.3788,-85.3756
756,-85.4635,-85.4481,-85.4348,-85.423,-85.4125,-85.4033,-85.3953,-85.3887,-85.3833,-85.3792,-85.3759
757,-85.4638,-85.4484,-85.4351,-85.4233,-85.4128,-85.4036,-85.3956,-85.389,-85.3837,-85.3795,-85.3763
758,-85.4641,-85.4487,-85.4354,-85.4236,-85.4131,-85.4039,-85.3959,-85.3893,-85.384,-85.3798,-85.3766
759,-85.4644,-85.449,-85.4357,-85.4239,-85.4134,-85.4042,-85.3963,-85.3896,-85.3843,-85.3801,-85.3769
760,-85.4647,-85.4494,-85.436,-85.4242,-85.4138,-85.4045,-85.3966,-85.3899,-85.3846,-85.3804,-85.3772
761,-85.465,-85.4497,-85.4363,-85.4245,-85.4141,-85.4048,-85.3969,-85.3903,-85.3849,-85.3807,-85.3775
762,-85.4653,-85.4499,-85.4366,-85.4248,-85.4144,-85.4052,-85.3972,-85.3906,-85.3852,-85.3811,-85.3778
763,-85.4656,-85.4502,-85.4369,-85.4251,-85.4147,-85.4055,-85.3975,-85.3909,-85.3855,-85.3814,-85.3781
764,-85.4659,-85.4505,-85.4372,-85.4254,-85.415,-85.4058,-85.3978,-85.3912,-85.3858,-85.3817,-85.3785
765,-85.4662,-85.4508,-85.4375,-85.4257,-85.4153,-85.4061,-85.3981,-85.3915,-85.3862,-85.382,-85.3788
766,-85.4665,-85.4511,-85.4378,-85.426,-85.4156,-85.4064,-85.3984,-85.3918,-85.3865,-85.3823,-85.3791
767,-85.4667,-85.4514,-85.4381,-85.4263,-85.4159,-85.4067,-85.3987,-85.3921,-85.3868,-85.3826,-85.3794
768,-85.467,-85.4517,-85.4384,-85.4266,-85.4162,-85.407,-85.399,-85.3924,-85.3871,-85.3829,-85.3797
769,-85.4673,-85.452,-85.4387,-85.4269,-85.4165,-85.4073,-85.3993,-85.3927,-85.3874,-85.3832,-85.38
770,-85.4676,-85.4523,-85.4389,-85.4272,-85.4168,-85.4075,-85.3996,-85.393,-85.3876,-85.3835,-85.3802
771,-85.4679,-85.4525,-85.4392,-85.4275,-85.417,-85.4078,-85.3999,-85.3933,-85.3879,-85.3838,-85.3805
772,-85.4681,-85.4528,-85.4395,-85.4278,-85.4173,-85.4081,-85.4002,-85.3936,-85.3882,-85.3841,-85.3808
773,-85.4684,-85.4531,-85.4398,-85.428,-85.4176,-85.4084,-85.4005,-85.3938,-85.3885,-85.3843,-85.3811
774,-85.4687,-85.4534,-85.4401,-85.4283,-85.4179,-85.4087,-85.4008,-85.3941,-85.3888,-85.3846,-85.3814
775,-85.469,-85.4536,-85.4403,-85.4286,-85.4182,-85.409,-85.401,-85.3944,-85.3891,-85.3849,-85.3817
776,-85.4692,-85.4539,-85.4406,-85.4289,-85.4185,-85.4093,-85.4013,-85.3947,-85.3894,-85.3852,-85.382
777,-85.4695,-85.4542,-85.4409,-85.4292,-85.4187,-85.4095,-85.4016,-85.395,-85.3897,-85.3855,-85.3823
778,-85.4698,-85.4545,-85.4412,-85.4294,-85.419,-85.4098,-85.4019,-85.3953,-85.3899,-85.3858,-85.3825
779,-85.47,-85.4547,-85.4414,-85.4297,-85.4193,-85.4101,-85.4022,-85.3955,-85.3902,-85.386,-85.3828
780,-85.4703,-85.455,-85.4417,-85.43,-85.4195,-85.4104,-85.4024,-85.3958,-85.3905,-85.3863,-85.3831
781,-85.4705,-85.4553,-85.442,-85.4302,-85.4198,-85.4106,-85.4027,-85.3961,-85.3908,-85.3866,-85.3834
782,-85.4708,-85.4555,-85.4422,-85.4305,-85.4201,-85.4109,-85.403,-85.3964,-85.391,-85.3869,-85.3836
783,-85.4711,-85.4558,-85.4425,-85.4308,-85.4204,-85.4112,-85.4032,-85.3966,-85.3913,-85.3871,-85.3839
784,-85.4713,-85.456,-85.4428,-85.431,-85.4206,-85.4114,-85.4035,-85.3969,-85.3916,-85.3874,-85.3842
785,-85.4716,-85.4563,-85.443,-85.4313,-85.4209,-85.4117,-85.4038,-85.3972,-85.3918,-85.3877,-85.3844
786,-85.4718,-85.4565,-85.4433,-85.4315,-85.4211,-85.412,-85.404,-85.3974,-85.3921,-85.3879,-85.3847
787,-85.4721,-85.4568,-85.4435,-85.4318,-85.4214,-85.4122,-85.4043,-85.3977,-85.3924,-85.3882,-85.385
788,-85.4723,-85.457,-85.4438,-85.4321,-85.4217,-85.4125,-85.4046,-85.3979,-85.3926,-85.3884,-85.3852
789,-85.4726,-85.4573,-85.444,-85.4323,-85.4219,-85.4127,-85.4048,-85.3982,-85.3929,-85.3887,-85.3855
790,-85.4728,-85.4575,-85.4443,-85.4326,-85.4222,-85.413,-85.4051,-85.3985,-85.3931,-85.389,-85.3857
791,-85.473,-85.4578,-85.4445,-85.4328,-85.4224,-85.4132,-85.4053,-85.3987,-85.3934,-85.3892,-85.386
792,-85.4733,-85.458,-85.4448,-85.4331,-85.4227,-85.4135,-85.4056,-85.399,-85.3936,-85.3895,-85.3862
793,-85.4735,-85.4583,-85.445,-85.4333,-85.4229,-85.4137,-85.4058,-85.3992,-85.3939,-85.3897,-85.3865
794,-85.4738,-85.4585,-85.4453,-85.4336,-85.4232,-85.414,-85.4061,-85.3995,-85.3942,-85.39,-85.3868
795,-85.474,-85.4588,-85.4455,-85.4338,-85.4234,-85.4142,-85.4063,-85.3997,-85.3944,-85.3902,-85.387
796,-85.4742,-85.459,-85.4457,-85.434,-85.4237,-85.4145,-85.4066,-85.4,-85.3946,-85.3905,-85.3872
797,-85.4745,-85.4592,-85.446,-85.4343,-85.4239,-85.4147,-85.4068,-85.4002,-85.3949,-85.3907,-85.3875
798,-85.4747,-85.4595,-85.4462,-85.4345,-85.4241,-85.415,-85.4071,-85.4005,-85.3951,-85.391,-85.3877
799,-85.4749,-85.4597,-85.4465,-85.4348,-85.4244,-85.4152,-85.4073,-85.4007,-85.3954,-85.3912,-85.388
800,-85.4752,-85.4599,-85.4467,-85.435,-85.4246,-85.4155,-85.4075,-85.4009,-85.3956,-85.3915,-85.3882
801,-85.4754,-85.4602,-85.4469,-85.4352,-85.4249,-85.4157,-85.4078,-85.4012,-85.3959,-85.3917,-85.3885
802,-85.4756,-85.4604,-85.4472,-85.4355,-85.4251,-85.4159,-85.408,-85.4014,-85.3961,-85.3919,-85.3887
803,-85.4758,-85.4606,-85.4474,-85.4357,-85.4253,-85.4162,-85.4083,-85.4017,-85.3963,-85.3922,-85.3889
804,-85.4761,-85.4608,-85.4476,-85.4359,-85.4256,-85.4164,-85.4085,-85.4019,-85.3966,-85.3924,-85.3892
805,-85.4763,-85.4611,-85.4478,-85.4362,-85.4258,-85.4166,-85.4087,-85.4021,-85.3968,-85.3926,-85.3894
806,-85.4765,-85.4613,-85.4481,-85.4364,-85.426,-85.4169,-85.409,-85.4024,-85.397,-85.3929,-85.3896
807,-85.4767,-85.4615,-85.4483,-85.4366,-85.4262,-85.4171,-85.4092,-85.4026,-85.3973,-85.3931,-85.3899
808,-85.4769,-85.4617,-85.4485,-85.4368,-85.4265,-85.4173,-85.4094,-85.4028,-85.3975,-85.3933,-85.3901
809,-85.4772,-85.462,-85.4487,-85.4371,-85.4267,-85.4175,-85.4096,-85.403,-85.3977,-85.3936,-85.3903
810,-85.4774,-85.4622,-85.449,-85.4373,-85.4269,-85.4178,-85.4099,-85.4033,-85.398,-85.3938,-85.3906
811,-85.4776,-85.4624,-85.4492,-85.4375,-85.4271,-85.418,-85.4101,-85.4035,-85.3982,-85.394,-85.3908
812,-85.4778,-85.4626,-85.4494,-85.4377,-85.4274,-85.4182,-85.4103,-85.4037,-85.3984,-85.3942,-85.391
813,-85.478,-85.4628,-85.4496,-85.4379,-85.4276,-85.4184,-85.4105,-85.4039,-85.3986,-85.3945,-85.3912
814,-85.4782,-85.463,-85.4498,-85.4382,-85.4278,-85.4187,-85.4108,-85.4042,-85.3988,-85.3947,-85.3914
815,-85.4784,-85.4633,-85.45,-85.4384,-85.428,-85.4189,-85.411,-85.4044,-85.3991,-85.3949,-85.3917
816,-85.4786,-85.4635,-85.4503,-85.4386,-85.4282,-85.4191,-85.4112,-85.4046,-85.3993,-85.3951,-85.3919
817,-85.4789,-85.4637,-85.4505,-85.4388,-85.4284,-85.4193,-85.4114,-85.4048,-85.3995,-85.3953,-85.3921
818,-85.4791,-85.4639,-85.4507,-85.439,-85.4287,-85.4195,-85.4116,-85.405,-85.3997,-85.3955,-85.3923
819,-85.4793,-85.4641,-85.4509,-85.4392,-85.4289,-85.4197,-85.4118,-85.4052,-85.3999,-85.3958,-85.3925
820,-85.4795,-85.4643,-85.4511,-85.4394,-85.4291,-85.4199,-85.412,-85.4055,-85.4001,-85.396,-85.3927
821,-85.4797,-85.4645,-85.4513,-85.4396,-85.4293,-85.4201,-85.4123,-85.4057,-85.4004,-85.3962,-85.393
822,-85.4799,-85.4647,-85.4515,-85.4399,-85.4295,-85.4204,-85.4125,-85.4059,-85.4006,-85.3964,-85.3932
823,-85.4801,-85.4649,-85.4517,-85.4401,-85.4297,-85.4206,-85.4127,-85.4061,-85.4008,-85.3966,-85.3934
824,-85.4803,-85.4651,-85.4519,-85.4403,-85.4299,-85.4208,-85.4129,-85.4063,-85.401,-85.3968,-85.3936
825,-85.4805,-85.4653,-85.4521,-85.4405,-85.4301,-85.421,-85.4131,-85.4065,-85.4012,-85.397,-85.3938
826,-85.4807,-85.4655,-85.4523,-85.4407,-85.4303,-85.4212,-85.4133,-85.4067,-85.4014,-85.3972,-85.394
827,-85.4809,-85.4657,-85.4525,-85.4409,-85.4305,-85.4214,-85.4135,-85.4069,-85.4016,-85.3974,-85.3942
828,-85.481,-85.4659,-85.4527,-85.4411,-85.4307,-85.4216,-85.4137,-85.4071,-85.4018,-85.3976,-85.3944
829,-85.4812,-85.4661,-85.4529,-85.4413,-85.4309,-85.4218,-85.4139,-85.4073,-85.402,-85.3978,-85.3946
830,-85.4814,-85.4663,-85.4531,-85.4415,-85.4311,-85.422,-85.4141,-85.4075,-85.4022,-85.398,-85.3948
831,-85.4816,-85.4665,-85.4533,-85.4417,-85.4313,-85.4222,-85.4143,-85.4077,-85.4024,-85.3982,-85.395
832,-85.4818,-85.4667,-85.4535,-85.4418,-85.4315,-85.4224,-85.4145,-85.4079,-85.4026,-85.3984,-85.3952
833,-85.482,-85.4669,-85.4537,-85.442,-85.4317,-85.4226,-85.4147,-85.4081,-85.4028,-85.3986,-85.3954
834,-85.4822,-85.467,-85.4539,-85.4422,-85.4319,-85.4228,-85.4149,-85.4083,-85.403,-85.3988,-85.3956
835,-85.4824,-85.4672,-85.4541,-85.4424,-85.4321,-85.423,-85.4151,-85.4085,-85.4032,-85.399,-85.3958
836,-85.4826,-85.4674,-85.4543,-85.4426,-85.4323,-85.4232,-85.4153,-85.4087,-85.4034,-85.3992,-85.396
837,-85.4827,-85.4676,-85.4544,-85.4428,-85.4325,-85.4233,-85.4155,-85.4089,-85.4036,-85.3994,-85.3962
838,-85.4829,-85.4678,-85.4546,-85.443,-85.4327,-85.4235,-85.4157,-85.4091,-85.4038,-85.3996,-85.3964
839,-85.4831,-85.468,-85.4548,-85.4432,-85.4328,-85.4237,-85.4158,-85.4093,-85.404,-85.3998,-85.3965
840,-85.4833,-85.4682,-85.455,-85.4434,-85.433,-85.4239,-85.416,-85.4095,-85.4041,-85.4,-85.3967
841,-85.4835,-85.4683,-85.4552,-85.4436,-85.4332,-85.4241,-85.4162,-85.4096,-85.4043,-85.4002,-85.3969
842,-85.4836,-85.4685,-85.4554,-85.4437,-85.4334,-85.4243,-85.4164,-85.4098,-85.4045,-85.4003,-85.3971
843,-85.4838,-85.4687,-85.4555,-85.4439,-85.4336,-85.4245,-85.4166,-85.41,-85.4047,-85.4005,-85.3973
844,-85.484,-85.4689,-85.4557,-85.4441,-85.4338,-85.4246,-85.4168,-85.4102,-85.4049,-85.4007,-85.3975
845,-85.4842,-85.4691,-85.4559,-85.4443,-85.4339,-85.4248,-85.417,-85.4104,-85.4051,-85.4009,-85.3977
846,-85.4844,-85.4692,-85.4561,-85.4445,-85.4341,-85.425,-85.4171,-85.4106,-85.4053,-85.4011,-85.3978
847,-85.4845,-85.4694,-85.4563,-85.4446,-85.4343,-85.4252,-85.4173,-85.4107,-85.4054,-85.4013,-85.398
848,-85.4847,-85.4696,-85.4564,-85.4448,-85.4345,-85.4254,-85.4175,-85.4109,-85.4056,-85.4014,-85.3982
849,-85.4849,-85.4698,-85.4566,-85.445,-85.4347,-85.4256,-85.4177,-85.4111,-85.4058,-85.4016,-85.3984
850,-85.485,-85.4699,-85.4568,-85.4452,-85.4348,-85.4257,-85.4179,-85.4113,-85.406,-85.4018,-85.3986
851,-85.4852,-85.4701,-85.457,-85.4453,-85.435,-85.4259,-85.418,-85.4115,-85.4061,-85.402,-85.3987
852,-85.4854,-85.4703,-85.4571,-85.4455,-85.4352,-85.4261,-85.4182,-85.4116,-85.4063,-85.4022,-85.3989
853,-85.4855,-85.4704,-85.4573,-85.4457,-85.4354,-85.4263,-85.4184,-85.4118,-85.4065,-85.4023,-85.3991
854,-85.4857,-85.4706,-85.4575,-85.4459,-85.4355,-85.4264,-85.4186,-85.412,-85.4067,-85.4025,-85.3993
855,-85.4859,-85.4708,-85.4576,-85.446,-85.4357,-85.4266,-85.4187,-85.4122,-85.4068,-85.4027,-85.3994
856,-85.486,-85.4709,-85.4578,-85.4462,-85.4359,-85.4268,-85.4189,-85.4123,-85.407,-85.4029,-85.3996
857,-85.4862,-85.4711,-85.458,-85.4464,-85.4361,-85.4269,-85.4191,-85.4125,-85.4072,-85.403,-85.3998
858,-85.4864,-85.4713,-85.4581,-85.4465,-85.4362,-85.4271,-85.4192,-85.4127,-85.4074,-85.4032,-85.4
859,-85.4865,-85.4714,-85.4583,-85.4467,-85.4364,-85.4273,-85.4194,-85.4128,-85.4075,-85.4034,-85.4001
860,-85.4867,-85.4716,-85.4585,-85.4469,-85.4366,-85.4274,-85.4196,-85.413,-85.4077,-85.4035,-85.4003
861,-85.4869,-85.4718,-85.4586,-85.447,-85.4367,-85.4276,-85.4198,-85.4132,-85.4079,-85.4037,-85.4005
862,-85.487,-85.4719,-85.4588,-85.4472,-85.4369,-85.4278,-85.4199,-85.4133,-85.408,-85.4039,-85.4006
863,-85.4872,-85.4721,-85.459,-85.4474,-85.437,-85.4279,-85.4201,-85.4135,-85.4082,-85.404,-85.4008
864,-85.4873,-85.4723,-85.4591,-85.4475,-85.4372,-85.4281,-85.4202,-85.4137,-85.4084,-85.4042,-85.401
865,-85.4875,-85.4724,-85.4593,-85.4477,-85.4374,-85.4283,-85.4204,-85.4138,-85.4085,-85.4044,-85.4011
866,-85.4877,-85.4726,-85.4594,-85.4478,-85.4375,-85.4284,-85.4206,-85.414,-85.4087,-85.4045,-85.4013
867,-85.4878,-85.4727,-85.4596,-85.448,-85.4377,-85.4286,-85.4207,-85.4142,-85.4089,-85.4047,-85.4015
868,-85.488,-85.4729,-85.4598,-85.4482,-85.4379,-85.4288,-85.4209,-85.4143,-85.409,-85.4049,-85.4016
869,-85.4881,-85.473,-85.4599,-85.4483,-85.438,-85.4289,-85.4211,-85.4145,-85.4092,-85.405,-85.4018
870,-85.4883,-85.4732,-85.4601,-85.4485,-85.4382,-85.4291,-85.4212,-85.4146,-85.4093,-85.4052,-85.4019
871,-85.4884,-85.4734,-85.4602,-85.4486,-85.4383,-85.4292,-85.4214,-85.4148,-85.4095,-85.4053,-85.4021
872,-85.4886,-85.4735,-85.4604,-85.4488,-85.4385,-85.4294,-85.4215,-85.415,-85.4097,-85.4055,-85.4023
873,-85.4887,-85.4737,-85.4605,-85.449,-85.4386,-85.4296,-85.4217,-85.4151,-85.4098,-85.4057,-85.4024
874,-85.4889,-85.4738,-85.4607,-85.4491,-85.4388,-85.4297,-85.4218,-85.4153,-85.41,-85.4058,-85.4026
875,-85.489,-85.474,-85.4608,-85.4493,-85.439,-85.4299,-85.422,-85.4154,-85.4101,-85.406,-85.4027
876,-85.4892,-85.4741,-85.461,-85.4494,-85.4391,-85.43,-85.4222,-85.4156,-85.4103,-85.4061,-85.4029
877,-85.4893,-85.4743,-85.4612,-85.4496,-85.4393,-85.4302,-85.4223,-85.4157,-85.4104,-85.4063,-85.403
878,-85.4895,-85.4744,-85.4613,-85.4497,-85.4394,-85.4303,-85.4225,-85.4159,-85.4106,-85.4064,-85.4032
879,-85.4896,-85.4746,-85.4615,-85.4499,-85.4396,-85.4305,-85.4226,-85.4161,-85.4107,-85.4066,-85.4033
880,-85.4898,-85.4747,-85.4616,-85.45,-85.4397,-85.4306,-85.4228,-85.4162,-85.4109,-85.4067,-85.4035
881,-85.4899,-85.4749,-85.4617,-85.4502,-85.4399,-85.4308,-85.4229,-85.4164,-85.4111,-85.4069,-85.4036
882,-85.4901,-85.475,-85.4619,-85.4503,-85.44,-85.4309,-85.4231,-85.4165,-85.4112,-85.407,-85.4038
883,-85.4902,-85.4751,-85.462,-85.4505,-85.4402,-85.4311,-85.4232,-85.4167,-85.4114,-85.4072,-85.4039
884,-85.4903,-85.4753,-85.4622,-85.4506,-85.4403,-85.4312,-85.4234,-85.4168,-85.4115,-85.4073,-85.4041
885,-85.4905,-85.4754,-85.4623,-85.4508,-85.4405,-85.4314,-85.4235,-85.417,-85.4116,-85.4075,-85.4042
886,-85.4906,-85.4756,-85.4625,-85.4509,-85.4406,-85.4315,-85.4237,-85.4171,-85.4118,-85.4076,-85.4044
887,-85.4908,-85.4757,-85.4626,-85.451,-85.4407,-85.4317,-85.4238,-85.4172,-85.4119,-85.4078,-85.4045
888,-85.4909,-85.4759,-85.4628,-85.4512,-85.4409,-85.4318,-85.424,-85.4174,-85.4121,-85.4079,-85.4047
889,-85.4911,-85.476,-85.4629,-85.4513,-85.441,-85.432,-85.4241,-85.4175,-85.4122,-85.4081,-85.4048
890,-85.4912,-85.4761,-85.463,-85.4515,-85.4412,-85.4321,-85.4242,-85.4177,-85.4124,-85.4082,-85.405
891,-85.4913,-85.4763,-85.4632,-85.4516,-85.4413,-85.4322,-85.4244,-85.4178,-85.4125,-85.4084,-85.4051
892,-85.4915,-85.4764,-85.4633,-85.4518,-85.4415,-85.4324,-85.4245,-85.418,-85.4127,-85.4085,-85.4053
893,-85.4916,-85.4766,-85.4635,-85.4519,-85.4416,-85.4325,-85.4247,-85.4181,-85.4128,-85.4086,-85.4054
894,-85.4917,-85.4767,-85.4636,-85.452,-85.4417,-85.4327,-85.4248,-85.4183,-85.4129,-85.4088,-85.4055
895,-85.4919,-85.4768,-85.4637,-85.4522,-85.4419,-85.4328,-85.425,-85.4184,-85.4131,-85.4089,-85.4057
896,-85.492,-85.477,-85.4639,-85.4523,-85.442,-85.4329,-85.4251,-85.4185,-85.4132,-85.4091,-85.4058
897,-85.4921,-85.4771,-85.464,-85.4525,-85.4422,-85.4331,-85.4252,-85.4187,-85.4134,-85.4092,-85.406
898,-85.4923,-85.4772,-85.4642,-85.4526,-85.4423,-85.4332,-85.4254,-85.4188,-85.4135,-85.4093,-85.4061
899,-85.4924,-85.4774,-85.4643,-85.4527,-85.4424,-85.4334,-85.4255,-85.4189,-85.4136,-85.4095,-85.4062
900,-85.4925,-85.4775,-85.4644,-85.4529,-85.4426,-85.4335,-85.4256,-85.4191,-85.4138,-85.4096,-85.4064
901,-85.4927,-85.4776,-85.4646,-85.453,-85.4427,-85.4336,-85.4258,-85.4192,-85.4139,-85.4098,-85.4065
902,-85.4928,-85.4778,-85.4647,-85.4531,-85.4428,-85.4338,-85.4259,-85.4194,-85.4141,-85.4099,-85.4066
903,-85.4929,-85.4779,-85.4648,-85.4533,-85.443,-85.4339,-85.4261,-85.4195,-85.4142,-85.41,-85.4068
904,-85.4931,-85.478,-85.465,-85.4534,-85.4431,-85.434,-85.4262,-85.4196,-85.4143,-85.4102,-85.4069
905,-85.4932,-85.4782,-85.4651,-85.4535,-85.4432,-85.4342,-85.4263,-85.4198,-85.4145,-85.4103,-85.4071
906,-85.4933,-85.4783,-85.4652,-85.4537,-85.4434,-85.4343,-85.4265,-85.4199,-85.4146,-85.4104,-85.4072
907,-85.4935,-85.4784,-85.4654,-85.4538,-85.4435,-85.4344,-85.4266,-85.42,-85.4147,-85.4106,-85.4073
908,-85.4936,-85.4786,-85.4655,-85.4539,-85.4436,-85.4346,-85.4267,-85.4202,-85.4149,-85.4107,-85.4075
909,-85.4937,-85.4787,-85.4656,-85.4541,-85.4438,-85.4347,-85.4269,-85.4203,-85.415,-85.4108,-85.4076
910,-85.4938,-85.4788,-85.4657,-85.4542,-85.4439,-85.4348,-85.427,-85.4204,-85.4151,-85.411,-85.4077
911,-85.494,-85.4789,-85.4659,-85.4543,-85.444,-85.435,-85.4271,-85.4206,-85.4153,-85.4111,-85.4078
912,-85.4941,-85.4791,-85.466,-85.4544,-85.4442,-85.4351,-85.4272,-85.4207,-85.4154,-85.4112,-85.408
913,-85.4942,-85.4792,-85.4661,-85.4546,-85.4443,-85.4352,-85.4274,-85.4208,-85.4155,-85.4113,-85.4081
914,-85.4943,-85.4793,-85.4663,-85.4547,-85.4444,-85.4353,-85.4275,-85.4209,-85.4156,-85.4115,-85.4082
915,-85.4945,-85.4794,-85.4664,-85.4548,-85.4445,-85.4355,-85.4276,-85.4211,-85.4158,-85.4116,-85.4084
916,-85.4946,-85.4796,-85.4665,-85.4549,-85.4447,-85.4356,-85.4278,-85.4212,-85.4159,-85.4117,-85.4085
917,-85.4947,-85.4797,-85.4666,-85.4551,-85.4448,-85.4357,-85.4279,-85.4213,-85.416,-85.4119,-85.4086
918,-85.4948,-85.4798,-85.4668,-85.4552,-85.4449,-85.4359,-85.428,-85.4215,-85.4162,-85.412,-85.4087
919,-85.495,-85.4799,-85.4669,-85.4553,-85.445,-85.436,-85.4281,-85.4216,-85.4163,-85.4121,-85.4089
920,-85.4951,-85.4801,-85.467,-85.4554,-85.4452,-85.4361,-85.4283,-85.4217,-85.4164,-85.4122,-85.409
921,-85.4952,-85.4802,-85.4671,-85.4556,-85.4453,-85.4362,-85.4284,-85.4218,-85.4165,-85.4124,-85.4091
922,-85.4953,-85.4803,-85.4672,-85.4557,-85.4454,-85.4364,-85.4285,-85.422,-85.4167,-85.4125,-85.4092
923,-85.4954,-85.4804,-85.4674,-85.4558,-85.4455,-85.4365,-85.4286,-85.4221,-85.4168,-85.4126,-85.4094
924,-85.4956,-85.4805,-85.4675,-85.4559,-85.4457,-85.4366,-85.4288,-85.4222,-85.4169,-85.4127,-85.4095
925,-85.4957,-85.4807,-85.4676,-85.4561,-85.4458,-85.4367,-85.4289,-85.4223,-85.417,-85.4129,-85.4096
926,-85.4958,-85.4808,-85.4677,-85.4562,-85.4459,-85.4368,-85.429,-85.4224,-85.4172,-85.413,-85.4097
927,-85.4959,-85.4809,-85.4678,-85.4563,-85.446,-85.437,-85.4291,-85.4226,-85.4173,-85.4131,-85.4099
928,-85.496,-85.481,-85.468,-85.4564,-85.4462,-85.4371,-85.4292,-85.4227,-85.4174,-85.4132,-85.41
929,-85.4961,-85.4811,-85.4681,-85.4565,-85.4463,-85.4372,-85.4294,-85.4228,-85.4175,-85.4133,-85.4101
930,-85.4963,-85.4813,-85.4682,-85.4567,-85.4464,-85.4373,-85.4295,-85.4229,-85.4176,-85.4135,-85.4102
931,-85.4964,-85.4814,-85.4683,-85.4568,-85.4465,-85.4374,-85.4296,-85.4231,-85.4178,-85.4136,-85.4103
932,-85.4965,-85.4815,-85.4684,-85.4569,-85.4466,-85.4376,-85.4297,-85.4232,-85.4179,-85.4137,-85.4105
933,-85.4966,-85.4816,-85.4686,-85.457,-85.4467,-85.4377,-85.4298,-85.4233,-85.418,-85.4138,-85.4106
934,-85.4967,-85.4817,-85.4687,-85.4571,-85.4469,-85.4378,-85.43,-85.4234,-85.4181,-85.4139,-85.4107
935,-85.4968,-85.4818,-85.4688,-85.4572,-85.447,-85.4379,-85.4301,-85.4235,-85.4182,-85.4141,-85.4108
936,-85.4969,-85.482,-85.4689,-85.4574,-85.4471,-85.438,-85.4302,-85.4236,-85.4183,-85.4142,-85.4109
937,-85.4971,-85.4821,-85.469,-85.4575,-85.4472,-85.4381,-85.4303,-85.4238,-85.4185,-85.4143,-85.4111
938,-85.4972,-85.4822,-85.4691,-85.4576,-85.4473,-85.4383,-85.4304,-85.4239,-85.4186,-85.4144,-85.4112
939,-85.4973,-85.4823,-85.4692,-85.4577,-85.4474,-85.4384,-85.4305,-85.424,-85.4187,-85.4145,-85.4113
940,-85.4974,-85.4824,-85.4694,-85.4578,-85.4476,-85.4385,-85.4307,-85.4241,-85.4188,-85.4146,-85.4114
941,-85.4975,-85.4825,-85.4695,-85.4579,-85.4477,-85.4386,-85.4308,-85.4242,-85.4189,-85.4148,-85.4115
942,-85.4976,-85.4826,-85.4696,-85.458,-85.4478,-85.4387,-85.4309,-85.4243,-85.419,-85.4149,-85.4116
943,-85.4977,-85.4827,-85.4697,-85.4582,-85.4479,-85.4388,-85.431,-85.4245,-85.4192,-85.415,-85.4117
944,-85.4978,-85.4829,-85.4698,-85.4583,-85.448,-85.439,-85.4311,-85.4246,-85.4193,-85.4151,-85.4119
945,-85.4979,-85.483,-85.4699,-85.4584,-85.4481,-85.4391,-85.4312,-85.4247,-85.4194,-85.4152,-85.412
946,-85.4981,-85.4831,-85.47,-85.4585,-85.4482,-85.4392,-85.4313,-85.4248,-85.4195,-85.4153,-85.4121
947,-85.4982,-85.4832,-85.4701,-85.4586,-85.4483,-85.4393,-85.4315,-85.4249,-85.4196,-85.4154,-85.4122
948,-85.4983,-85.4833,-85.4702,-85.4587,-85.4485,-85.4394,-85.4316,-85.425,-85.4197,-85.4156,-85.4123
949,-85.4984,-85.4834,-85.4704,-85.4588,-85.4486,-85.4395,-85.4317,-85.4251,-85.4198,-85.4157,-85.4124
950,-85.4985,-85.4835,-85.4705,-85.4589,-85.4487,-85.4396,-85.4318,-85.4252,-85.4199,-85.4158,-85.4125
951,-85.4986,-85.4836,-85.4706,-85.459,-85.4488,-85.4397,-85.4319,-85.4253,-85.4201,-85.4159,-85.4126
952,-85.4987,-85.4837,-85.4707,-85.4592,-85.4489,-85.4398,-85.432,-85.4255,-85.4202,-85.416,-85.4128
953,-85.4988,-85.4838,-85.4708,-85.4593,-85.449,-85.4399,-85.4321,-85.4256,-85.4203,-85.4161,-85.4129
954,-85.4989,-85.4839,-85.4709,-85.4594,-85.4491,-85.4401,-85.4322,-85.4257,-85.4204,-85.4162,-85.413
955,-85.499,-85.484,-85.471,-85.4595,-85.4492,-85.4402,-85.4323,-85.4258,-85.4205,-85.4163,-85.4131
956,-85.4991,-85.4841,-85.4711,-85.4596,-85.4493,-85.4403,-85.4324,-85.4259,-85.4206,-85.4164,-85.4132
957,-85.4992,-85.4843,-85.4712,-85.4597,-85.4494,-85.4404,-85.4326,-85.426,-85.4207,-85.4165,-85.4133
958,-85.4993,-85.4844,-85.4713,-85.4598,-85.4495,-85.4405,-85.4327,-85.4261,-85.4208,-85.4166,-85.4134
959,-85.4994,-85.4845,-85.4714,-85.4599,-85.4496,-85.4406,-85.4328,-85.4262,-85.4209,-85.4168,-85.4135
960,-85.4995,-85.4846,-85.4715,-85.46,-85.4498,-85.4407,-85.4329,-85.4263,-85.421,-85.4169,-85.4136
961,-85.4996,-85.4847,-85.4716,-85.4601,-85.4499,-85.4408,-85.433,-85.4264,-85.4211,-85.417,-85.4137
962,-85.4997,-85.4848,-85.4717,-85.4602,-85.45,-85.4409,-85.4331,-85.4265,-85.4212,-85.4171,-85.4138
963,-85.4998,-85.4849,-85.4718,-85.4603,-85.4501,-85.441,-85.4332,-85.4266,-85.4213,-85.4172,-85.4139
964,-85.4999,-85.485,-85.472,-85.4604,-85.4502,-85.4411,-85.4333,-85.4267,-85.4215,-85.4173,-85.414
965,-85.5001,-85.4851,-85.4721,-85.4605,-85.4503,-85.4412,-85.4334,-85.4269,-85.4216,-85.4174,-85.4141
966,-85.5002,-85.4852,-85.4722,-85.4606,-85.4504,-85.4413,-85.4335,-85.427,-85.4217,-85.4175,-85.4143
967,-85.5003,-85.4853,-85.4723,-85.4607,-85.4505,-85.4414,-85.4336,-85.4271,-85.4218,-85.4176,-85.4144
968,-85.5004,-85.4854,-85.4724,-85.4608,-85.4506,-85.4415,-85.4337,-85.4272,-85.4219,-85.4177,-85.4145
969,-85.5005,-85.4855,-85.4725,-85.4609,-85.4507,-85.4416,-85.4338,-85.4273,-85.422,-85.4178,-85.4146
970,-85.5006,-85.4856,-85.4726,-85.461,-85.4508,-85.4417,-85.4339,-85.4274,-85.4221,-85.4179,-85.4147
971,-85.5007,-85.4857,-85.4727,-85.4611,-85.4509,-85.4418,-85.434,-85.4275,-85.4222,-85.418,-85.4148
972,-85.5008,-85.4858,-85.4728,-85.4612,-85.451,-85.4419,-85.4341,-85.4276,-85.4223,-85.4181,-85.4149
973,-85.5009,-85.4859,-85.4729,-85.4613,-85.4511,-85.4421,-85.4342,-85.4277,-85.4224,-85.4182,-85.415
974,-85.5009,-85.486,-85.473,-85.4614,-85.4512,-85.4422,-85.4343,-85.4278,-85.4225,-85.4183,-85.4151
975,-85.501,-85.4861,-85.4731,-85.4615,-85.4513,-85.4423,-85.4344,-85.4279,-85.4226,-85.4184,-85.4152
976,-85.5011,-85.4862,-85.4732,-85.4616,-85.4514,-85.4424,-85.4345,-85.428,-85.4227,-85.4185,-85.4153
977,-85.5012,-85.4863,-85.4733,-85.4617,-85.4515,-85.4425,-85.4346,-85.4281,-85.4228,-85.4186,-85.4154
978,-85.5013,-85.4864,-85.4734,-85.4618,-85.4516,-85.4426,-85.4347,-85.4282,-85.4229,-85.4187,-85.4155
979,-85.5014,-85.4865,-85.4735,-85.4619,-85.4517,-85.4427,-85.4348,-85.4283,-85.423,-85.4188,-85.4156
980,-85.5015,-85.4866,-85.4736,-85.462,-85.4518,-85.4428,-85.4349,-85.4284,-85.4231,-85.4189,-85.4157
981,-85.5016,-85.4867,-85.4737,-85.4621,-85.4519,-85.4429,-85.435,-85.4285,-85.4232,-85.419,-85.4158
982,-85.5017,-85.4868,-85.4738,-85.4622,-85.452,-85.4429,-85.4351,-85.4286,-85.4233,-85.4191,-85.4159
983,-85.5018,-85.4869,-85.4738,-85.4623,-85.4521,-85.443,-85.4352,-85.4287,-85.4234,-85.4192,-85.416
984,-85.5019,-85.487,-85.4739,-85.4624,-85.4522,-85.4431,-85.4353,-85.4288,-85.4235,-85.4193,-85.4161
985,-85.502,-85.4871,-85.474,-85.4625,-85.4523,-85.4432,-85.4354,-85.4289,-85.4236,-85.4194,-85.4162
986,-85.5021,-85.4872,-85.4741,-85.4626,-85.4524,-85.4433,-85.4355,-85.429,-85.4237,-85.4195,-85.4163
987,-85.5022,-85.4873,-85.4742,-85.4627,-85.4525,-85.4434,-85.4356,-85.4291,-85.4238,-85.4196,-85.4164
988,-85.5023,-85.4873,-85.4743,-85.4628,-85.4526,-85.4435,-85.4357,-85.4292,-85.4239,-85.4197,-85.4165
989,-85.5024,-85.4874,-85.4744,-85.4629,-85.4527,-85.4436,-85.4358,-85.4293,-85.424,-85.4198,-85.4166
990,-85.5025,-85.4875,-85.4745,-85.463,-85.4528,-85.4437,-85.4359,-85.4294,-85.4241,-85.4199,-85.4167
