-10,-74.2243,-74.0979,-80.526,-82.7708,-83.8616,-84.4539,-84.8097,-85.0425,-85.2053,-85.3251,-85.4167
-9,-74.2873,-74.097,-80.5267,-82.7713,-83.8619,-84.4542,-84.8098,-85.0426,-85.2055,-85.3252,-85.4168
-8,-74.3472,-74.0961,-80.5274,-82.7718,-83.8623,-84.4544,-84.81,-85.0428,-85.2056,-85.3253,-85.4168
-7,-74.4041,-74.0952,-80.528,-82.7723,-83.8626,-84.4547,-84.8102,-85.0429,-85.2057,-85.3254,-85.4169
-6,-74.458,-74.0943,-80.5287,-82.7728,-83.863,-84.4549,-84.8104,-85.0431,-85.2058,-85.3255,-85.417
-5,-74.5091,-74.0934,-80.5294,-82.7733,-83.8633,-84.4552,-84.8106,-85.0432,-85.206,-85.3256,-85.4171
-4,-74.5575,-74.0925,-80.53,-82.7738,-83.8637,-84.4554,-84.8108,-85.0434,-85.2061,-85.3258,-85.4172
-3,-74.6033,-74.0916,-80.5307,-82.7743,-83.864,-84.4557,-84.811,-85.0436,-85.2062,-85.3259,-85.4173
-2,-74.6467,-74.0908,-80.5313,-82.7748,-83.8643,-84.4559,-84.8112,-85.0437,-85.2063,-85.326,-85.4174
-1,-74.6877,-74.0899,-80.532,-82.7752,-83.8647,-84.4562,-84.8114,-85.0439,-85.2065,-85.3261,-85.4175
0,-74.7253,-74.0889,-80.5325,-82.7756,-83.8649,-84.4563,-84.8114,-85.0439,-85.2065,-85.3261,-85.4175
1,-21.3327,7.22085,23.7323,26.3387,26.4497,26.0339,25.5192,24.9928,24.4788,23.9764,23.4786
2,-18.4061,21.4908,29.3495,31.056,31.724,32.0417,32.2158,32.3213,32.3919,32.4412,32.4772
3,-17.928,23.7169,24.7413,25.0868,25.2496,25.3348,25.3852,25.4185,25.4428,25.4616,25.4771
4,-17.076,20.8819,22.0962,22.2759,22.3309,22.3563,22.3709,22.3806,22.3881,22.3942,22.3995
5,-15.7014,17.4696,18.9186,19.4709,19.6983,19.8135,19.8817,19.9274,19.9611,19.9873,20.0085
6,-13.8696,15.501,16.7897,17.2465,17.4313,17.5253,17.5813,17.6191,17.6473,17.6692,17.6871
7,-11.6081,14.5371,15.7761,16.1564,16.3011,16.3723,16.4138,16.4415,16.4619,16.4776,16.4903
8,-8.95747,14.1992,15.4102,15.7354,15.851,15.9052,15.9358,15.9556,15.97,15.9808,15.9893
9,-6.36952,14.2459,15.4235,15.705,15.798,15.839,15.8609,15.8745,15.884,15.8908,15.8961
10,-4.14261,14.5213,15.6585,15.9043,15.9792,16.0096,16.0245,16.033,16.0387,16.0423,16.0448
11,-2.12988,14.9249,16.0186,16.2351,16.2954,16.3172,16.3265,16.3309,16.3334,16.3344,16.3347
12,-0.291704,15.3936,16.4444,16.637,16.6853,16.7001,16.7047,16.7058,16.7056,16.7045,16.7031
13,1.37539,15.8899,16.9005,17.0733,17.1118,17.1208,17.1215,17.1198,17.1173,17.1144,17.1115
14,2.86618,16.3934,17.3671,17.5232,17.5533,17.5573,17.5546,17.5504,17.546,17.5416,17.5373
15,4.17836,16.8942,17.8337,17.9753,17.9979,17.9973,17.9917,17.9852,17.9791,17.9733,17.9678
16,5.31639,17.3885,18.2954,18.4234,18.4392,18.4345,18.426,18.4175,18.4097,18.4026,18.396
17,6.2916,17.8751,18.7497,18.865,18.8741,18.8654,18.8543,18.8437,18.8344,18.826,18.8183
18,7.12066,18.3543,19.1957,19.2983,19.301,19.2883,19.2745,19.262,19.2511,19.2415,19.2328
19,7.82354,18.8265,19.6329,19.7226,19.7187,19.7022,19.6857,19.6713,19.6589,19.6481,19.6384
20,8.42132,19.2923,20.061,20.1374,20.127,20.1065,20.0874,20.0711,20.0572,20.0452,20.0345
21,8.9342,19.7522,20.4799,20.5425,20.5254,20.501,20.4793,20.4611,20.4458,20.4327,20.4211
22,9.38025,20.2071,20.89,20.9383,20.9145,20.8862,20.8619,20.8419,20.8252,20.811,20.7985
23,9.77473,20.6583,21.2925,21.3259,21.2953,21.2631,21.2364,21.2147,21.1967,21.1814,21.1681
24,10.13,21.1073,21.6891,21.7072,21.6698,21.6339,21.6048,21.5814,21.5622,21.546,21.5319
25,10.4556,21.553,22.0811,22.0837,22.0396,22,21.9686,21.9437,21.9233,21.9062,21.8915
26,10.7587,21.9894,22.4655,22.4531,22.4024,22.3593,22.3257,22.2991,22.2776,22.2596,22.2442
27,11.0447,22.408,22.8349,22.8084,22.7515,22.7048,22.6689,22.6408,22.618,22.5991,22.5828
28,11.3174,22.8027,23.1818,23.142,23.0792,23.0291,22.991,22.9612,22.9372,22.9173,22.9002
29,11.5798,23.1703,23.502,23.4496,23.3812,23.3279,23.2877,23.2564,23.2312,23.2103,23.1924
30,11.8341,23.5099,23.7945,23.7299,23.6562,23.5999,23.5577,23.525,23.4987,23.4769,23.4583
31,12.0804,23.8216,24.0594,23.9832,23.9046,23.8455,23.8015,23.7675,23.7402,23.7176,23.6983
32,12.3169,24.106,24.2979,24.2107,24.1274,24.0659,24.0202,23.985,23.9568,23.9335,23.9136
33,12.5418,24.364,24.5114,24.4137,24.3262,24.2624,24.2152,24.1789,24.1499,24.1259,24.1055
34,12.7544,24.5967,24.7014,24.5938,24.5025,24.4365,24.388,24.3508,24.321,24.2965,24.2756
35,12.9545,24.8054,24.8693,24.7527,24.6578,24.5899,24.5402,24.5022,24.4718,24.4467,24.4254
36,13.1424,24.9916,25.017,24.8919,24.7938,24.7242,24.6734,24.6346,24.6036,24.5781,24.5564
37,13.3184,25.1566,25.1459,25.0131,24.912,24.8409,24.7892,24.7496,24.7182,24.6922,24.6702
38,13.4829,25.302,25.2577,25.1178,25.014,24.9415,24.8889,24.8488,24.8169,24.7906,24.7683
39,13.6361,25.4292,25.3538,25.2074,25.1012,25.0275,24.9742,24.9336,24.9013,24.8746,24.8521
40,13.7783,25.5398,25.4356,25.2833,25.1751,25.1003,25.0463,25.0052,24.9726,24.9457,24.9229
41,13.9097,25.6351,25.5046,25.347,25.2368,25.1611,25.1065,25.065,25.0321,25.005,24.982
42,14.0306,25.7165,25.5619,25.3996,25.2877,25.2111,25.156,25.1142,25.081,25.0537,25.0306
43,14.1411,25.7853,25.6089,25.4422,25.3288,25.2515,25.196,25.1538,25.1204,25.0929,25.0697
44,14.2416,25.8427,25.6464,25.4759,25.3612,25.2833,25.2273,25.1849,25.1513,25.1236,25.1003
45,14.3323,25.8899,25.6755,25.5016,25.3857,25.3072,25.251,25.2084,25.1745,25.1468,25.1233
46,14.4133,25.9277,25.6972,25.5201,25.4033,25.3243,25.2678,25.225,25.191,25.1631,25.1395
47,14.4851,25.9573,25.7121,25.5324,25.4147,25.3353,25.2785,25.2355,25.2014,25.1734,25.1498
48,14.5478,25.9794,25.7211,25.5389,25.4205,25.3407,25.2837,25.2406,25.2064,25.1783,25.1546
49,14.6017,25.9948,25.7247,25.5404,25.4213,25.3413,25.2841,25.2408,25.2066,25.1784,25.1547
50,14.6471,26.0042,25.7236,25.5375,25.4178,25.3375,25.2801,25.2368,25.2025,25.1743,25.1504
51,14.6844,26.0083,25.7182,25.5305,25.4103,25.3298,25.2723,25.2289,25.1945,25.1663,25.1424
52,14.7137,26.0075,25.709,25.5199,25.3993,25.3186,25.2611,25.2176,25.1831,25.1548,25.131
53,14.7354,26.0024,25.6964,25.506,25.3851,25.3043,25.2467,25.2032,25.1687,25.1404,25.1165
54,14.7498,25.9934,25.6808,25.4894,25.3682,25.2872,25.2296,25.186,25.1515,25.1231,25.0992
55,14.7572,25.9809,25.6624,25.4701,25.3487,25.2677,25.2099,25.1663,25.1318,25.1035,25.0795
56,14.7578,25.9653,25.6416,25.4484,25.3269,25.2458,25.1881,25.1444,25.1099,25.0815,25.0576
57,14.752,25.9468,25.6185,25.4247,25.303,25.2219,25.1641,25.1205,25.0859,25.0575,25.0336
58,14.74,25.9256,25.5933,25.399,25.2772,25.1961,25.1383,25.0947,25.0601,25.0317,25.0078
59,14.722,25.9021,25.5663,25.3715,25.2496,25.1685,25.1108,25.0671,25.0326,25.0042,24.9802
60,14.6983,25.8765,25.5375,25.3423,25.2205,25.1394,25.0816,25.038,25.0035,24.9751,24.9511
61,14.6692,25.8488,25.5072,25.3117,25.1898,25.1088,25.0511,25.0074,24.9729,24.9445,24.9206
62,14.6349,25.8193,25.4753,25.2797,25.1578,25.0768,25.0191,24.9755,24.941,24.9126,24.8886
63,14.5956,25.7881,25.4421,25.2463,25.1245,25.0435,24.9858,24.9423,24.9078,24.8794,24.8554
64,14.5515,25.7553,25.4076,25.2117,25.0899,25.009,24.9514,24.9078,24.8733,24.845,24.821
65,14.5028,25.7209,25.3718,25.1758,25.0542,24.9733,24.9157,24.8722,24.8377,24.8094,24.7855
66,14.4497,25.6852,25.3349,25.1389,25.0173,24.9365,24.879,24.8355,24.801,24.7727,24.7488
67,14.3923,25.6481,25.2968,25.1009,24.9794,24.8986,24.8412,24.7977,24.7633,24.735,24.7111
68,14.3309,25.6097,25.2576,25.0618,24.9404,24.8597,24.8023,24.7589,24.7245,24.6962,24.6723
69,14.2656,25.5701,25.2174,25.0216,24.9004,24.8198,24.7624,24.7191,24.6847,24.6564,24.6325
70,14.1964,25.5294,25.1762,24.9805,24.8594,24.7789,24.7216,24.6783,24.6439,24.6156,24.5917
71,14.1236,25.4874,25.134,24.9385,24.8175,24.7371,24.6798,24.6365,24.6021,24.5739,24.55
72,14.0472,25.4444,25.0908,24.8954,24.7746,24.6943,24.637,24.5938,24.5594,24.5312,24.5074
73,13.9674,25.4004,25.0466,24.8515,24.7308,24.6505,24.5934,24.5501,24.5158,24.4876,24.4638
74,13.8843,25.3552,25.0015,24.8066,24.686,24.6058,24.5487,24.5055,24.4713,24.4431,24.4192
75,13.7979,25.3091,24.9554,24.7607,24.6403,24.5603,24.5032,24.46,24.4258,24.3976,24.3738
76,13.7084,25.2619,24.9085,24.714,24.5937,24.5138,24.4568,24.4136,24.3794,24.3512,24.3274
77,13.6157,25.2138,24.8606,24.6664,24.5462,24.4664,24.4094,24.3663,24.3321,24.3039,24.2801
78,13.5201,25.1646,24.8118,24.6178,24.4979,24.418,24.3611,24.3181,24.2839,24.2557,24.2319
79,13.4215,25.1145,24.7621,24.5684,24.4486,24.3688,24.312,24.2689,24.2348,24.2066,24.1828
80,13.32,25.0635,24.7115,24.518,24.3984,24.3187,24.2619,24.2189,24.1848,24.1566,24.1329
81,13.2156,25.0115,24.6601,24.4668,24.3473,24.2677,24.211,24.168,24.1338,24.1057,24.082
82,13.1084,24.9586,24.6077,24.4147,24.2953,24.2158,24.1591,24.1161,24.082,24.0539,24.0302
83,12.9985,24.9048,24.5544,24.3617,24.2424,24.163,24.1064,24.0634,24.0293,24.0012,23.9775
84,12.8858,24.85,24.5002,24.3078,24.1887,24.1093,24.0527,24.0098,23.9757,23.9476,23.9239
85,12.7704,24.7943,24.4452,24.253,24.134,24.0548,23.9982,23.9553,23.9212,23.8931,23.8694
86,12.6523,24.7377,24.3892,24.1973,24.0785,23.9993,23.9427,23.8998,23.8658,23.8377,23.814
87,12.5316,24.6802,24.3324,24.1407,24.022,23.9429,23.8864,23.8435,23.8095,23.7814,23.7576
88,12.4082,24.6218,24.2747,24.0833,23.9647,23.8856,23.8291,23.7863,23.7523,23.7242,23.7004
89,12.2821,24.5625,24.2161,24.0249,23.9065,23.8275,23.771,23.7282,23.6941,23.6661,23.6423
90,12.1534,24.5024,24.1567,23.9657,23.8474,23.7684,23.712,23.6692,23.6351,23.6071,23.5833
91,12.0221,24.4413,24.0963,23.9056,23.7874,23.7085,23.6521,23.6093,23.5752,23.5472,23.5234
92,11.8881,24.3793,24.0351,23.8446,23.7265,23.6476,23.5912,23.5484,23.5144,23.4863,23.4626
93,11.7515,24.3165,23.973,23.7827,23.6647,23.5859,23.5295,23.4867,23.4527,23.4246,23.4009
94,11.6122,24.2528,23.91,23.72,23.602,23.5233,23.4669,23.4241,23.3901,23.362,23.3382
95,11.4703,24.1882,23.8462,23.6563,23.5385,23.4598,23.4034,23.3606,23.3266,23.2985,23.2747
96,11.3257,24.1227,23.7814,23.5918,23.4741,23.3954,23.339,23.2962,23.2622,23.2341,23.2103
97,11.1784,24.0564,23.7158,23.5264,23.4087,23.3301,23.2737,23.2309,23.1969,23.1688,23.145
98,11.0285,23.9892,23.6494,23.4602,23.3425,23.2639,23.2076,23.1648,23.1307,23.1026,23.0787
99,10.8758,23.9212,23.5821,23.393,23.2754,23.1968,23.1405,23.0977,23.0636,23.0355,23.0116
100,10.7204,23.8523,23.5139,23.325,23.2075,23.1288,23.0725,23.0297,22.9956,22.9675,22.9436
101,10.5623,23.7825,23.4448,23.2561,23.1386,23.06,23.0037,22.9609,22.9267,22.8986,22.8747
102,10.4013,23.7119,23.3749,23.1863,23.0689,22.9903,22.9339,22.8911,22.857,22.8288,22.8049
103,10.2375,23.6404,23.3041,23.1157,22.9983,22.9197,22.8633,22.8205,22.7863,22.7581,22.7342
104,10.0709,23.5681,23.2324,23.0441,22.9268,22.8482,22.7918,22.7489,22.7148,22.6865,22.6626
105,9.90148,23.495,23.1599,22.9718,22.8544,22.7758,22.7194,22.6765,22.6423,22.6141,22.5901
106,9.7291,23.421,23.0866,22.8985,22.7812,22.7026,22.6461,22.6032,22.569,22.5407,22.5167
107,9.55379,23.3461,23.0123,22.8244,22.7071,22.6284,22.572,22.529,22.4948,22.4664,22.4424
108,9.3755,23.2705,22.9373,22.7494,22.6321,22.5534,22.4969,22.4539,22.4196,22.3913,22.3672
109,9.19419,23.194,22.8613,22.6735,22.5562,22.4775,22.421,22.378,22.3436,22.3153,22.2912
110,9.00983,23.1166,22.7846,22.5968,22.4795,22.4007,22.3442,22.3011,22.2668,22.2383,22.2142
111,8.82238,23.0384,22.7069,22.5192,22.4019,22.3231,22.2665,22.2234,22.189,22.1605,22.1364
112,8.63178,22.9594,22.6284,22.4408,22.3234,22.2446,22.1879,22.1448,22.1103,22.0818,22.0576
113,8.43801,22.8796,22.5491,22.3615,22.2441,22.1652,22.1085,22.0653,22.0308,22.0022,21.978
114,8.241,22.7989,22.4689,22.2813,22.1639,22.0849,22.0281,21.9849,21.9503,21.9217,21.8975
115,8.04072,22.7174,22.3879,22.2003,22.0828,22.0037,21.9469,21.9036,21.869,21.8404,21.816
116,7.83712,22.6351,22.306,22.1184,22.0008,21.9217,21.8648,21.8214,21.7868,21.7581,21.7337
117,7.63015,22.552,22.2233,22.0356,21.918,21.8388,21.7818,21.7384,21.7037,21.6749,21.6505
118,7.41976,22.468,22.1397,21.952,21.8342,21.755,21.698,21.6544,21.6197,21.5909,21.5664
119,7.20589,22.3832,22.0553,21.8675,21.7497,21.6703,21.6132,21.5696,21.5348,21.5059,21.4814
120,6.9885,22.2976,21.97,21.7821,21.6642,21.5848,21.5276,21.4839,21.449,21.4201,21.3955
121,6.76753,22.2111,21.8838,21.6959,21.5779,21.4983,21.441,21.3973,21.3623,21.3334,21.3087
122,6.54294,22.1238,21.7968,21.6088,21.4906,21.411,21.3536,21.3098,21.2748,21.2457,21.221
123,6.31466,22.0357,21.709,21.5209,21.4025,21.3228,21.2653,21.2214,21.1863,21.1572,21.1324
124,6.08264,21.9468,21.6203,21.432,21.3136,21.2337,21.1761,21.1321,21.0969,21.0677,21.0429
125,5.84684,21.857,21.5307,21.3423,21.2237,21.1437,21.086,21.0419,21.0066,20.9773,20.9524
126,5.60719,21.7664,21.4403,21.2517,21.1329,21.0528,20.9949,20.9508,20.9154,20.8861,20.8611
127,5.36365,21.675,21.349,21.1602,21.0413,20.961,20.903,20.8587,20.8233,20.7939,20.7688
128,5.11616,21.5827,21.2568,21.0679,20.9487,20.8683,20.8102,20.7658,20.7303,20.7008,20.6756
129,4.86467,21.4896,21.1638,20.9746,20.8553,20.7747,20.7165,20.6719,20.6363,20.6067,20.5815
130,4.60912,21.3956,21.0699,20.8805,20.7609,20.6801,20.6218,20.5772,20.5414,20.5118,20.4865
131,4.34947,21.3008,20.9751,20.7854,20.6657,20.5847,20.5262,20.4815,20.4456,20.4159,20.3905
132,4.08567,21.2051,20.8794,20.6895,20.5695,20.4883,20.4297,20.3848,20.3489,20.319,20.2936
133,3.81766,21.1086,20.7829,20.5926,20.4724,20.391,20.3323,20.2873,20.2512,20.2212,20.1957
134,3.54541,21.0112,20.6854,20.4949,20.3744,20.2928,20.2339,20.1887,20.1525,20.1225,20.0968
135,3.26886,20.913,20.5871,20.3962,20.2754,20.1937,20.1345,20.0893,20.053,20.0228,19.997
136,2.98797,20.8138,20.4878,20.2966,20.1755,20.0936,20.0343,19.9888,19.9524,19.9221,19.8963
137,2.7027,20.7138,20.3877,20.196,20.0747,19.9925,19.933,19.8874,19.8509,19.8205,19.7945
138,2.413,20.6129,20.2866,20.0946,19.9729,19.8905,19.8308,19.7851,19.7484,19.7178,19.6918
139,2.11883,20.5112,20.1846,19.9921,19.8702,19.7875,19.7276,19.6817,19.6449,19.6142,19.5881
140,1.82015,20.4085,20.0816,19.8888,19.7665,19.6835,19.6235,19.5774,19.5404,19.5096,19.4833
141,1.51693,20.3049,19.9777,19.7844,19.6618,19.5786,19.5183,19.472,19.4349,19.404,19.3776
142,1.20911,20.2004,19.8729,19.6791,19.5561,19.4726,19.4121,19.3657,19.3284,19.2974,19.2708
143,0.896655,20.095,19.7671,19.5728,19.4495,19.3657,19.305,19.2583,19.2209,19.1897,19.1631
144,0.579523,19.9887,19.6604,19.4656,19.3418,19.2577,19.1968,19.1499,19.1123,19.081,19.0542
145,0.257664,19.8814,19.5526,19.3573,19.2331,19.1487,19.0875,19.0405,19.0027,18.9713,18.9443
146,-0.0689711,19.7732,19.4439,19.248,19.1234,19.0387,18.9773,18.93,18.8921,18.8605,18.8334
147,-0.40044,19.6641,19.3342,19.1377,19.0127,18.9276,18.8659,18.8185,18.7804,18.7486,18.7214
148,-0.736803,19.5539,19.2235,19.0264,18.9009,18.8155,18.7535,18.7059,18.6676,18.6356,18.6083
149,-1.07813,19.4428,19.1118,18.914,18.7881,18.7023,18.6401,18.5922,18.5537,18.5215,18.494
150,-1.4245,19.3307,18.999,18.8006,18.6741,18.588,18.5255,18.4774,18.4387,18.4064,18.3787
151,-1.77601,19.2176,18.8852,18.6861,18.5591,18.4727,18.4098,18.3615,18.3225,18.2901,18.2623
152,-2.13275,19.1035,18.7703,18.5705,18.443,18.3562,18.293,18.2444,18.2053,18.1726,18.1446
153,-2.49484,18.9883,18.6544,18.4539,18.3258,18.2386,18.1751,18.1262,18.0869,18.054,18.0259
154,-2.8624,18.8722,18.5374,18.3361,18.2075,18.1198,18.056,18.0069,17.9673,17.9343,17.9059
155,-3.2356,18.7549,18.4193,18.2172,18.088,17.9999,17.9358,17.8864,17.8466,17.8133,17.7848
156,-3.61458,18.6367,18.3001,18.0971,17.9674,17.8788,17.8143,17.7647,17.7246,17.6911,17.6624
157,-3.99954,18.5173,18.1798,17.9759,17.8455,17.7565,17.6917,17.6417,17.6014,17.5678,17.5389
158,-4.39067,18.3968,18.0583,17.8535,17.7225,17.6331,17.5679,17.5176,17.477,17.4431,17.414
159,-4.78821,18.2752,17.9356,17.73,17.5983,17.5083,17.4428,17.3922,17.3514,17.3173,17.288
160,-5.1924,18.1525,17.8118,17.6052,17.4729,17.3824,17.3164,17.2655,17.2245,17.1901,17.1606
161,-5.60351,18.0287,17.6868,17.4792,17.3462,17.2552,17.1888,17.1376,17.0962,17.0616,17.0319
162,-6.02183,17.9037,17.5606,17.352,17.2182,17.1267,17.0599,17.0084,16.9667,16.9318,16.9019
163,-6.44768,17.7775,17.4331,17.2234,17.0889,16.9969,16.9297,16.8778,16.8358,16.8007,16.7705
164,-6.8814,17.6501,17.3044,17.0936,16.9584,16.8657,16.7981,16.7459,16.7036,16.6682,16.6378
165,-7.32335,17.5215,17.1744,16.9625,16.8265,16.7333,16.6652,16.6126,16.57,16.5343,16.5037
166,-7.77391,17.3916,17.0431,16.8301,16.6932,16.5994,16.5309,16.4779,16.435,16.399,16.3681
167,-8.23347,17.2605,16.9105,16.6963,16.5586,16.4642,16.3951,16.3418,16.2985,16.2623,16.2311
168,-8.70247,17.1282,16.7766,16.5612,16.4226,16.3275,16.258,16.2042,16.1606,16.1241,16.0927
169,-9.18134,16.9945,16.6413,16.4246,16.2851,16.1894,16.1194,16.0652,16.0213,15.9844,15.9527
170,-9.67052,16.8595,16.5046,16.2866,16.1462,16.0498,15.9793,15.9246,15.8804,15.8432,15.8112
171,-10.1705,16.7231,16.3665,16.1472,16.0058,15.9087,15.8377,15.7826,15.738,15.7005,15.6682
172,-10.6817,16.5854,16.227,16.0063,15.8639,15.7661,15.6945,15.639,15.594,15.5561,15.5236
173,-11.2046,16.4463,16.086,15.8638,15.7205,15.622,15.5498,15.4938,15.4484,15.4102,15.3773
174,-11.7397,16.3057,15.9435,15.7199,15.5755,15.4762,15.4035,15.347,15.3012,15.2627,15.2294
175,-12.2873,16.1637,15.7995,15.5744,15.429,15.3289,15.2555,15.1985,15.1523,15.1134,15.0799
176,-12.8481,16.0202,15.654,15.4273,15.2808,15.1799,15.1059,15.0484,15.0018,14.9625,14.9286
177,-13.4223,15.8753,15.5069,15.2785,15.1309,15.0292,14.9546,14.8966,14.8495,14.8098,14.7756
178,-14.0103,15.7288,15.3582,15.1282,14.9794,14.8768,14.8015,14.743,14.6954,14.6554,14.6208
179,-14.6125,15.5807,15.2078,14.9761,14.8261,14.7227,14.6467,14.5876,14.5396,14.4991,14.4642
180,-15.2291,15.431,15.0558,14.8223,14.6711,14.5668,14.4901,14.4305,14.3819,14.3411,14.3057
181,-15.8604,15.2797,14.9021,14.6667,14.5143,14.409,14.3316,14.2714,14.2224,14.1811,14.1453
182,-16.5064,15.1268,14.7466,14.5094,14.3556,14.2494,14.1713,14.1105,14.061,14.0192,13.983
183,-17.1674,14.9721,14.5893,14.3502,14.1951,14.088,14.0091,13.9476,13.8976,13.8553,13.8188
184,-17.8432,14.8157,14.4303,14.1892,14.0327,13.9245,13.8449,13.7828,13.7322,13.6895,13.6525
185,-18.5337,14.6576,14.2694,14.0263,13.8684,13.7591,13.6787,13.6159,13.5648,13.5216,13.4841
186,-19.2387,14.4976,14.1066,13.8614,13.702,13.5917,13.5104,13.447,13.3953,13.3516,13.3136
187,-19.9578,14.3359,13.9419,13.6945,13.5336,13.4223,13.3401,13.276,13.2237,13.1794,13.141
188,-20.6907,14.1722,13.7752,13.5256,13.3632,13.2507,13.1676,13.1028,13.0499,13.0051,12.9662
189,-21.4368,14.0066,13.6065,13.3546,13.1906,13.0769,12.993,12.9274,12.8738,12.8285,12.7891
190,-22.1954,13.8391,13.4357,13.1815,13.0158,12.901,12.8161,12.7498,12.6955,12.6496,12.6097
191,-22.9657,13.6696,13.2628,13.0062,12.8389,12.7228,12.6369,12.5698,12.5149,12.4684,12.428
192,-23.747,13.498,13.0878,12.8287,12.6596,12.5423,12.4555,12.3875,12.3319,12.2848,12.2438
193,-24.5382,13.3243,12.9106,12.6489,12.4781,12.3594,12.2716,12.2028,12.1465,12.0987,12.0572
194,-25.3385,13.1485,12.7311,12.4668,12.2941,12.1741,12.0852,12.0156,11.9586,11.9102,11.868
195,-26.1466,12.9705,12.5494,12.2823,12.1078,11.9864,11.8964,11.8259,11.7681,11.719,11.6763
196,-26.9614,12.7903,12.3653,12.0954,11.9189,11.7961,11.705,11.6336,11.575,11.5253,11.4819
197,-27.7819,12.6078,12.1788,11.906,11.7276,11.6033,11.511,11.4387,11.3793,11.3288,11.2848
198,-28.6069,12.4229,11.9898,11.7141,11.5336,11.4078,11.3144,11.241,11.1808,11.1296,11.0849
199,-29.4352,12.2357,11.7983,11.5196,11.3369,11.2095,11.1149,11.0406,10.9795,10.9275,10.8821
200,-30.2656,12.046,11.6042,11.3224,11.1375,11.0086,10.9127,10.8373,10.7753,10.7226,10.6765
201,-31.097,11.8538,11.4075,11.1224,10.9354,10.8047,10.7076,10.6311,10.5682,10.5146,10.4678
202,-31.9284,11.659,11.2081,10.9197,10.7303,10.598,10.4995,10.4219,10.3581,10.3037,10.2561
203,-32.7586,11.4616,11.006,10.7141,10.5224,10.3883,10.2884,10.2097,10.1449,10.0896,10.0412
204,-33.5866,11.2616,10.801,10.5056,10.3114,10.1755,10.0742,9.99435,9.92852,9.87231,9.8231
205,-34.4116,11.0588,10.5931,10.2941,10.0973,9.95957,9.85683,9.77576,9.70889,9.65176,9.60171
206,-35.2326,10.8531,10.3822,10.0795,9.88013,9.74045,9.6362,9.55389,9.48594,9.42784,9.37692
207,-36.0489,10.6446,10.1683,9.86174,9.65971,9.51805,9.41223,9.32864,9.25958,9.20049,9.14866
208,-36.8596,10.4331,9.95127,9.64076,9.43597,9.29227,9.18485,9.09992,9.02971,8.9696,8.91683
209,-37.6642,10.2186,9.73105,9.41648,9.20884,9.06303,8.95396,8.86766,8.79626,8.73509,8.68135
210,-38.4619,10.001,9.50756,9.1888,8.97823,8.83026,8.71948,8.63176,8.55913,8.49686,8.44212
211,-39.2522,9.78025,9.28072,8.95764,8.74406,8.59386,8.48132,8.39213,8.31823,8.25482,8.19905
212,-40.0346,9.55622,9.05044,8.72293,8.50624,8.35373,8.23937,8.14868,8.07346,8.00888,7.95203
213,-40.8087,9.32887,8.81665,8.48456,8.26468,8.10979,7.99356,7.9013,7.82473,7.75893,7.70096
214,-41.5741,9.09809,8.57925,8.24246,8.01928,7.86195,7.74378,7.6499,7.57193,7.50487,7.44575
215,-42.3304,8.86382,8.33815,7.99652,7.76995,7.61009,7.48993,7.39438,7.31496,7.2466,7.18628
216,-43.0772,8.62597,8.09327,7.74665,7.51659,7.35413,7.23191,7.13464,7.05372,6.98401,6.92245
217,-43.8145,8.38444,7.84451,7.49277,7.25911,7.09397,6.96962,6.87057,6.78809,6.71699,6.65415
218,-44.5418,8.13915,7.59178,7.23476,6.99739,6.82949,6.70294,6.60206,6.51798,6.44542,6.38126
219,-45.2591,7.89002,7.33497,6.97252,6.73135,6.5606,6.43179,6.329,6.24326,6.16921,6.10367
220,-45.9661,7.63693,7.074,6.70597,6.46087,6.28718,6.15604,6.05129,5.96383,5.88823,5.82127
221,-46.6627,7.3798,6.80876,6.43499,6.18585,6.00914,5.87558,5.76881,5.67957,5.60237,5.53392
222,-47.3488,7.11854,6.53915,6.15947,5.90617,5.72635,5.59031,5.48144,5.39037,5.31151,5.24153
223,-48.0243,6.85303,6.26506,5.87932,5.62175,5.43871,5.30011,5.18908,5.09611,5.01553,4.94395
224,-48.6891,6.5832,5.9864,5.59442,5.33245,5.14611,5.00486,4.8916,4.79667,4.7143,4.64108
225,-49.3431,6.30892,5.70306,5.30467,5.03818,4.84844,4.70446,4.58889,4.49193,4.40772,4.33279
226,-49.9862,6.0301,5.41493,5.00996,4.73882,4.54558,4.39879,4.28084,4.18177,4.09565,4.01895
227,-50.6185,5.74664,5.12191,4.71018,4.43426,4.23741,4.08773,3.96732,3.86608,3.77798,3.69945
228,-51.2399,5.45844,4.82388,4.40522,4.12439,3.92384,3.77116,3.64821,3.54473,3.45458,3.37414
229,-51.8504,5.16538,4.52075,4.09497,3.8091,3.60473,3.44897,3.3234,3.21759,3.12533,3.04291
230,-52.45,4.86737,4.2124,3.77932,3.48828,3.27998,3.12105,2.99277,2.88456,2.79009,2.70562
231,-53.0386,4.5643,3.89873,3.45817,3.16181,2.94947,2.78727,2.65619,2.54549,2.44875,2.36215
232,-53.6162,4.25607,3.57964,3.13141,2.82958,2.6131,2.44752,2.31355,2.20027,2.10117,2.01235
233,-54.183,3.94257,3.25501,2.79892,2.49149,2.27073,2.10167,1.96472,1.84877,1.74721,1.6561
234,-54.7389,3.6237,2.92474,2.46059,2.14741,1.92225,1.74961,1.60957,1.49086,1.38675,1.29325
235,-55.2838,3.29936,2.58873,2.11633,1.79724,1.56755,1.3912,1.24796,1.12639,1.01964,0.92365
236,-55.818,2.96944,2.24686,1.76601,1.44085,1.2065,1.02632,0.879777,0.755225,0.645723,0.547143
237,-56.3413,2.63385,1.89904,1.40952,1.07813,0.838967,0.654835,0.504857,0.377214,0.264847,0.163563
238,-56.8538,2.29248,1.54515,1.04674,0.708935,0.464815,0.27659,0.123051,-0.00780838,-0.123162,-0.22727
239,-57.3556,1.94523,1.18508,0.677544,0.333143,0.0839002,-0.108568,-0.265807,-0.400018,-0.51849,-0.625555
240,-57.8468,1.592,0.818706,0.301809,-0.0493931,-0.303936,-0.500807,-0.661899,-0.799608,-0.921344,-1.03151
241,-58.3273,1.23267,0.445916,-0.0806072,-0.43883,-0.698863,-0.900313,-1.06542,-1.20679,-1.33195,-1.44536
242,-58.7972,0.867136,0.0665756,-0.469858,-0.835339,-1.10107,-1.30729,-1.4766,-1.6218,-1.75055,-1.8674
243,-59.2567,0.495286,-0.319457,-0.86611,-1.23911,-1.51077,-1.72197,-1.89568,-2.04491,-2.17744,-2.2979
244,-59.7057,0.116994,-0.712336,-1.26955,-1.65035,-1.9282,-2.14461,-2.32294,-2.47641,-2.61293,-2.73721
245,-60.1443,-0.267871,-1.11223,-1.68037,-2.0693,-2.35361,-2.57549,-2.75868,-2.91663,-3.05737,-3.1857
246,-60.5727,-0.659456,-1.51933,-2.09882,-2.49622,-2.7873,-3.01494,-3.20326,-3.36594,-3.51116,-3.64379
247,-60.991,-1.05792,-1.93385,-2.52514,-2.93141,-3.22961,-3.46332,-3.65706,-3.82476,-3.97474,-4.11196
248,-61.3991,-1.46344,-2.35602,-2.95962,-3.37519,-3.6809,-3.92102,-4.12052,-4.29356,-4.44861,-4.59072
249,-61.7972,-1.87621,-2.7861,-3.4026,-3.82796,-4.14158,-4.38851,-4.59413,-4.77285,-4.93332,-5.08065
250,-62.1855,-2.29646,-3.22441,-3.85443,-4.29011,-4.61212,-4.86628,-5.07842,-5.26322,-5.42948,-5.58242
251,-62.564,-2.72443,-3.67127,-4.31552,-4.76211,-5.09303,-5.35489,-5.57399,-5.76529,-5.93775,-6.09671
252,-62.9328,-3.16041,-4.12706,-4.78632,-5.24448,-5.58488,-5.85495,-6.08149,-6.27976,-6.45889,-6.62433
253,-63.2921,-3.60471,-4.5922,-5.26734,-5.73778,-6.08828,-6.36713,-6.60165,-6.80739,-6.9937,-7.16611
254,-63.642,-4.05769,-5.06714,-5.75911,-6.24263,-6.60391,-6.89216,-7.13524,-7.34902,-7.54305,-7.72299
255,-63.9826,-4.51973,-5.55241,-6.26225,-6.7597,-7.13252,-7.43084,-7.68311,-7.90555,-8.1079,-8.29596
256,-64.3141,-4.99128,-6.04856,-6.7774,-7.28974,-7.67489,-7.98402,-8.24618,-8.47794,-8.68927,-8.88611
257,-64.6366,-5.47281,-6.5562,-7.30529,-7.83352,-8.23189,-8.55263,-8.82542,-9.06722,-9.28825,-9.49457
258,-64.9502,-5.96485,-7.07599,-7.84667,-8.39189,-8.80443,-9.13764,-9.42187,-9.6745,-9.906,-10.1226
259,-65.255,-6.46799,-7.60865,-8.40236,-8.96576,-9.39349,-9.74008,-10.0366,-10.3009,-10.5437,-10.7714
260,-65.5514,-6.98283,-8.15495,-8.97323,-9.55607,-10.0001,-10.361,-10.6708,-10.9477,-11.2027,-11.4424
261,-65.8393,-7.51006,-8.71569,-9.5602,-10.1638,-10.6253,-11.0017,-11.3257,-11.6162,-11.8844,-12.137
262,-66.1189,-8.05038,-9.29174,-10.1642,-10.79,-11.2701,-11.6631,-12.0025,-12.3075,-12.5899,-12.8566
263,-66.3904,-8.60457,-9.88398,-10.7863,-11.4358,-11.9359,-12.3466,-12.7024,-13.0231,-13.3208,-13.6026
264,-66.654,-9.17344,-10.4934,-11.4274,-12.1022,-12.6235,-13.0532,-13.4267,-13.7643,-14.0785,-14.3765
265,-66.9099,-9.75781,-11.1208,-12.0886,-12.7903,-13.3343,-13.7843,-14.1766,-14.5324,-14.8642,-15.1798
266,-67.1581,-10.3586,-11.7674,-12.7709,-13.5011,-14.0694,-14.541,-14.9535,-15.3286,-15.6794,-16.0139
267,-67.3989,-10.9766,-12.4339,-13.4754,-14.2358,-14.8297,-15.3243,-15.7583,-16.1541,-16.5253,-16.88
268,-67.6324,-11.6128,-13.1215,-14.2029,-14.9953,-15.6163,-16.1353,-16.5922,-17.0102,-17.4031,-17.7795
269,-67.8587,-12.2681,-13.831,-14.9545,-15.7805,-16.4302,-16.975,-17.4562,-17.8977,-18.3138,-18.7135
270,-68.0782,-12.9433,-14.5632,-15.731,-16.5922,-17.2721,-17.8442,-18.3511,-18.8175,-19.2584,-19.6828
271,-68.2908,-13.6394,-15.3191,-16.533,-17.4312,-18.1427,-18.7435,-19.2776,-19.7705,-20.2377,-20.6885
272,-68.4968,-14.3572,-16.0993,-17.3612,-18.2979,-19.0424,-19.6734,-20.2361,-20.757,-21.2521,-21.7311
273,-68.6964,-15.0973,-16.9043,-18.216,-19.1926,-19.9716,-20.6341,-21.2269,-21.7774,-22.3022,-22.8112
274,-68.8897,-15.8604,-17.7347,-19.0977,-20.1156,-20.9303,-21.6257,-22.2502,-22.8319,-23.3881,-23.9292
275,-69.0769,-16.6471,-18.5906,-20.0063,-21.0666,-21.9184,-22.6481,-23.3058,-23.9204,-24.51,-25.0852
276,-69.2581,-17.4576,-19.4721,-20.9417,-22.0455,-22.9355,-23.7009,-24.3934,-25.0428,-25.6678,-26.2795
277,-69.4334,-18.2923,-20.3791,-21.9033,-23.0517,-23.9811,-24.7837,-25.5125,-26.1987,-26.8614,-27.5123
278,-69.6032,-19.1511,-21.3112,-22.8907,-24.0844,-25.0544,-25.8956,-26.6627,-27.3878,-28.0907,-28.7837
279,-69.7674,-20.0338,-22.2677,-23.903,-25.1427,-26.1545,-27.0359,-27.8433,-28.6097,-29.3558,-30.0942
280,-69.9263,-20.94,-23.2479,-24.939,-26.2256,-27.2803,-28.2036,-29.0535,-29.864,-30.6565,-31.4445
281,-70.08,-21.8692,-24.2506,-25.9976,-27.3317,-28.4307,-29.3979,-30.2928,-31.1505,-31.9933,-32.8353
282,-70.2287,-22.8203,-25.2746,-27.0774,-28.4596,-29.6045,-30.6178,-31.5606,-32.4692,-33.3667,-34.2682
283,-70.3725,-23.7923,-26.3185,-28.1768,-29.6081,-30.8006,-31.8625,-32.8566,-33.8203,-34.7778,-35.7452
284,-70.5115,-24.784,-27.3806,-29.2943,-30.7757,-32.0178,-33.1313,-34.1806,-35.2043,-36.2279,-37.2687
285,-70.6459,-25.7938,-28.4594,-30.4283,-31.9611,-33.2551,-34.4237,-35.5328,-36.6223,-37.7191,-38.8422
286,-70.7758,-26.8202,-29.553,-31.5772,-33.1629,-34.5118,-35.7395,-36.9136,-38.0756,-39.254,-40.4698
287,-70.9014,-27.8614,-30.6598,-32.7395,-34.38,-35.7871,-37.0785,-38.3238,-39.566,-40.8359,-42.1566
288,-71.0228,-28.9155,-31.7778,-33.9136,-35.6114,-37.0806,-38.4412,-39.7646,-41.0961,-42.4686,-43.9081
289,-71.14,-29.9807,-32.9055,-35.0983,-36.8562,-38.392,-39.828,-41.2376,-42.6685,-44.1565,-45.7309
290,-71.2533,-31.0552,-34.0412,-36.2924,-38.1138,-39.7215,-41.2398,-42.7447,-44.2866,-45.9045,-47.6316
291,-71.3628,-32.1369,-35.1833,-37.4947,-39.3836,-41.0691,-42.6777,-44.2881,-45.9537,-47.7173,-49.6163
292,-71.4685,-33.2242,-36.3305,-38.7045,-40.6655,-42.4352,-44.1429,-45.8699,-47.6732,-49.5995,-51.6897
293,-71.5707,-34.3154,-37.4815,-39.9209,-41.9591,-43.8205,-45.6367,-47.4924,-49.4482,-51.5542,-53.8534
294,-71.6693,-35.4087,-38.6351,-41.1434,-43.2645,-45.2254,-47.1605,-49.1575,-51.2805,-53.5818,-56.103
295,-71.7645,-36.5027,-39.7904,-42.3713,-44.5817,-46.6506,-48.7152,-50.8663,-53.1704,-55.679,-58.4259
296,-71.8565,-37.596,-40.9464,-43.6045,-45.9108,-48.0965,-50.3015,-52.6188,-55.115,-57.8361,-60.7982
297,-71.9452,-38.6874,-42.1024,-44.8424,-47.2516,-49.5633,-51.919,-54.4127,-57.1074,-60.0356,-63.1836
298,-72.0309,-39.7757,-43.2578,-46.0847,-48.6042,-51.0505,-53.5663,-56.2435,-59.1355,-62.2511,-65.5353
299,-72.1136,-40.8599,-44.4118,-47.3311,-49.9679,-52.5571,-55.2403,-58.103,-61.1809,-64.4483,-67.8011
300,-72.1934,-41.939,-45.5639,-48.5811,-51.3422,-54.0813,-56.9359,-59.979,-63.2193,-66.5872,-69.9314
301,-72.2704,-43.0124,-46.7137,-49.834,-52.7258,-55.6198,-58.6454,-61.8554,-65.2218,-68.6275,-71.8864
302,-72.3447,-44.0792,-47.8604,-51.0892,-54.1168,-57.1682,-60.3585,-63.7122,-67.1573,-70.5335,-73.6406
303,-72.4164,-45.1388,-49.0034,-52.3454,-55.5127,-58.7203,-62.0625,-65.527,-68.9961,-72.2788,-75.1845
304,-72.4855,-46.1905,-50.1422,-53.6014,-56.9101,-60.2684,-63.7423,-67.2769,-70.713,-73.8479,-76.5218
305,-72.5521,-47.2338,-51.2758,-54.8553,-58.3047,-61.8034,-65.3819,-68.9404,-72.2897,-75.2363,-77.6657
306,-72.6164,-48.268,-52.4034,-56.105,-59.6914,-63.3149,-66.9648,-70.4996,-73.7161,-76.4487,-78.6353
307,-72.6783,-49.2927,-53.524,-57.3478,-61.0642,-64.7918,-68.4757,-71.9414,-74.9895,-77.4966,-79.4521
308,-72.738,-50.3072,-54.6362,-58.5806,-62.4164,-66.2228,-69.9017,-73.2579,-76.1137,-78.3952,-80.1373
309,-72.7955,-51.3109,-55.7386,-59.8,-63.741,-67.5974,-71.2327,-74.4466,-77.0972,-79.1616,-80.7107
310,-72.8509,-52.3032,-56.8298,-61.0022,-65.0307,-68.9061,-72.4622,-75.5097,-77.9517,-79.8126,-81.1899
311,-72.9042,-53.2834,-57.9078,-62.1828,-66.2784,-70.1412,-73.5873,-76.4528,-78.6902,-80.3645,-81.5902
312,-72.9556,-54.2508,-58.9708,-63.3378,-67.4776,-71.2971,-74.6082,-77.2839,-79.326,-80.8316,-81.9246
313,-73.0051,-55.2046,-60.0166,-64.4628,-68.6225,-72.3702,-75.5278,-78.0126,-79.8721,-81.2268,-82.2041
314,-73.0526,-56.1441,-61.0432,-65.5537,-69.7084,-73.3594,-76.351,-78.6491,-80.3405,-81.5612,-82.4379
315,-73.0984,-57.0684,-62.0482,-66.6065,-70.7319,-74.2652,-77.0841,-79.2035,-80.7419,-81.8443,-82.6339
316,-73.1425,-57.9767,-63.0294,-67.6179,-71.6908,-75.0899,-77.7344,-79.6854,-81.0859,-82.0842,-82.7985
317,-73.1848,-58.8679,-63.9847,-68.5848,-72.584,-75.837,-78.3095,-80.104,-81.3807,-82.2879,-82.9371
318,-73.2255,-59.7413,-64.9119,-69.505,-73.4118,-76.5108,-78.8167,-80.4672,-81.6337,-82.4611,-83.0541
319,-73.2646,-60.5959,-65.8091,-70.3768,-74.1754,-77.1165,-79.2634,-80.7825,-81.851,-82.6087,-83.1534
320,-73.3021,-61.4307,-66.6745,-71.1993,-74.8767,-77.6594,-79.6563,-81.0562,-82.0379,-82.7348,-83.2381
321,-73.3382,-62.2449,-67.5068,-71.972,-75.5186,-78.1449,-80.0018,-81.2941,-82.199,-82.8431,-83.3106
322,-73.3728,-63.0377,-68.3047,-72.6953,-76.1041,-78.5784,-80.3054,-81.501,-82.3382,-82.9362,-83.3732
323,-73.4059,-63.8082,-69.0673,-73.3699,-76.6368,-78.9648,-80.5725,-81.6813,-82.4588,-83.0168,-83.4276
324,-73.4377,-64.5558,-69.794,-73.9972,-77.1203,-79.3091,-80.8074,-81.8386,-82.5635,-83.0868,-83.4752
325,-73.4682,-65.2798,-70.4846,-74.5787,-77.5583,-79.6158,-81.0142,-81.9762,-82.6549,-83.148,-83.5172
326,-73.4973,-65.9796,-71.139,-75.1163,-77.9546,-79.8888,-81.1965,-82.0967,-82.7349,-83.2019,-83.5545
327,-73.5252,-66.655,-71.7575,-75.6124,-78.3127,-80.1319,-81.3574,-82.2027,-82.8052,-83.2495,-83.5881
328,-73.5519,-67.3054,-72.3407,-76.0691,-78.6359,-80.3485,-81.4996,-82.296,-82.8673,-83.292,-83.6186
329,-73.5774,-67.9308,-72.8894,-76.4889,-78.9276,-80.5416,-81.6255,-82.3785,-82.9224,-83.3302,-83.6464
330,-73.6017,-68.531,-73.4045,-76.8742,-79.1908,-80.7139,-81.7373,-82.4518,-82.9717,-83.3647,-83.6721
331,-73.6249,-69.106,-73.8871,-77.2273,-79.4281,-80.8677,-81.8367,-82.517,-83.0159,-83.3962,-83.696
332,-73.647,-69.656,-74.3384,-77.5507,-79.6421,-81.0053,-81.9253,-82.5753,-83.0558,-83.4251,-83.7184
333,-73.668,-70.1813,-74.7599,-77.8466,-79.8353,-81.1285,-82.0045,-82.6277,-83.0921,-83.4518,-83.7395
334,-73.688,-70.6821,-75.1528,-78.1171,-80.0096,-81.239,-82.0755,-82.675,-83.1253,-83.4767,-83.7596
335,-73.707,-71.1589,-75.5187,-78.3644,-80.167,-81.3382,-82.1393,-82.7178,-83.1558,-83.5001,-83.7788
336,-73.725,-71.6121,-75.859,-78.5903,-80.3093,-81.4275,-82.1969,-82.7569,-83.1841,-83.5222,-83.7972
337,-73.742,-72.0424,-76.1752,-78.7967,-80.438,-81.508,-82.2491,-82.7926,-83.2104,-83.5431,-83.815
338,-73.7581,-72.4505,-76.4687,-78.9852,-80.5545,-81.5808,-82.2965,-82.8255,-83.2351,-83.5631,-83.8323
339,-73.7734,-72.8368,-76.741,-79.1574,-80.6601,-81.6467,-82.3397,-82.856,-83.2584,-83.5824,-83.8491
340,-73.7877,-73.2023,-76.9933,-79.3148,-80.7559,-81.7066,-82.3793,-82.8843,-83.2804,-83.6009,-83.8655
341,-73.8012,-73.5477,-77.227,-79.4586,-80.8429,-81.7611,-82.4157,-82.9108,-83.3015,-83.6188,-83.8816
342,-73.8138,-73.8737,-77.4434,-79.5901,-80.9221,-81.8108,-82.4493,-82.9357,-83.3216,-83.6362,-83.8973
343,-73.8256,-74.1811,-77.6437,-79.7103,-80.9943,-81.8563,-82.4805,-82.9591,-83.3409,-83.6531,-83.9128
344,-73.8366,-74.4708,-77.8291,-79.8204,-81.0601,-81.8981,-82.5095,-82.9814,-83.3595,-83.6697,-83.928
345,-73.8469,-74.7435,-78.0005,-79.9211,-81.1203,-81.9365,-82.5366,-83.0026,-83.3775,-83.6859,-83.943
346,-73.8564,-75.0001,-78.159,-80.0133,-81.1754,-81.9721,-82.5621,-83.0229,-83.3951,-83.7018,-83.9577
347,-73.8651,-75.2413,-78.3056,-80.0979,-81.2259,-82.005,-82.5861,-83.0424,-83.4121,-83.7174,-83.9723
348,-73.8731,-75.4678,-78.4411,-80.1755,-81.2723,-82.0356,-82.6088,-83.0611,-83.4288,-83.7328,-83.9867
349,-73.8805,-75.6806,-78.5663,-80.2468,-81.315,-82.0641,-82.6304,-83.0793,-83.4451,-83.7479,-84.001
350,-73.8871,-75.8801,-78.6821,-80.3122,-81.3545,-82.0908,-82.651,-83.0969,-83.4611,-83.7629,-84.015
351,-73.8931,-76.0673,-78.7892,-80.3724,-81.3909,-82.1159,-82.6707,-83.114,-83.4768,-83.7776,-84.029
352,-73.8984,-76.2427,-78.8882,-80.4278,-81.4247,-82.1395,-82.6896,-83.1306,-83.4922,-83.7922,-84.0428
353,-73.9031,-76.4071,-78.9797,-80.4788,-81.4561,-82.1619,-82.7078,-83.1469,-83.5075,-83.8066,-84.0564
354,-73.9071,-76.561,-79.0643,-80.5258,-81.4853,-82.183,-82.7254,-83.1629,-83.5225,-83.8209,-84.0699
355,-73.9105,-76.705,-79.1425,-80.5693,-81.5126,-82.2031,-82.7425,-83.1785,-83.5373,-83.835,-84.0833
356,-73.9134,-76.8398,-79.2148,-80.6094,-81.538,-82.2223,-82.759,-83.1939,-83.552,-83.849,-84.0966
357,-73.9156,-76.9658,-79.2817,-80.6465,-81.5619,-82.2407,-82.7751,-83.2091,-83.5665,-83.8629,-84.1097
358,-73.9173,-77.0835,-79.3436,-80.6809,-81.5844,-82.2583,-82.7909,-83.224,-83.5808,-83.8766,-84.1227
359,-73.9184,-77.1935,-79.4008,-80.7128,-81.6055,-82.2753,-82.8063,-83.2387,-83.595,-83.8902,-84.1356
360,-73.919,-77.2963,-79.4537,-80.7424,-81.6255,-82.2916,-82.8213,-83.2532,-83.609,-83.9037,-84.1484
361,-73.919,-77.3922,-79.5026,-80.7699,-81.6445,-82.3075,-82.8361,-83.2675,-83.623,-83.917,-84.161
362,-73.9186,-77.4817,-79.5479,-80.7955,-81.6624,-82.3228,-82.8506,-83.2817,-83.6368,-83.9303,-84.1735
363,-73.9176,-77.5651,-79.5898,-80.8193,-81.6795,-82.3377,-82.8649,-83.2958,-83.6505,-83.9434,-84.1859
364,-73.9161,-77.6428,-79.6285,-80.8416,-81.6958,-82.3522,-82.879,-83.3097,-83.664,-83.9564,-84.1982
365,-73.9141,-77.7152,-79.6644,-80.8624,-81.7114,-82.3664,-82.8929,-83.3234,-83.6775,-83.9694,-84.2104
366,-73.9116,-77.7826,-79.6975,-80.8818,-81.7263,-82.3802,-82.9066,-83.3371,-83.6909,-83.9822,-84.2225
367,-73.9087,-77.8453,-79.7281,-80.9001,-81.7407,-82.3937,-82.9202,-83.3507,-83.7041,-83.9949,-84.2345
368,-73.9053,-77.9035,-79.7565,-80.9172,-81.7545,-82.407,-82.9336,-83.3641,-83.7173,-84.0074,-84.2463
369,-73.9014,-77.9576,-79.7827,-80.9332,-81.7678,-82.42,-82.9469,-83.3774,-83.7303,-84.0199,-84.258
370,-73.8971,-78.0078,-79.8069,-80.9484,-81.7807,-82.4329,-82.96,-83.3907,-83.7433,-84.0323,-84.2697
371,-73.8924,-78.0543,-79.8292,-80.9626,-81.7931,-82.4455,-82.9731,-83.4038,-83.7562,-84.0446,-84.2812
372,-73.8872,-78.0974,-79.8499,-80.9761,-81.8052,-82.4579,-82.986,-83.4169,-83.7689,-84.0568,-84.2926
373,-73.8817,-78.1372,-79.8689,-80.9888,-81.817,-82.4702,-82.9988,-83.4298,-83.7816,-84.0688,-84.3039
374,-73.8757,-78.1739,-79.8865,-81.0009,-81.8285,-82.4823,-83.0115,-83.4427,-83.7942,-84.0808,-84.3151
375,-73.8693,-78.2078,-79.9028,-81.0123,-81.8396,-82.4943,-83.0241,-83.4555,-83.8067,-84.0927,-84.3262
376,-73.8625,-78.239,-79.9177,-81.0232,-81.8506,-82.5061,-83.0367,-83.4682,-83.8191,-84.1044,-84.3371
377,-73.8553,-78.2676,-79.9315,-81.0335,-81.8612,-82.5179,-83.0491,-83.4808,-83.8314,-84.1161,-84.348
378,-73.8478,-78.2938,-79.9442,-81.0434,-81.8717,-82.5295,-83.0615,-83.4934,-83.8436,-84.1277,-84.3587
379,-73.8399,-78.3178,-79.9558,-81.0528,-81.882,-82.541,-83.0738,-83.5058,-83.8557,-84.1391,-84.3694
380,-73.8316,-78.3397,-79.9665,-81.0618,-81.8921,-82.5525,-83.086,-83.5182,-83.8677,-84.1505,-84.3799
381,-73.8229,-78.3595,-79.9763,-81.0704,-81.902,-82.5638,-83.0982,-83.5305,-83.8797,-84.1618,-84.3904
382,-73.8139,-78.3775,-79.9853,-81.0787,-81.9118,-82.5751,-83.1103,-83.5428,-83.8915,-84.1729,-84.4007
383,-73.8046,-78.3937,-79.9935,-81.0867,-81.9215,-82.5862,-83.1223,-83.5549,-83.9033,-84.184,-84.411
384,-73.7949,-78.4082,-80.001,-81.0944,-81.931,-82.5973,-83.1343,-83.567,-83.915,-84.195,-84.4211
385,-73.7848,-78.4211,-80.0078,-81.1018,-81.9404,-82.6084,-83.1462,-83.579,-83.9266,-84.2058,-84.4311
386,-73.7745,-78.4325,-80.014,-81.1089,-81.9497,-82.6194,-83.158,-83.5909,-83.9381,-84.2166,-84.441
387,-73.7638,-78.4426,-80.0196,-81.1158,-81.9588,-82.6303,-83.1698,-83.6028,-83.9495,-84.2273,-84.4509
388,-73.7528,-78.4512,-80.0246,-81.1225,-81.9679,-82.6412,-83.1815,-83.6146,-83.9608,-84.2378,-84.4606
389,-73.7415,-78.4587,-80.0292,-81.129,-81.977,-82.652,-83.1932,-83.6263,-83.9721,-84.2483,-84.4702
390,-73.7299,-78.4649,-80.0333,-81.1353,-81.9859,-82.6627,-83.2048,-83.6379,-83.9832,-84.2587,-84.4798
391,-73.718,-78.47,-80.0369,-81.1414,-81.9948,-82.6734,-83.2163,-83.6495,-83.9943,-84.269,-84.4892
392,-73.7058,-78.474,-80.0401,-81.1474,-82.0036,-82.6841,-83.2278,-83.661,-84.0052,-84.2792,-84.4985
393,-73.6932,-78.4771,-80.0429,-81.1533,-82.0123,-82.6947,-83.2392,-83.6724,-84.0161,-84.2893,-84.5078
394,-73.6804,-78.4791,-80.0454,-81.159,-82.021,-82.7053,-83.2506,-83.6837,-84.0269,-84.2993,-84.5169
395,-73.6674,-78.4803,-80.0475,-81.1646,-82.0296,-82.7158,-83.2619,-83.695,-84.0376,-84.3092,-84.526
396,-73.654,-78.4806,-80.0493,-81.17,-82.0382,-82.7263,-83.2732,-83.7062,-84.0483,-84.319,-84.5349
397,-73.6404,-78.4801,-80.0508,-81.1754,-82.0467,-82.7367,-83.2844,-83.7173,-84.0588,-84.3288,-84.5438
398,-73.6265,-78.4788,-80.0521,-81.1807,-82.0552,-82.7471,-83.2955,-83.7284,-84.0693,-84.3384,-84.5525
399,-73.6123,-78.4768,-80.053,-81.1859,-82.0637,-82.7575,-83.3066,-83.7394,-84.0796,-84.3479,-84.5612
400,-73.5979,-78.4741,-80.0538,-81.191,-82.0721,-82.7678,-83.3176,-83.7503,-84.0899,-84.3574,-84.5698
401,-73.5832,-78.4708,-80.0543,-81.196,-82.0805,-82.7781,-83.3286,-83.7611,-84.1001,-84.3667,-84.5783
402,-73.5682,-78.4668,-80.0545,-81.201,-82.0888,-82.7884,-83.3396,-83.7719,-84.1102,-84.376,-84.5867
403,-73.553,-78.4622,-80.0546,-81.2058,-82.0971,-82.7986,-83.3504,-83.7826,-84.1203,-84.3852,-84.595
404,-73.5376,-78.4571,-80.0545,-81.2107,-82.1054,-82.8087,-83.3613,-83.7932,-84.1302,-84.3943,-84.6032
405,-73.5219,-78.4514,-80.0543,-81.2155,-82.1137,-82.8189,-83.372,-83.8037,-84.1401,-84.4033,-84.6114
406,-73.506,-78.4453,-80.0538,-81.2202,-82.1219,-82.829,-83.3827,-83.8142,-84.1498,-84.4122,-84.6194
407,-73.4898,-78.4386,-80.0533,-81.2249,-82.1301,-82.8391,-83.3934,-83.8246,-84.1595,-84.421,-84.6274
408,-73.4735,-78.4315,-80.0525,-81.2295,-82.1383,-82.8491,-83.404,-83.8349,-84.1691,-84.4298,-84.6352
409,-73.4568,-78.4239,-80.0517,-81.2342,-82.1465,-82.8591,-83.4145,-83.8452,-84.1787,-84.4384,-84.643
410,-73.44,-78.416,-80.0507,-81.2387,-82.1547,-82.8691,-83.425,-83.8553,-84.1881,-84.447,-84.6508
411,-73.4229,-78.4076,-80.0496,-81.2433,-82.1628,-82.879,-83.4355,-83.8654,-84.1975,-84.4555,-84.6584
412,-73.4057,-78.3989,-80.0484,-81.2478,-82.1709,-82.8889,-83.4458,-83.8755,-84.2068,-84.4639,-84.6659
413,-73.3882,-78.3897,-80.0471,-81.2523,-82.179,-82.8988,-83.4562,-83.8854,-84.216,-84.4722,-84.6734
414,-73.3705,-78.3803,-80.0457,-81.2568,-82.1871,-82.9087,-83.4664,-83.8953,-84.2251,-84.4805,-84.6808
415,-73.3525,-78.3705,-80.0442,-81.2613,-82.1951,-82.9185,-83.4766,-83.9051,-84.2341,-84.4886,-84.6881
416,-73.3344,-78.3605,-80.0427,-81.2657,-82.2032,-82.9282,-83.4868,-83.9149,-84.2431,-84.4967,-84.6953
417,-73.3161,-78.3501,-80.0411,-81.2701,-82.2112,-82.938,-83.4969,-83.9246,-84.252,-84.5047,-84.7025
418,-73.2975,-78.3394,-80.0394,-81.2745,-82.2192,-82.9477,-83.507,-83.9342,-84.2608,-84.5126,-84.7095
419,-73.2788,-78.3285,-80.0376,-81.2789,-82.2273,-82.9573,-83.5169,-83.9437,-84.2695,-84.5204,-84.7165
420,-73.2599,-78.3173,-80.0358,-81.2833,-82.2352,-82.967,-83.5269,-83.9532,-84.2781,-84.5282,-84.7234
421,-73.2408,-78.3059,-80.0339,-81.2877,-82.2432,-82.9766,-83.5368,-83.9625,-84.2867,-84.5358,-84.7303
422,-73.2215,-78.2942,-80.032,-81.2921,-82.2512,-82.9861,-83.5466,-83.9719,-84.2952,-84.5434,-84.737
423,-73.202,-78.2824,-80.03,-81.2965,-82.2592,-82.9957,-83.5563,-83.9811,-84.3036,-84.551,-84.7437
424,-73.1823,-78.2703,-80.028,-81.3008,-82.2671,-83.0052,-83.5661,-83.9903,-84.3119,-84.5584,-84.7504
425,-73.1624,-78.258,-80.026,-81.3052,-82.275,-83.0146,-83.5757,-83.9994,-84.3202,-84.5658,-84.7569
426,-73.1424,-78.2455,-80.0239,-81.3096,-82.2829,-83.024,-83.5853,-84.0084,-84.3283,-84.5731,-84.7634
427,-73.1221,-78.2329,-80.0218,-81.3139,-82.2909,-83.0334,-83.5948,-84.0174,-84.3364,-84.5803,-84.7698
428,-73.1017,-78.22,-80.0197,-81.3183,-82.2988,-83.0428,-83.6043,-84.0263,-84.3445,-84.5874,-84.7761
429,-73.0812,-78.207,-80.0175,-81.3227,-82.3066,-83.0521,-83.6137,-84.0351,-84.3524,-84.5945,-84.7824
430,-73.0604,-78.1939,-80.0153,-81.3271,-82.3145,-83.0614,-83.6231,-84.0438,-84.3603,-84.6015,-84.7886
431,-73.0395,-78.1806,-80.0131,-81.3314,-82.3224,-83.0706,-83.6324,-84.0525,-84.3681,-84.6084,-84.7947
432,-73.0184,-78.1671,-80.0109,-81.3358,-82.3302,-83.0799,-83.6417,-84.0611,-84.3759,-84.6153,-84.8008
433,-72.9972,-78.1535,-80.0087,-81.3402,-82.3381,-83.089,-83.6509,-84.0697,-84.3835,-84.6221,-84.8068
434,-72.9757,-78.1398,-80.0065,-81.3446,-82.3459,-83.0982,-83.66,-84.0782,-84.3911,-84.6288,-84.8128
435,-72.9542,-78.126,-80.0043,-81.349,-82.3537,-83.1073,-83.6691,-84.0866,-84.3986,-84.6354,-84.8186
436,-72.9324,-78.112,-80.002,-81.3534,-82.3615,-83.1163,-83.6781,-84.0949,-84.4061,-84.642,-84.8244
437,-72.9105,-78.098,-79.9998,-81.3578,-82.3693,-83.1254,-83.6871,-84.1032,-84.4135,-84.6485,-84.8302
438,-72.8885,-78.0838,-79.9975,-81.3622,-82.3771,-83.1344,-83.696,-84.1114,-84.4208,-84.6549,-84.8359
439,-72.8663,-78.0695,-79.9953,-81.3666,-82.3848,-83.1433,-83.7049,-84.1195,-84.428,-84.6613,-84.8415
440,-72.8439,-78.0552,-79.9931,-81.3711,-82.3926,-83.1522,-83.7137,-84.1276,-84.4352,-84.6676,-84.847
441,-72.8214,-78.0407,-79.9908,-81.3755,-82.4003,-83.1611,-83.7224,-84.1356,-84.4423,-84.6739,-84.8525
442,-72.7988,-78.0262,-79.9886,-81.38,-82.4081,-83.17,-83.7311,-84.1435,-84.4493,-84.6801,-84.858
443,-72.776,-78.0116,-79.9864,-81.3844,-82.4158,-83.1788,-83.7397,-84.1514,-84.4563,-84.6862,-84.8634
444,-72.753,-77.9969,-79.9841,-81.3889,-82.4235,-83.1875,-83.7483,-84.1592,-84.4632,-84.6922,-84.8687
445,-72.73,-77.9821,-79.9819,-81.3934,-82.4312,-83.1963,-83.7568,-84.1669,-84.47,-84.6982,-84.8739
446,-72.7067,-77.9672,-79.9797,-81.3979,-82.4389,-83.2049,-83.7653,-84.1746,-84.4768,-84.7042,-84.8792
447,-72.6834,-77.9523,-79.9776,-81.4024,-82.4465,-83.2136,-83.7737,-84.1822,-84.4835,-84.71,-84.8843
448,-72.6599,-77.9374,-79.9754,-81.4069,-82.4542,-83.2222,-83.782,-84.1898,-84.4901,-84.7158,-84.8894
449,-72.6362,-77.9224,-79.9733,-81.4114,-82.4618,-83.2308,-83.7903,-84.1973,-84.4967,-84.7216,-84.8944
450,-72.6124,-77.9073,-79.9711,-81.416,-82.4694,-83.2393,-83.7985,-84.2047,-84.5032,-84.7273,-84.8994
451,-72.5885,-77.8922,-79.969,-81.4205,-82.477,-83.2478,-83.8067,-84.212,-84.5097,-84.7329,-84.9044
452,-72.5645,-77.877,-79.9669,-81.4251,-82.4846,-83.2563,-83.8148,-84.2193,-84.5161,-84.7385,-84.9092
453,-72.5403,-77.8618,-79.9648,-81.4297,-82.4922,-83.2647,-83.8229,-84.2265,-84.5224,-84.744,-84.9141
454,-72.516,-77.8465,-79.9628,-81.4342,-82.4998,-83.273,-83.8309,-84.2337,-84.5286,-84.7494,-84.9188
455,-72.4916,-77.8312,-79.9607,-81.4388,-82.5073,-83.2814,-83.8388,-84.2408,-84.5348,-84.7548,-84.9236
456,-72.467,-77.8159,-79.9587,-81.4434,-82.5149,-83.2897,-83.8467,-84.2479,-84.541,-84.7602,-84.9282
457,-72.4423,-77.8005,-79.9567,-81.448,-82.5224,-83.2979,-83.8545,-84.2548,-84.5471,-84.7654,-84.9329
458,-72.4175,-77.7851,-79.9547,-81.4527,-82.5299,-83.3061,-83.8623,-84.2618,-84.5531,-84.7707,-84.9374
459,-72.3926,-77.7697,-79.9528,-81.4573,-82.5374,-83.3143,-83.87,-84.2686,-84.5591,-84.7759,-84.942
460,-72.3675,-77.7543,-79.9509,-81.462,-82.5449,-83.3224,-83.8777,-84.2754,-84.565,-84.781,-84.9464
461,-72.3423,-77.7388,-79.949,-81.4666,-82.5523,-83.3305,-83.8853,-84.2822,-84.5708,-84.7861,-84.9509
462,-72.317,-77.7233,-79.9471,-81.4713,-82.5598,-83.3386,-83.8929,-84.2888,-84.5766,-84.7911,-84.9552
463,-72.2916,-77.7078,-79.9453,-81.476,-82.5672,-83.3466,-83.9004,-84.2955,-84.5823,-84.796,-84.9596
464,-72.2661,-77.6923,-79.9434,-81.4807,-82.5746,-83.3545,-83.9078,-84.302,-84.588,-84.801,-84.9639
465,-72.2404,-77.6768,-79.9417,-81.4854,-82.582,-83.3625,-83.9152,-84.3085,-84.5936,-84.8058,-84.9681
466,-72.2147,-77.6612,-79.9399,-81.4901,-82.5893,-83.3703,-83.9225,-84.315,-84.5992,-84.8106,-84.9723
467,-72.1888,-77.6457,-79.9382,-81.4948,-82.5967,-83.3782,-83.9298,-84.3214,-84.6047,-84.8154,-84.9764
468,-72.1628,-77.6301,-79.9365,-81.4995,-82.604,-83.386,-83.937,-84.3277,-84.6102,-84.8201,-84.9806
469,-72.1367,-77.6145,-79.9348,-81.5043,-82.6113,-83.3937,-83.9442,-84.334,-84.6156,-84.8248,-84.9846
470,-72.1105,-77.5989,-79.9332,-81.509,-82.6186,-83.4014,-83.9513,-84.3402,-84.621,-84.8294,-84.9886
471,-72.0842,-77.5834,-79.9315,-81.5138,-82.6259,-83.4091,-83.9584,-84.3464,-84.6263,-84.834,-84.9926
472,-72.0578,-77.5678,-79.93,-81.5186,-82.6332,-83.4167,-83.9654,-84.3525,-84.6315,-84.8385,-84.9966
473,-72.0312,-77.5522,-79.9284,-81.5233,-82.6404,-83.4243,-83.9724,-84.3585,-84.6367,-84.843,-85.0004
474,-72.0046,-77.5366,-79.9269,-81.5281,-82.6476,-83.4319,-83.9793,-84.3645,-84.6419,-84.8474,-85.0043
475,-71.9779,-77.5211,-79.9254,-81.5329,-82.6548,-83.4394,-83.9861,-84.3705,-84.6469,-84.8518,-85.0081
476,-71.951,-77.5055,-79.924,-81.5377,-82.662,-83.4468,-83.9929,-84.3764,-84.652,-84.8561,-85.0119
477,-71.9241,-77.4899,-79.9225,-81.5426,-82.6691,-83.4543,-83.9997,-84.3822,-84.657,-84.8604,-85.0156
478,-71.897,-77.4744,-79.9212,-81.5474,-82.6763,-83.4616,-84.0064,-84.388,-84.6619,-84.8647,-85.0193
479,-71.8699,-77.4588,-79.9198,-81.5522,-82.6834,-83.469,-84.013,-84.3937,-84.6668,-84.8689,-85.023
480,-71.8426,-77.4433,-79.9185,-81.5571,-82.6905,-83.4763,-84.0196,-84.3994,-84.6717,-84.8731,-85.0266
481,-71.8153,-77.4278,-79.9172,-81.5619,-82.6976,-83.4835,-84.0262,-84.4051,-84.6765,-84.8772,-85.0302
482,-71.7878,-77.4123,-79.9159,-81.5668,-82.7046,-83.4907,-84.0326,-84.4106,-84.6813,-84.8813,-85.0337
483,-71.7602,-77.3968,-79.9147,-81.5716,-82.7116,-83.4979,-84.0391,-84.4162,-84.686,-84.8853,-85.0372
484,-71.7326,-77.3813,-79.9135,-81.5765,-82.7186,-83.505,-84.0455,-84.4216,-84.6906,-84.8893,-85.0407
485,-71.7048,-77.3659,-79.9124,-81.5814,-82.7256,-83.5121,-84.0518,-84.4271,-84.6952,-84.8933,-85.0441
486,-71.677,-77.3504,-79.9112,-81.5863,-82.7326,-83.5191,-84.0581,-84.4325,-84.6998,-84.8972,-85.0475
487,-71.6491,-77.335,-79.9102,-81.5912,-82.7395,-83.5261,-84.0643,-84.4378,-84.7043,-84.901,-85.0509
488,-71.621,-77.3196,-79.9091,-81.5961,-82.7464,-83.5331,-84.0705,-84.4431,-84.7088,-84.9049,-85.0542
489,-71.5929,-77.3042,-79.9081,-81.601,-82.7533,-83.54,-84.0767,-84.4483,-84.7133,-84.9087,-85.0575
490,-71.5647,-77.2888,-79.9071,-81.6059,-82.7602,-83.5468,-84.0827,-84.4535,-84.7177,-84.9124,-85.0607
491,-71.5364,-77.2735,-79.9061,-81.6108,-82.767,-83.5537,-84.0888,-84.4586,-84.722,-84.9162,-85.064
492,-71.508,-77.2582,-79.9052,-81.6157,-82.7739,-83.5605,-84.0948,-84.4637,-84.7263,-84.9198,-85.0671
493,-71.4795,-77.2429,-79.9043,-81.6207,-82.7807,-83.5672,-84.1007,-84.4688,-84.7306,-84.9235,-85.0703
494,-71.4509,-77.2276,-79.9035,-81.6256,-82.7874,-83.5739,-84.1066,-84.4738,-84.7348,-84.9271,-85.0734
495,-71.4222,-77.2124,-79.9027,-81.6305,-82.7942,-83.5805,-84.1125,-84.4787,-84.739,-84.9307,-85.0765
496,-71.3935,-77.1972,-79.9019,-81.6355,-82.8009,-83.5872,-84.1183,-84.4836,-84.7432,-84.9342,-85.0796
497,-71.3646,-77.182,-79.9011,-81.6404,-82.8076,-83.5937,-84.124,-84.4885,-84.7473,-84.9377,-85.0826
498,-71.3357,-77.1668,-79.9004,-81.6453,-82.8143,-83.6003,-84.1297,-84.4933,-84.7513,-84.9412,-85.0856
499,-71.3066,-77.1517,-79.8997,-81.6503,-82.8209,-83.6067,-84.1354,-84.4981,-84.7553,-84.9446,-85.0886
500,-71.2775,-77.1366,-79.8991,-81.6552,-82.8275,-83.6132,-84.141,-84.5028,-84.7593,-84.948,-85.0915
501,-71.2483,-77.1216,-79.8985,-81.6602,-82.8341,-83.6196,-84.1466,-84.5075,-84.7633,-84.9514,-85.0944
502,-71.219,-77.1065,-79.8979,-81.6651,-82.8407,-83.626,-84.1521,-84.5121,-84.7672,-84.9547,-85.0973
503,-71.1897,-77.0915,-79.8974,-81.6701,-82.8472,-83.6323,-84.1576,-84.5167,-84.7711,-84.958,-85.1002
504,-71.1602,-77.0766,-79.8969,-81.6751,-82.8538,-83.6385,-84.163,-84.5213,-84.7749,-84.9613,-85.103
505,-71.1307,-77.0616,-79.8964,-81.68,-82.8603,-83.6448,-84.1684,-84.5258,-84.7787,-84.9645,-85.1058
506,-71.101,-77.0467,-79.8959,-81.685,-82.8667,-83.651,-84.1737,-84.5303,-84.7824,-84.9677,-85.1085
507,-71.0713,-77.0319,-79.8955,-81.6899,-82.8732,-83.6571,-84.179,-84.5347,-84.7862,-84.9709,-85.1113
508,-71.0415,-77.017,-79.8952,-81.6949,-82.8796,-83.6632,-84.1843,-84.5391,-84.7898,-84.974,-85.114
509,-71.0117,-77.0022,-79.8948,-81.6999,-82.886,-83.6693,-84.1895,-84.5434,-84.7935,-84.9771,-85.1167
510,-70.9817,-76.9875,-79.8945,-81.7048,-82.8923,-83.6753,-84.1946,-84.5478,-84.7971,-84.9802,-85.1193
511,-70.9517,-76.9727,-79.8942,-81.7098,-82.8986,-83.6813,-84.1998,-84.552,-84.8007,-84.9832,-85.1219
512,-70.9216,-76.9581,-79.894,-81.7147,-82.9049,-83.6873,-84.2048,-84.5563,-84.8042,-84.9862,-85.1245
513,-70.8914,-76.9434,-79.8938,-81.7197,-82.9112,-83.6932,-84.2099,-84.5604,-84.8077,-84.9892,-85.1271
514,-70.8611,-76.9288,-79.8936,-81.7247,-82.9175,-83.6991,-84.2149,-84.5646,-84.8112,-84.9922,-85.1297
515,-70.8307,-76.9142,-79.8934,-81.7296,-82.9237,-83.7049,-84.2198,-84.5687,-84.8147,-84.9951,-85.1322
516,-70.8003,-76.8997,-79.8933,-81.7346,-82.9299,-83.7107,-84.2247,-84.5728,-84.8181,-84.998,-85.1347
517,-70.7697,-76.8852,-79.8932,-81.7395,-82.936,-83.7164,-84.2296,-84.5768,-84.8214,-85.0009,-85.1372
518,-70.7391,-76.8707,-79.8932,-81.7445,-82.9422,-83.7221,-84.2344,-84.5808,-84.8248,-85.0037,-85.1396
519,-70.7085,-76.8563,-79.8932,-81.7494,-82.9483,-83.7278,-84.2392,-84.5848,-84.8281,-85.0065,-85.142
520,-70.6777,-76.842,-79.8932,-81.7544,-82.9544,-83.7334,-84.2439,-84.5887,-84.8314,-85.0093,-85.1444
521,-70.6469,-76.8276,-79.8932,-81.7593,-82.9604,-83.739,-84.2487,-84.5926,-84.8346,-85.012,-85.1468
522,-70.6159,-76.8133,-79.8933,-81.7643,-82.9665,-83.7445,-84.2533,-84.5965,-84.8379,-85.0148,-85.1492
523,-70.5849,-76.7991,-79.8934,-81.7692,-82.9724,-83.7501,-84.2579,-84.6003,-84.841,-85.0175,-85.1515
524,-70.5539,-76.7849,-79.8935,-81.7741,-82.9784,-83.7555,-84.2625,-84.6041,-84.8442,-85.0202,-85.1538
525,-70.5227,-76.7707,-79.8937,-81.7791,-82.9844,-83.761,-84.2671,-84.6078,-84.8473,-85.0228,-85.1561
526,-70.4915,-76.7566,-79.8939,-81.784,-82.9903,-83.7663,-84.2716,-84.6115,-84.8504,-85.0254,-85.1584
527,-70.4602,-76.7425,-79.8941,-81.7889,-82.9961,-83.7717,-84.2761,-84.6152,-84.8535,-85.028,-85.1606
528,-70.4288,-76.7285,-79.8944,-81.7938,-83.002,-83.777,-84.2805,-84.6189,-84.8565,-85.0306,-85.1628
529,-70.3973,-76.7145,-79.8947,-81.7987,-83.0078,-83.7823,-84.2849,-84.6225,-84.8595,-85.0331,-85.165
530,-70.3658,-76.7006,-79.895,-81.8036,-83.0136,-83.7875,-84.2892,-84.6261,-84.8625,-85.0357,-85.1672
531,-70.3341,-76.6866,-79.8953,-81.8085,-83.0194,-83.7927,-84.2936,-84.6296,-84.8655,-85.0382,-85.1693
532,-70.3024,-76.6728,-79.8957,-81.8134,-83.0251,-83.7979,-84.2979,-84.6331,-84.8684,-85.0406,-85.1715
533,-70.2707,-76.659,-79.8961,-81.8183,-83.0308,-83.803,-84.3021,-84.6366,-84.8713,-85.0431,-85.1736
534,-70.2388,-76.6452,-79.8965,-81.8232,-83.0365,-83.8081,-84.3063,-84.6401,-84.8741,-85.0455,-85.1757
535,-70.2069,-76.6315,-79.897,-81.8281,-83.0421,-83.8131,-84.3105,-84.6435,-84.877,-85.0479,-85.1777
536,-70.1749,-76.6178,-79.8975,-81.8329,-83.0478,-83.8182,-84.3146,-84.6469,-84.8798,-85.0503,-85.1798
537,-70.1428,-76.6042,-79.898,-81.8378,-83.0534,-83.8231,-84.3187,-84.6502,-84.8826,-85.0527,-85.1818
538,-70.1106,-76.5906,-79.8985,-81.8426,-83.0589,-83.8281,-84.3228,-84.6536,-84.8853,-85.055,-85.1838
539,-70.0784,-76.577,-79.8991,-81.8475,-83.0644,-83.833,-84.3268,-84.6569,-84.8881,-85.0573,-85.1858
540,-70.0461,-76.5636,-79.8997,-81.8523,-83.07,-83.8378,-84.3308,-84.6601,-84.8908,-85.0596,-85.1878
541,-70.0137,-76.5501,-79.9003,-81.8571,-83.0754,-83.8427,-84.3348,-84.6634,-84.8935,-85.0619,-85.1898
542,-69.9812,-76.5367,-79.901,-81.8619,-83.0809,-83.8475,-84.3387,-84.6666,-84.8961,-85.0641,-85.1917
543,-69.9487,-76.5234,-79.9016,-81.8668,-83.0863,-83.8522,-84.3426,-84.6697,-84.8988,-85.0663,-85.1936
544,-69.9161,-76.51,-79.9023,-81.8716,-83.0917,-83.8569,-84.3465,-84.6729,-84.9014,-85.0686,-85.1955
545,-69.8834,-76.4968,-79.903,-81.8764,-83.097,-83.8616,-84.3503,-84.676,-84.904,-85.0707,-85.1974
546,-69.8506,-76.4836,-79.9038,-81.8811,-83.1023,-83.8663,-84.3541,-84.6791,-84.9065,-85.0729,-85.1993
547,-69.8177,-76.4704,-79.9046,-81.8859,-83.1076,-83.8709,-84.3579,-84.6822,-84.909,-85.075,-85.2011
548,-69.7848,-76.4573,-79.9054,-81.8907,-83.1129,-83.8755,-84.3616,-84.6852,-84.9116,-85.0772,-85.2029
549,-69.7518,-76.4442,-79.9062,-81.8954,-83.1181,-83.88,-84.3653,-84.6882,-84.914,-85.0793,-85.2047
550,-69.7187,-76.4312,-79.907,-81.9002,-83.1234,-83.8845,-84.369,-84.6912,-84.9165,-85.0814,-85.2065
551,-69.6855,-76.4182,-79.9079,-81.9049,-83.1285,-83.889,-84.3726,-84.6941,-84.919,-85.0834,-85.2083
552,-69.6523,-76.4053,-79.9088,-81.9096,-83.1337,-83.8935,-84.3762,-84.6971,-84.9214,-85.0855,-85.2101
553,-69.6189,-76.3924,-79.9097,-81.9143,-83.1388,-83.8979,-84.3798,-84.7,-84.9238,-85.0875,-85.2118
554,-69.5855,-76.3796,-79.9107,-81.919,-83.1439,-83.9022,-84.3833,-84.7028,-84.9261,-85.0895,-85.2135
555,-69.552,-76.3668,-79.9116,-81.9237,-83.149,-83.9066,-84.3868,-84.7057,-84.9285,-85.0915,-85.2152
556,-69.5185,-76.354,-79.9126,-81.9284,-83.154,-83.9109,-84.3903,-84.7085,-84.9308,-85.0934,-85.2169
557,-69.4848,-76.3414,-79.9136,-81.9331,-83.159,-83.9152,-84.3938,-84.7113,-84.9331,-85.0954,-85.2186
558,-69.4511,-76.3287,-79.9147,-81.9377,-83.164,-83.9194,-84.3972,-84.7141,-84.9354,-85.0973,-85.2203
559,-69.4173,-76.3161,-79.9157,-81.9424,-83.1689,-83.9236,-84.4006,-84.7168,-84.9377,-85.0992,-85.2219
560,-69.3834,-76.3036,-79.9168,-81.947,-83.1738,-83.9278,-84.4039,-84.7195,-84.9399,-85.1011,-85.2235
561,-69.3494,-76.2911,-79.9179,-81.9516,-83.1787,-83.9319,-84.4073,-84.7222,-84.9422,-85.103,-85.2252
562,-69.3154,-76.2786,-79.919,-81.9562,-83.1836,-83.9361,-84.4106,-84.7249,-84.9444,-85.1049,-85.2268
563,-69.2812,-76.2662,-79.9202,-81.9608,-83.1884,-83.9401,-84.4139,-84.7275,-84.9465,-85.1067,-85.2283
564,-69.247,-76.2539,-79.9213,-81.9654,-83.1932,-83.9442,-84.4171,-84.7302,-84.9487,-85.1085,-85.2299
565,-69.2127,-76.2416,-79.9225,-81.97,-83.198,-83.9482,-84.4203,-84.7328,-84.9509,-85.1103,-85.2315
566,-69.1783,-76.2293,-79.9237,-81.9745,-83.2027,-83.9522,-84.4235,-84.7353,-84.953,-85.1121,-85.233
567,-69.1439,-76.2171,-79.9249,-81.9791,-83.2074,-83.9562,-84.4267,-84.7379,-84.9551,-85.1139,-85.2345
568,-69.1093,-76.205,-79.9262,-81.9836,-83.2121,-83.9601,-84.4298,-84.7404,-84.9572,-85.1157,-85.2361
569,-69.0747,-76.1929,-79.9274,-81.9881,-83.2168,-83.964,-84.4329,-84.7429,-84.9592,-85.1174,-85.2376
570,-69.04,-76.1808,-79.9287,-81.9926,-83.2214,-83.9678,-84.436,-84.7454,-84.9613,-85.1191,-85.239
571,-69.0052,-76.1688,-79.93,-81.9971,-83.226,-83.9717,-84.4391,-84.7479,-84.9633,-85.1208,-85.2405
572,-68.9703,-76.1568,-79.9313,-82.0016,-83.2306,-83.9755,-84.4421,-84.7503,-84.9653,-85.1225,-85.242
573,-68.9353,-76.1449,-79.9326,-82.0061,-83.2351,-83.9793,-84.4451,-84.7527,-84.9673,-85.1242,-85.2434
574,-68.9002,-76.1331,-79.934,-82.0105,-83.2396,-83.983,-84.4481,-84.7551,-84.9693,-85.1259,-85.2448
575,-68.8651,-76.1213,-79.9353,-82.0149,-83.2441,-83.9867,-84.451,-84.7575,-84.9712,-85.1275,-85.2463
576,-68.8298,-76.1095,-79.9367,-82.0194,-83.2486,-83.9904,-84.454,-84.7598,-84.9732,-85.1292,-85.2477
577,-68.7945,-76.0978,-79.9381,-82.0238,-83.253,-83.9941,-84.4569,-84.7622,-84.9751,-85.1308,-85.2491
578,-68.759,-76.0861,-79.9395,-82.0282,-83.2574,-83.9977,-84.4597,-84.7645,-84.977,-85.1324,-85.2504
579,-68.7235,-76.0745,-79.941,-82.0325,-83.2618,-84.0013,-84.4626,-84.7668,-84.9789,-85.134,-85.2518
580,-68.6879,-76.0629,-79.9424,-82.0369,-83.2661,-84.0049,-84.4654,-84.769,-84.9807,-85.1356,-85.2532
581,-68.6522,-76.0514,-79.9439,-82.0412,-83.2705,-84.0084,-84.4682,-84.7713,-84.9826,-85.1371,-85.2545
582,-68.6164,-76.0399,-79.9454,-82.0456,-83.2748,-84.0119,-84.471,-84.7735,-84.9844,-85.1387,-85.2558
583,-68.5805,-76.0285,-79.9469,-82.0499,-83.279,-84.0154,-84.4738,-84.7757,-84.9863,-85.1402,-85.2572
584,-68.5445,-76.0171,-79.9484,-82.0542,-83.2833,-84.0189,-84.4765,-84.7779,-84.9881,-85.1417,-85.2585
585,-68.5085,-76.0058,-79.9499,-82.0585,-83.2875,-84.0223,-84.4792,-84.7801,-84.9898,-85.1432,-85.2598
586,-68.4723,-75.9945,-79.9515,-82.0627,-83.2917,-84.0257,-84.4819,-84.7822,-84.9916,-85.1447,-85.261
587,-68.436,-75.9833,-79.953,-82.067,-83.2958,-84.0291,-84.4845,-84.7844,-84.9934,-85.1462,-85.2623
588,-68.3996,-75.9721,-79.9546,-82.0712,-83.2999,-84.0325,-84.4872,-84.7865,-84.9951,-85.1476,-85.2636
589,-68.3632,-75.9609,-79.9562,-82.0754,-83.304,-84.0358,-84.4898,-84.7886,-84.9968,-85.1491,-85.2648
590,-68.3266,-75.9498,-79.9578,-82.0796,-83.3081,-84.0391,-84.4924,-84.7907,-84.9985,-85.1505,-85.2661
591,-68.2899,-75.9388,-79.9594,-82.0838,-83.3122,-84.0424,-84.495,-84.7927,-85.0002,-85.152,-85.2673
592,-68.2532,-75.9278,-79.961,-82.088,-83.3162,-84.0456,-84.4975,-84.7948,-85.0019,-85.1534,-85.2685
593,-68.2163,-75.9169,-79.9626,-82.0922,-83.3202,-84.0488,-84.5,-84.7968,-85.0036,-85.1548,-85.2697
594,-68.1793,-75.906,-79.9643,-82.0963,-83.3242,-84.052,-84.5026,-84.7988,-85.0052,-85.1562,-85.2709
595,-68.1422,-75.8951,-79.966,-82.1004,-83.3281,-84.0552,-84.505,-84.8008,-85.0068,-85.1575,-85.2721
596,-68.105,-75.8843,-79.9676,-82.1045,-83.332,-84.0583,-84.5075,-84.8027,-85.0085,-85.1589,-85.2732
597,-68.0677,-75.8735,-79.9693,-82.1086,-83.3359,-84.0615,-84.5099,-84.8047,-85.0101,-85.1602,-85.2744
598,-68.0303,-75.8628,-79.971,-82.1127,-83.3398,-84.0646,-84.5124,-84.8066,-85.0117,-85.1616,-85.2756
599,-67.9928,-75.8522,-79.9727,-82.1168,-83.3436,-84.0676,-84.5148,-84.8085,-85.0132,-85.1629,-85.2767
600,-67.9551,-75.8416,-79.9744,-82.1208,-83.3474,-84.0707,-84.5171,-84.8104,-85.0148,-85.1642,-85.2778
601,-67.9174,-75.831,-79.9762,-82.1248,-83.3512,-84.0737,-84.5195,-84.8123,-85.0163,-85.1655,-85.279
602,-67.8795,-75.8205,-79.9779,-82.1289,-83.355,-84.0767,-84.5218,-84.8142,-85.0179,-85.1668,-85.2801
603,-67.8416,-75.81,-79.9797,-82.1329,-83.3587,-84.0797,-84.5242,-84.816,-85.0194,-85.1681,-85.2812
604,-67.8035,-75.7996,-79.9814,-82.1368,-83.3624,-84.0826,-84.5265,-84.8179,-85.0209,-85.1694,-85.2823
605,-67.7653,-75.7892,-79.9832,-82.1408,-83.3661,-84.0855,-84.5288,-84.8197,-85.0224,-85.1706,-85.2833
606,-67.7269,-75.7789,-79.985,-82.1447,-83.3698,-84.0884,-84.531,-84.8215,-85.0239,-85.1719,-85.2844
607,-67.6885,-75.7686,-79.9868,-82.1487,-83.3734,-84.0913,-84.5333,-84.8233,-85.0253,-85.1731,-85.2855
608,-67.6499,-75.7583,-79.9886,-82.1526,-83.377,-84.0942,-84.5355,-84.8251,-85.0268,-85.1743,-85.2865
609,-67.6112,-75.7481,-79.9904,-82.1565,-83.3806,-84.097,-84.5377,-84.8268,-85.0282,-85.1756,-85.2876
610,-67.5724,-75.738,-79.9922,-82.1603,-83.3842,-84.0998,-84.5399,-84.8286,-85.0297,-85.1768,-85.2886
611,-67.5335,-75.7279,-79.994,-82.1642,-83.3877,-84.1026,-84.542,-84.8303,-85.0311,-85.178,-85.2896
612,-67.4944,-75.7178,-79.9959,-82.168,-83.3912,-84.1054,-84.5442,-84.832,-85.0325,-85.1791,-85.2907
613,-67.4552,-75.7078,-79.9977,-82.1719,-83.3947,-84.1081,-84.5463,-84.8337,-85.0339,-85.1803,-85.2917
614,-67.4159,-75.6979,-79.9996,-82.1757,-83.3982,-84.1108,-84.5484,-84.8354,-85.0353,-85.1815,-85.2927
615,-67.3764,-75.688,-80.0014,-82.1794,-83.4016,-84.1135,-84.5505,-84.8371,-85.0366,-85.1826,-85.2937
616,-67.3368,-75.6781,-80.0033,-82.1832,-83.4051,-84.1162,-84.5526,-84.8387,-85.038,-85.1838,-85.2946
617,-67.297,-75.6683,-80.0052,-82.187,-83.4085,-84.1189,-84.5547,-84.8403,-85.0393,-85.1849,-85.2956
618,-67.2572,-75.6585,-80.007,-82.1907,-83.4118,-84.1215,-84.5567,-84.842,-85.0407,-85.186,-85.2966
619,-67.2171,-75.6487,-80.0089,-82.1944,-83.4152,-84.1241,-84.5587,-84.8436,-85.042,-85.1871,-85.2975
620,-67.177,-75.639,-80.0108,-82.1981,-83.4185,-84.1267,-84.5607,-84.8452,-85.0433,-85.1882,-85.2985
621,-67.1367,-75.6294,-80.0127,-82.2018,-83.4218,-84.1293,-84.5627,-84.8468,-85.0446,-85.1893,-85.2994
622,-67.0962,-75.6198,-80.0146,-82.2055,-83.4251,-84.1319,-84.5647,-84.8483,-85.0459,-85.1904,-85.3004
623,-67.0556,-75.6102,-80.0166,-82.2091,-83.4284,-84.1344,-84.5667,-84.8499,-85.0472,-85.1915,-85.3013
624,-67.0148,-75.6007,-80.0185,-82.2128,-83.4316,-84.1369,-84.5686,-84.8514,-85.0484,-85.1926,-85.3022
625,-66.9739,-75.5913,-80.0204,-82.2164,-83.4348,-84.1394,-84.5705,-84.853,-85.0497,-85.1936,-85.3031
626,-66.9329,-75.5818,-80.0223,-82.22,-83.438,-84.1419,-84.5724,-84.8545,-85.0509,-85.1947,-85.304
627,-66.8916,-75.5725,-80.0243,-82.2236,-83.4412,-84.1443,-84.5743,-84.856,-85.0521,-85.1957,-85.3049
628,-66.8502,-75.5631,-80.0262,-82.2271,-83.4443,-84.1468,-84.5762,-84.8575,-85.0534,-85.1967,-85.3058
629,-66.8087,-75.5538,-80.0282,-82.2307,-83.4474,-84.1492,-84.5781,-84.8589,-85.0546,-85.1977,-85.3067
630,-66.767,-75.5446,-80.0301,-82.2342,-83.4505,-84.1516,-84.5799,-84.8604,-85.0558,-85.1988,-85.3075
631,-66.7251,-75.5354,-80.0321,-82.2377,-83.4536,-84.1539,-84.5817,-84.8619,-85.057,-85.1998,-85.3084
632,-66.683,-75.5262,-80.034,-82.2412,-83.4567,-84.1563,-84.5836,-84.8633,-85.0582,-85.2008,-85.3092
633,-66.6408,-75.5171,-80.036,-82.2447,-83.4597,-84.1586,-84.5854,-84.8647,-85.0593,-85.2017,-85.3101
634,-66.5984,-75.5081,-80.038,-82.2482,-83.4627,-84.161,-84.5871,-84.8662,-85.0605,-85.2027,-85.3109
635,-66.5558,-75.499,-80.0399,-82.2516,-83.4657,-84.1633,-84.5889,-84.8676,-85.0616,-85.2037,-85.3118
636,-66.5131,-75.49,-80.0419,-82.255,-83.4687,-84.1655,-84.5907,-84.869,-85.0628,-85.2046,-85.3126
637,-66.4701,-75.4811,-80.0439,-82.2584,-83.4716,-84.1678,-84.5924,-84.8703,-85.0639,-85.2056,-85.3134
638,-66.427,-75.4722,-80.0459,-82.2618,-83.4746,-84.17,-84.5941,-84.8717,-85.065,-85.2065,-85.3142
639,-66.3837,-75.4633,-80.0479,-82.2652,-83.4775,-84.1723,-84.5958,-84.8731,-85.0662,-85.2075,-85.315
640,-66.3401,-75.4545,-80.0499,-82.2685,-83.4804,-84.1745,-84.5975,-84.8744,-85.0673,-85.2084,-85.3158
641,-66.2964,-75.4458,-80.0519,-82.2719,-83.4832,-84.1767,-84.5992,-84.8757,-85.0683,-85.2093,-85.3166
642,-66.2525,-75.437,-80.0539,-82.2752,-83.4861,-84.1789,-84.6009,-84.8771,-85.0694,-85.2102,-85.3174
643,-66.2084,-75.4284,-80.0559,-82.2785,-83.4889,-84.181,-84.6025,-84.8784,-85.0705,-85.2112,-85.3182
644,-66.1641,-75.4197,-80.0579,-82.2818,-83.4917,-84.1832,-84.6042,-84.8797,-85.0716,-85.2121,-85.319
645,-66.1195,-75.4111,-80.0599,-82.2851,-83.4945,-84.1853,-84.6058,-84.881,-85.0726,-85.2129,-85.3197
646,-66.0748,-75.4025,-80.0619,-82.2883,-83.4973,-84.1874,-84.6074,-84.8823,-85.0737,-85.2138,-85.3205
647,-66.0298,-75.394,-80.0639,-82.2916,-83.5,-84.1895,-84.609,-84.8835,-85.0747,-85.2147,-85.3213
648,-65.9846,-75.3856,-80.0659,-82.2948,-83.5027,-84.1915,-84.6106,-84.8848,-85.0758,-85.2156,-85.322
649,-65.9392,-75.3771,-80.0679,-82.298,-83.5054,-84.1936,-84.6122,-84.886,-85.0768,-85.2164,-85.3227
650,-65.8935,-75.3687,-80.0699,-82.3012,-83.5081,-84.1956,-84.6138,-84.8873,-85.0778,-85.2173,-85.3235
651,-65.8476,-75.3604,-80.0719,-82.3043,-83.5108,-84.1977,-84.6153,-84.8885,-85.0788,-85.2181,-85.3242
652,-65.8015,-75.3521,-80.0739,-82.3075,-83.5135,-84.1997,-84.6168,-84.8897,-85.0798,-85.219,-85.3249
653,-65.7551,-75.3438,-80.076,-82.3106,-83.5161,-84.2017,-84.6184,-84.8909,-85.0808,-85.2198,-85.3256
654,-65.7085,-75.3356,-80.078,-82.3137,-83.5187,-84.2036,-84.6199,-84.8921,-85.0818,-85.2206,-85.3264
655,-65.6617,-75.3274,-80.08,-82.3168,-83.5213,-84.2056,-84.6214,-84.8933,-85.0827,-85.2215,-85.3271
656,-65.6145,-75.3192,-80.082,-82.3199,-83.5239,-84.2076,-84.6229,-84.8945,-85.0837,-85.2223,-85.3278
657,-65.5672,-75.3111,-80.084,-82.323,-83.5264,-84.2095,-84.6243,-84.8957,-85.0847,-85.2231,-85.3285
658,-65.5195,-75.303,-80.086,-82.326,-83.529,-84.2114,-84.6258,-84.8968,-85.0856,-85.2239,-85.3291
659,-65.4716,-75.295,-80.0881,-82.3291,-83.5315,-84.2133,-84.6273,-84.898,-85.0866,-85.2247,-85.3298
660,-65.4234,-75.287,-80.0901,-82.3321,-83.534,-84.2152,-84.6287,-84.8991,-85.0875,-85.2255,-85.3305
661,-65.3749,-75.2791,-80.0921,-82.3351,-83.5365,-84.2171,-84.6301,-84.9002,-85.0884,-85.2262,-85.3312
662,-65.3261,-75.2712,-80.0941,-82.3381,-83.5389,-84.2189,-84.6315,-84.9014,-85.0893,-85.227,-85.3318
663,-65.277,-75.2633,-80.0961,-82.341,-83.5414,-84.2208,-84.633,-84.9025,-85.0902,-85.2278,-85.3325
664,-65.2277,-75.2555,-80.0982,-82.344,-83.5438,-84.2226,-84.6343,-84.9036,-85.0911,-85.2285,-85.3332
665,-65.178,-75.2477,-80.1002,-82.3469,-83.5462,-84.2244,-84.6357,-84.9047,-85.092,-85.2293,-85.3338
666,-65.128,-75.2399,-80.1022,-82.3498,-83.5486,-84.2262,-84.6371,-84.9058,-85.0929,-85.23,-85.3345
667,-65.0777,-75.2322,-80.1042,-82.3527,-83.551,-84.228,-84.6385,-84.9068,-85.0938,-85.2308,-85.3351
668,-65.0271,-75.2245,-80.1062,-82.3556,-83.5534,-84.2297,-84.6398,-84.9079,-85.0947,-85.2315,-85.3357
669,-64.9761,-75.2169,-80.1083,-82.3585,-83.5557,-84.2315,-84.6411,-84.909,-85.0956,-85.2322,-85.3364
670,-64.9248,-75.2093,-80.1103,-82.3613,-83.558,-84.2332,-84.6425,-84.91,-85.0964,-85.233,-85.337
671,-64.8732,-75.2017,-80.1123,-82.3642,-83.5603,-84.235,-84.6438,-84.911,-85.0973,-85.2337,-85.3376
672,-64.8212,-75.1942,-80.1143,-82.367,-83.5626,-84.2367,-84.6451,-84.9121,-85.0981,-85.2344,-85.3382
673,-64.7688,-75.1867,-80.1163,-82.3698,-83.5649,-84.2384,-84.6464,-84.9131,-85.099,-85.2351,-85.3388
674,-64.7161,-75.1793,-80.1183,-82.3726,-83.5672,-84.2401,-84.6477,-84.9141,-85.0998,-85.2358,-85.3394
675,-64.663,-75.1719,-80.1203,-82.3754,-83.5694,-84.2417,-84.6489,-84.9151,-85.1006,-85.2365,-85.34
676,-64.6095,-75.1645,-80.1223,-82.3781,-83.5716,-84.2434,-84.6502,-84.9161,-85.1014,-85.2372,-85.3406
677,-64.5556,-75.1572,-80.1243,-82.3809,-83.5739,-84.2451,-84.6515,-84.9171,-85.1022,-85.2379,-85.3412
678,-64.5013,-75.1499,-80.1263,-82.3836,-83.5761,-84.2467,-84.6527,-84.9181,-85.1031,-85.2386,-85.3418
679,-64.4466,-75.1426,-80.1283,-82.3863,-83.5782,-84.2483,-84.6539,-84.9191,-85.1039,-85.2392,-85.3424
680,-64.3914,-75.1354,-80.1303,-82.389,-83.5804,-84.2499,-84.6552,-84.92,-85.1046,-85.2399,-85.3429
681,-64.3359,-75.1282,-80.1323,-82.3917,-83.5826,-84.2515,-84.6564,-84.921,-85.1054,-85.2406,-85.3435
682,-64.2799,-75.1211,-80.1343,-82.3943,-83.5847,-84.2531,-84.6576,-84.922,-85.1062,-85.2412,-85.3441
683,-64.2234,-75.114,-80.1363,-82.397,-83.5868,-84.2547,-84.6588,-84.9229,-85.107,-85.2419,-85.3446
684,-64.1665,-75.1069,-80.1383,-82.3996,-83.5889,-84.2562,-84.66,-84.9238,-85.1078,-85.2425,-85.3452
685,-64.1091,-75.0999,-80.1403,-82.4022,-83.591,-84.2578,-84.6611,-84.9248,-85.1085,-85.2432,-85.3458
686,-64.0512,-75.0929,-80.1423,-82.4048,-83.5931,-84.2593,-84.6623,-84.9257,-85.1093,-85.2438,-85.3463
687,-63.9928,-75.0859,-80.1443,-82.4074,-83.5951,-84.2608,-84.6635,-84.9266,-85.11,-85.2444,-85.3469
688,-63.9339,-75.079,-80.1463,-82.41,-83.5972,-84.2624,-84.6646,-84.9275,-85.1108,-85.2451,-85.3474
689,-63.8745,-75.0721,-80.1482,-82.4125,-83.5992,-84.2639,-84.6658,-84.9284,-85.1115,-85.2457,-85.3479
690,-63.8145,-75.0652,-80.1502,-82.4151,-83.6012,-84.2654,-84.6669,-84.9293,-85.1122,-85.2463,-85.3485
691,-63.754,-75.0584,-80.1522,-82.4176,-83.6032,-84.2668,-84.668,-84.9302,-85.113,-85.2469,-85.349
692,-63.693,-75.0516,-80.1541,-82.4201,-83.6052,-84.2683,-84.6691,-84.9311,-85.1137,-85.2475,-85.3495
693,-63.6313,-75.0449,-80.1561,-82.4226,-83.6072,-84.2698,-84.6702,-84.932,-85.1144,-85.2481,-85.35
694,-63.5691,-75.0382,-80.1581,-82.4251,-83.6091,-84.2712,-84.6713,-84.9328,-85.1151,-85.2487,-85.3505
695,-63.5062,-75.0315,-80.16,-82.4276,-83.6111,-84.2726,-84.6724,-84.9337,-85.1158,-85.2493,-85.3511
696,-63.4427,-75.0248,-80.162,-82.43,-83.613,-84.2741,-84.6735,-84.9345,-85.1165,-85.2499,-85.3516
697,-63.3786,-75.0182,-80.1639,-82.4325,-83.6149,-84.2755,-84.6746,-84.9354,-85.1172,-85.2505,-85.3521
698,-63.3138,-75.0116,-80.1659,-82.4349,-83.6168,-84.2769,-84.6756,-84.9362,-85.1179,-85.2511,-85.3526
699,-63.2483,-75.0051,-80.1678,-82.4373,-83.6187,-84.2783,-84.6767,-84.9371,-85.1186,-85.2516,-85.3531
700,-63.1821,-74.9986,-80.1698,-82.4397,-83.6206,-84.2796,-84.6777,-84.9379,-85.1193,-85.2522,-85.3536
701,-63.1152,-74.9921,-80.1717,-82.4421,-83.6224,-84.281,-84.6788,-84.9387,-85.1199,-85.2528,-85.354
702,-63.0476,-74.9857,-80.1736,-82.4444,-83.6243,-84.2824,-84.6798,-84.9395,-85.1206,-85.2533,-85.3545
703,-62.9791,-74.9793,-80.1756,-82.4468,-83.6261,-84.2837,-84.6808,-84.9403,-85.1213,-85.2539,-85.355
704,-62.9099,-74.9729,-80.1775,-82.4491,-83.6279,-84.285,-84.6818,-84.9411,-85.1219,-85.2545,-85.3555
705,-62.8399,-74.9666,-80.1794,-82.4515,-83.6297,-84.2864,-84.6828,-84.9419,-85.1226,-85.255,-85.356
706,-62.7691,-74.9603,-80.1813,-82.4538,-83.6315,-84.2877,-84.6838,-84.9427,-85.1232,-85.2555,-85.3564
707,-62.6974,-74.954,-80.1832,-82.4561,-83.6333,-84.289,-84.6848,-84.9435,-85.1239,-85.2561,-85.3569
708,-62.6248,-74.9477,-80.1851,-82.4583,-83.6351,-84.2903,-84.6858,-84.9443,-85.1245,-85.2566,-85.3574
709,-62.5513,-74.9415,-80.1871,-82.4606,-83.6368,-84.2916,-84.6868,-84.945,-85.1251,-85.2572,-85.3578
710,-62.4768,-74.9354,-80.189,-82.4629,-83.6385,-84.2929,-84.6877,-84.9458,-85.1257,-85.2577,-85.3583
711,-62.4014,-74.9292,-80.1908,-82.4651,-83.6403,-84.2941,-84.6887,-84.9466,-85.1264,-85.2582,-85.3587
712,-62.3249,-74.9231,-80.1927,-82.4673,-83.642,-84.2954,-84.6897,-84.9473,-85.127,-85.2587,-85.3592
713,-62.2475,-74.9171,-80.1946,-82.4696,-83.6437,-84.2966,-84.6906,-84.9481,-85.1276,-85.2592,-85.3596
714,-62.1689,-74.911,-80.1965,-82.4718,-83.6454,-84.2979,-84.6915,-84.9488,-85.1282,-85.2598,-85.3601
715,-62.0892,-74.905,-80.1984,-82.4739,-83.6471,-84.2991,-84.6925,-84.9495,-85.1288,-85.2603,-85.3605
716,-62.0084,-74.899,-80.2003,-82.4761,-83.6487,-84.3003,-84.6934,-84.9503,-85.1294,-85.2608,-85.3609
717,-61.9264,-74.8931,-80.2021,-82.4783,-83.6504,-84.3015,-84.6943,-84.951,-85.13,-85.2613,-85.3614
718,-61.8431,-74.8872,-80.204,-82.4804,-83.652,-84.3027,-84.6952,-84.9517,-85.1306,-85.2618,-85.3618
719,-61.7586,-74.8813,-80.2059,-82.4826,-83.6537,-84.3039,-84.6961,-84.9524,-85.1312,-85.2623,-85.3622
720,-61.6727,-74.8754,-80.2077,-82.4847,-83.6553,-84.3051,-84.697,-84.9531,-85.1318,-85.2627,-85.3626
721,-61.5854,-74.8696,-80.2096,-82.4868,-83.6569,-84.3063,-84.6979,-84.9538,-85.1323,-85.2632,-85.3631
722,-61.4967,-74.8638,-80.2114,-82.4889,-83.6585,-84.3075,-84.6988,-84.9545,-85.1329,-85.2637,-85.3635
723,-61.4066,-74.8581,-80.2132,-82.491,-83.6601,-84.3086,-84.6997,-84.9552,-85.1335,-85.2642,-85.3639
724,-61.3149,-74.8523,-80.2151,-82.493,-83.6617,-84.3098,-84.7005,-84.9559,-85.134,-85.2647,-85.3643
725,-61.2215,-74.8467,-80.2169,-82.4951,-83.6632,-84.3109,-84.7014,-84.9566,-85.1346,-85.2651,-85.3647
726,-61.1265,-74.841,-80.2187,-82.4972,-83.6648,-84.312,-84.7023,-84.9573,-85.1351,-85.2656,-85.3651
727,-61.0298,-74.8354,-80.2206,-82.4992,-83.6663,-84.3132,-84.7031,-84.9579,-85.1357,-85.2661,-85.3655
728,-60.9313,-74.8298,-80.2224,-82.5012,-83.6678,-84.3143,-84.704,-84.9586,-85.1362,-85.2665,-85.3659
729,-60.8308,-74.8242,-80.2242,-82.5032,-83.6694,-84.3154,-84.7048,-84.9593,-85.1368,-85.267,-85.3663
730,-60.7284,-74.8186,-80.226,-82.5052,-83.6709,-84.3165,-84.7056,-84.9599,-85.1373,-85.2674,-85.3667
731,-60.6239,-74.8131,-80.2278,-82.5072,-83.6724,-84.3176,-84.7064,-84.9606,-85.1379,-85.2679,-85.3671
732,-60.5173,-74.8077,-80.2296,-82.5092,-83.6739,-84.3187,-84.7073,-84.9612,-85.1384,-85.2683,-85.3675
733,-60.4084,-74.8022,-80.2314,-82.5111,-83.6753,-84.3197,-84.7081,-84.9619,-85.1389,-85.2688,-85.3678
734,-60.2972,-74.7968,-80.2332,-82.5131,-83.6768,-84.3208,-84.7089,-84.9625,-85.1394,-85.2692,-85.3682
735,-60.1835,-74.7914,-80.2349,-82.515,-83.6783,-84.3219,-84.7097,-84.9631,-85.14,-85.2697,-85.3686
736,-60.0672,-74.786,-80.2367,-82.5169,-83.6797,-84.3229,-84.7105,-84.9638,-85.1405,-85.2701,-85.369
737,-59.9482,-74.7807,-80.2385,-82.5188,-83.6811,-84.324,-84.7113,-84.9644,-85.141,-85.2705,-85.3694
738,-59.8263,-74.7754,-80.2403,-82.5207,-83.6826,-84.325,-84.712,-84.965,-85.1415,-85.271,-85.3697
739,-59.7015,-74.7701,-80.242,-82.5226,-83.684,-84.326,-84.7128,-84.9656,-85.142,-85.2714,-85.3701
740,-59.5734,-74.7649,-80.2438,-82.5245,-83.6854,-84.327,-84.7136,-84.9662,-85.1425,-85.2718,-85.3705
741,-59.4421,-74.7597,-80.2455,-82.5264,-83.6868,-84.328,-84.7144,-84.9668,-85.143,-85.2722,-85.3708
742,-59.3072,-74.7545,-80.2473,-82.5282,-83.6882,-84.3291,-84.7151,-84.9674,-85.1435,-85.2726,-85.3712
743,-59.1686,-74.7493,-80.249,-82.5301,-83.6895,-84.3301,-84.7159,-84.968,-85.144,-85.2731,-85.3715
744,-59.0261,-74.7442,-80.2507,-82.5319,-83.6909,-84.331,-84.7166,-84.9686,-85.1445,-85.2735,-85.3719
745,-58.8794,-74.7391,-80.2524,-82.5337,-83.6923,-84.332,-84.7174,-84.9692,-85.1449,-85.2739,-85.3722
746,-58.7283,-74.734,-80.2542,-82.5355,-83.6936,-84.333,-84.7181,-84.9698,-85.1454,-85.2743,-85.3726
747,-58.5726,-74.729,-80.2559,-82.5373,-83.695,-84.334,-84.7188,-84.9704,-85.1459,-85.2747,-85.3729
748,-58.4118,-74.7239,-80.2576,-82.5391,-83.6963,-84.3349,-84.7196,-84.9709,-85.1464,-85.2751,-85.3733
749,-58.2458,-74.7189,-80.2593,-82.5409,-83.6976,-84.3359,-84.7203,-84.9715,-85.1468,-85.2755,-85.3736
750,-58.0741,-74.714,-80.261,-82.5427,-83.6989,-84.3368,-84.721,-84.9721,-85.1473,-85.2759,-85.374
751,-57.8964,-74.7091,-80.2627,-82.5444,-83.7002,-84.3378,-84.7217,-84.9726,-85.1478,-85.2763,-85.3743
752,-57.7123,-74.7041,-80.2644,-82.5462,-83.7015,-84.3387,-84.7224,-84.9732,-85.1482,-85.2766,-85.3746
753,-57.5212,-74.6993,-80.2661,-82.5479,-83.7028,-84.3397,-84.7231,-84.9738,-85.1487,-85.277,-85.375
754,-57.3227,-74.6944,-80.2677,-82.5496,-83.7041,-84.3406,-84.7238,-84.9743,-85.1491,-85.2774,-85.3753
755,-57.1162,-74.6896,-80.2694,-82.5513,-83.7053,-84.3415,-84.7245,-84.9749,-85.1496,-85.2778,-85.3756
756,-56.9011,-74.6848,-80.2711,-82.553,-83.7066,-84.3424,-84.7252,-84.9754,-85.15,-85.2782,-85.3759
757,-56.6767,-74.68,-80.2727,-82.5547,-83.7078,-84.3433,-84.7259,-84.9759,-85.1505,-85.2785,-85.3763
758,-56.4423,-74.6753,-80.2744,-82.5564,-83.7091,-84.3442,-84.7266,-84.9765,-85.1509,-85.2789,-85.3766
759,-56.197,-74.6706,-80.276,-82.5581,-83.7103,-84.3451,-84.7272,-84.977,-85.1513,-85.2793,-85.3769
760,-55.9398,-74.6659,-80.2777,-82.5597,-83.7115,-84.346,-84.7279,-84.9775,-85.1518,-85.2796,-85.3772
761,-55.6697,-74.6612,-80.2793,-82.5614,-83.7127,-84.3468,-84.7286,-84.9781,-85.1522,-85.28,-85.3775
762,-55.3855,-74.6566,-80.2809,-82.563,-83.7139,-84.3477,-84.7292,-84.9786,-85.1526,-85.2804,-85.3778
763,-55.0859,-74.652,-80.2826,-82.5646,-83.7151,-84.3486,-84.7299,-84.9791,-85.153,-85.2807,-85.3781
764,-54.7694,-74.6474,-80.2842,-82.5662,-83.7163,-84.3494,-84.7305,-84.9796,-85.1535,-85.2811,-85.3785
765,-54.4343,-74.6428,-80.2858,-82.5679,-83.7175,-84.3503,-84.7312,-84.9801,-85.1539,-85.2814,-85.3788
766,-54.0787,-74.6383,-80.2874,-82.5695,-83.7187,-84.3511,-84.7318,-84.9806,-85.1543,-85.2818,-85.3791
767,-53.7005,-74.6338,-80.289,-82.571,-83.7198,-84.352,-84.7324,-84.9811,-85.1547,-85.2821,-85.3794
768,-53.2973,-74.6293,-80.2906,-82.5726,-83.721,-84.3528,-84.7331,-84.9816,-85.1551,-85.2825,-85.3797
769,-52.8665,-74.6248,-80.2922,-82.5742,-83.7222,-84.3536,-84.7337,-84.9821,-85.1555,-85.2828,-85.38
770,-52.405,-74.6204,-80.2938,-82.5757,-83.7233,-84.3545,-84.7343,-84.9826,-85.1559,-85.2832,-85.3802
771,-51.9095,-74.616,-80.2954,-82.5773,-83.7244,-84.3553,-84.7349,-84.9831,-85.1563,-85.2835,-85.3805
772,-51.3765,-74.6116,-80.2969,-82.5788,-83.7256,-84.3561,-84.7355,-84.9836,-85.1567,-85.2838,-85.3808
773,-50.8021,-74.6073,-80.2985,-82.5804,-83.7267,-84.3569,-84.7362,-84.9841,-85.1571,-85.2842,-85.3811
774,-50.1822,-74.6029,-80.3001,-82.5819,-83.7278,-84.3577,-84.7368,-84.9845,-85.1575,-85.2845,-85.3814
775,-49.5129,-74.5986,-80.3016,-82.5834,-83.7289,-84.3585,-84.7374,-84.985,-85.1579,-85.2848,-85.3817
776,-48.7906,-74.5944,-80.3032,-82.5849,-83.73,-84.3593,-84.738,-84.9855,-85.1583,-85.2852,-85.382
777,-48.0125,-74.5901,-80.3047,-82.5864,-83.7311,-84.3601,-84.7385,-84.9859,-85.1587,-85.2855,-85.3823
778,-47.1776,-74.5859,-80.3063,-82.5879,-83.7321,-84.3609,-84.7391,-84.9864,-85.1591,-85.2858,-85.3825
779,-46.2874,-74.5817,-80.3078,-82.5894,-83.7332,-84.3616,-84.7397,-84.9869,-85.1594,-85.2861,-85.3828
780,-45.3471,-74.5775,-80.3093,-82.5908,-83.7343,-84.3624,-84.7403,-84.9873,-85.1598,-85.2864,-85.3831
781,-44.367,-74.5733,-80.3108,-82.5923,-83.7353,-84.3632,-84.7409,-84.9878,-85.1602,-85.2868,-85.3834
782,-43.363,-74.5692,-80.3124,-82.5937,-83.7364,-84.3639,-84.7414,-84.9882,-85.1606,-85.2871,-85.3836
783,-42.3557,-74.5651,-80.3139,-82.5952,-83.7374,-84.3647,-84.742,-84.9887,-85.1609,-85.2874,-85.3839
784,-41.3676,-74.561,-80.3154,-82.5966,-83.7385,-84.3654,-84.7426,-84.9891,-85.1613,-85.2877,-85.3842
785,-40.4179,-74.5569,-80.3169,-82.598,-83.7395,-84.3662,-84.7431,-84.9896,-85.1617,-85.288,-85.3844
786,-39.5154,-74.5529,-80.3184,-82.5994,-83.7405,-84.3669,-84.7437,-84.99,-85.162,-85.2883,-85.3847
787,-38.6467,-74.5489,-80.3199,-82.6008,-83.7415,-84.3676,-84.7442,-84.9905,-85.1624,-85.2886,-85.385
788,-37.7833,-74.5449,-80.3213,-82.6022,-83.7426,-84.3684,-84.7448,-84.9909,-85.1627,-85.2889,-85.3852
789,-36.8971,-74.5409,-80.3228,-82.6036,-83.7436,-84.3691,-84.7453,-84.9913,-85.1631,-85.2892,-85.3855
790,-35.9618,-74.537,-80.3243,-82.605,-83.7446,-84.3698,-84.7459,-84.9918,-85.1634,-85.2895,-85.3857
791,-34.9515,-74.5331,-80.3257,-82.6064,-83.7455,-84.3705,-84.7464,-84.9922,-85.1638,-85.2898,-85.386
792,-33.8396,-74.5292,-80.3272,-82.6077,-83.7465,-84.3712,-84.7469,-84.9926,-85.1641,-85.2901,-85.3862
793,-32.5962,-74.5253,-80.3287,-82.6091,-83.7475,-84.3719,-84.7475,-84.993,-85.1645,-85.2904,-85.3865
794,-31.1858,-74.5214,-80.3301,-82.6104,-83.7485,-84.3726,-84.748,-84.9934,-85.1648,-85.2907,-85.3868
795,-29.564,-74.5176,-80.3316,-82.6118,-83.7494,-84.3733,-84.7485,-84.9939,-85.1652,-85.291,-85.387
796,-27.6777,-74.5138,-80.333,-82.6131,-83.7504,-84.374,-84.749,-84.9943,-85.1655,-85.2913,-85.3872
797,-25.5222,-74.51,-80.3344,-82.6144,-83.7514,-84.3747,-84.7496,-84.9947,-85.1658,-85.2915,-85.3875
798,-23.3982,-74.5062,-80.3358,-82.6157,-83.7523,-84.3754,-84.7501,-84.9951,-85.1662,-85.2918,-85.3877
799,-21.2913,-74.5025,-80.3373,-82.617,-83.7532,-84.376,-84.7506,-84.9955,-85.1665,-85.2921,-85.388
800,-19.0721,-74.4988,-80.3387,-82.6183,-83.7542,-84.3767,-84.7511,-84.9959,-85.1668,-85.2924,-85.3882
801,-16.6314,-74.4951,-80.3401,-82.6196,-83.7551,-84.3774,-84.7516,-84.9963,-85.1672,-85.2927,-85.3885
802,-13.8611,-74.4914,-80.3415,-82.6209,-83.756,-84.378,-84.7521,-84.9967,-85.1675,-85.2929,-85.3887
803,-10.6479,-74.4878,-80.3429,-82.6222,-83.7569,-84.3787,-84.7526,-84.9971,-85.1678,-85.2932,-85.3889
804,-6.87461,-74.4841,-80.3443,-82.6235,-83.7578,-84.3793,-84.7531,-84.9975,-85.1681,-85.2935,-85.3892
805,-2.44848,-74.4805,-80.3457,-82.6247,-83.7587,-84.38,-84.7536,-84.9978,-85.1684,-85.2937,-85.3894
806,2.54729,-74.4769,-80.3471,-82.626,-83.7596,-84.3806,-84.7541,-84.9982,-85.1688,-85.294,-85.3896
807,7.46818,-74.4734,-80.3484,-82.6272,-83.7605,-84.3813,-84.7545,-84.9986,-85.1691,-85.2943,-85.3899
808,11.3715,-74.4698,-80.3498,-82.6284,-83.7614,-84.3819,-84.755,-84.999,-85.1694,-85.2945,-85.3901
809,13.9742,-74.4663,-80.3512,-82.6297,-83.7623,-84.3825,-84.7555,-84.9994,-85.1697,-85.2948,-85.3903
810,15.4979,-74.4628,-80.3525,-82.6309,-83.7632,-84.3832,-84.756,-84.9997,-85.17,-85.2951,-85.3906
811,16.305,-74.4593,-80.3539,-82.6321,-83.764,-84.3838,-84.7564,-85.0001,-85.1703,-85.2953,-85.3908
812,16.7277,-74.4559,-80.3552,-82.6333,-83.7649,-84.3844,-84.7569,-85.0005,-85.1706,-85.2956,-85.391
813,16.9957,-74.4524,-80.3566,-82.6345,-83.7658,-84.385,-84.7574,-85.0009,-85.1709,-85.2958,-85.3912
814,17.2372,-74.449,-80.3579,-82.6357,-83.7666,-84.3856,-84.7578,-85.0012,-85.1712,-85.2961,-85.3914
815,17.5101,-74.4456,-80.3592,-82.6369,-83.7675,-84.3863,-84.7583,-85.0016,-85.1715,-85.2964,-85.3917
816,17.8332,-74.4423,-80.3606,-82.6381,-83.7683,-84.3869,-84.7588,-85.002,-85.1718,-85.2966,-85.3919
817,18.2067,-74.4389,-80.3619,-82.6393,-83.7691,-84.3875,-84.7592,-85.0023,-85.1721,-85.2969,-85.3921
818,18.6239,-74.4356,-80.3632,-82.6404,-83.77,-84.3881,-84.7597,-85.0027,-85.1724,-85.2971,-85.3923
819,19.0771,-74.4323,-80.3645,-82.6416,-83.7708,-84.3886,-84.7601,-85.003,-85.1727,-85.2974,-85.3925
820,19.5583,-74.429,-80.3658,-82.6427,-83.7716,-84.3892,-84.7606,-85.0034,-85.173,-85.2976,-85.3927
821,20.0573,-74.4257,-80.3671,-82.6439,-83.7724,-84.3898,-84.761,-85.0037,-85.1733,-85.2978,-85.393
822,20.5613,-74.4224,-80.3684,-82.645,-83.7732,-84.3904,-84.7614,-85.0041,-85.1736,-85.2981,-85.3932
823,21.0587,-74.4192,-80.3697,-82.6461,-83.774,-84.391,-84.7619,-85.0044,-85.1739,-85.2983,-85.3934
824,21.5413,-74.416,-80.371,-82.6473,-83.7748,-84.3916,-84.7623,-85.0048,-85.1741,-85.2986,-85.3936
825,22.0042,-74.4128,-80.3723,-82.6484,-83.7756,-84.3921,-84.7627,-85.0051,-85.1744,-85.2988,-85.3938
826,22.4441,-74.4096,-80.3735,-82.6495,-83.7764,-84.3927,-84.7632,-85.0054,-85.1747,-85.299,-85.394
827,22.8589,-74.4065,-80.3748,-82.6506,-83.7772,-84.3933,-84.7636,-85.0058,-85.175,-85.2993,-85.3942
828,23.2468,-74.4033,-80.3761,-82.6517,-83.778,-84.3938,-84.764,-85.0061,-85.1753,-85.2995,-85.3944
829,23.6068,-74.4002,-80.3773,-82.6528,-83.7788,-84.3944,-84.7644,-85.0065,-85.1755,-85.2997,-85.3946
830,23.9379,-74.3971,-80.3786,-82.6539,-83.7795,-84.3949,-84.7649,-85.0068,-85.1758,-85.3,-85.3948
831,24.24,-74.3941,-80.3798,-82.655,-83.7803,-84.3955,-84.7653,-85.0071,-85.1761,-85.3002,-85.395
832,24.513,-74.391,-80.3811,-82.656,-83.7811,-84.396,-84.7657,-85.0074,-85.1763,-85.3004,-85.3952
833,24.7577,-74.388,-80.3823,-82.6571,-83.7818,-84.3966,-84.7661,-85.0078,-85.1766,-85.3007,-85.3954
834,24.9747,-74.3849,-80.3835,-82.6582,-83.7826,-84.3971,-84.7665,-85.0081,-85.1769,-85.3009,-85.3956
835,25.1652,-74.3819,-80.3848,-82.6592,-83.7833,-84.3976,-84.7669,-85.0084,-85.1771,-85.3011,-85.3958
836,25.3306,-74.379,-80.386,-82.6603,-83.7841,-84.3982,-84.7673,-85.0087,-85.1774,-85.3013,-85.396
837,25.4725,-74.376,-80.3872,-82.6613,-83.7848,-84.3987,-84.7677,-85.009,-85.1777,-85.3016,-85.3962
838,25.5925,-74.3731,-80.3884,-82.6623,-83.7855,-84.3992,-84.7681,-85.0094,-85.1779,-85.3018,-85.3964
839,25.6922,-74.3701,-80.3896,-82.6634,-83.7863,-84.3998,-84.7685,-85.0097,-85.1782,-85.302,-85.3965
840,25.7734,-74.3672,-80.3908,-82.6644,-83.787,-84.4003,-84.7689,-85.01,-85.1784,-85.3022,-85.3967
841,25.8378,-74.3643,-80.392,-82.6654,-83.7877,-84.4008,-84.7693,-85.0103,-85.1787,-85.3024,-85.3969
842,25.8869,-74.3615,-80.3932,-82.6664,-83.7884,-84.4013,-84.7697,-85.0106,-85.179,-85.3026,-85.3971
843,25.9224,-74.3586,-80.3944,-82.6674,-83.7891,-84.4018,-84.7701,-85.0109,-85.1792,-85.3029,-85.3973
844,25.9455,-74.3558,-80.3956,-82.6684,-83.7899,-84.4023,-84.7704,-85.0112,-85.1795,-85.3031,-85.3975
845,25.9578,-74.353,-80.3968,-82.6694,-83.7906,-84.4028,-84.7708,-85.0115,-85.1797,-85.3033,-85.3977
846,25.9603,-74.3502,-80.3979,-82.6704,-83.7913,-84.4033,-84.7712,-85.0118,-85.18,-85.3035,-85.3978
847,25.9542,-74.3474,-80.3991,-82.6714,-83.792,-84.4038,-84.7716,-85.0121,-85.1802,-85.3037,-85.398
848,25.9406,-74.3446,-80.4003,-82.6724,-83.7926,-84.4043,-84.772,-85.0124,-85.1804,-85.3039,-85.3982
849,25.9202,-74.3419,-80.4014,-82.6733,-83.7933,-84.4048,-84.7723,-85.0127,-85.1807,-85.3041,-85.3984
850,25.8941,-74.3392,-80.4026,-82.6743,-83.794,-84.4053,-84.7727,-85.013,-85.1809,-85.3043,-85.3986
851,25.8628,-74.3364,-80.4037,-82.6753,-83.7947,-84.4058,-84.7731,-85.0133,-85.1812,-85.3045,-85.3987
852,25.827,-74.3338,-80.4049,-82.6762,-83.7954,-84.4063,-84.7734,-85.0136,-85.1814,-85.3047,-85.3989
853,25.7873,-74.3311,-80.406,-82.6772,-83.796,-84.4068,-84.7738,-85.0139,-85.1817,-85.3049,-85.3991
854,25.7441,-74.3284,-80.4072,-82.6781,-83.7967,-84.4072,-84.7742,-85.0142,-85.1819,-85.3051,-85.3993
855,25.698,-74.3258,-80.4083,-82.6791,-83.7974,-84.4077,-84.7745,-85.0145,-85.1821,-85.3053,-85.3994
856,25.6492,-74.3232,-80.4094,-82.68,-83.798,-84.4082,-84.7749,-85.0147,-85.1824,-85.3055,-85.3996
857,25.5982,-74.3206,-80.4105,-82.6809,-83.7987,-84.4087,-84.7752,-85.015,-85.1826,-85.3057,-85.3998
858,25.5451,-74.318,-80.4116,-82.6819,-83.7993,-84.4091,-84.7756,-85.0153,-85.1828,-85.3059,-85.4
859,25.4903,-74.3154,-80.4128,-82.6828,-83.8,-84.4096,-84.7759,-85.0156,-85.1831,-85.3061,-85.4001
860,25.4339,-74.3128,-80.4139,-82.6837,-83.8006,-84.41,-84.7763,-85.0159,-85.1833,-85.3063,-85.4003
861,25.3761,-74.3103,-80.415,-82.6846,-83.8013,-84.4105,-84.7766,-85.0161,-85.1835,-85.3065,-85.4005
862,25.3171,-74.3078,-80.4161,-82.6855,-83.8019,-84.411,-84.777,-85.0164,-85.1837,-85.3067,-85.4006
863,25.257,-74.3053,-80.4172,-82.6864,-83.8025,-84.4114,-84.7773,-85.0167,-85.184,-85.3069,-85.4008
864,25.1959,-74.3028,-80.4182,-82.6873,-83.8032,-84.4119,-84.7777,-85.017,-85.1842,-85.3071,-85.401
865,25.1339,-74.3003,-80.4193,-82.6882,-83.8038,-84.4123,-84.778,-85.0172,-85.1844,-85.3073,-85.4011
866,25.0711,-74.2979,-80.4204,-82.6891,-83.8044,-84.4128,-84.7783,-85.0175,-85.1846,-85.3075,-85.4013
867,25.0075,-74.2954,-80.4215,-82.69,-83.805,-84.4132,-84.7787,-85.0178,-85.1849,-85.3076,-85.4015
868,24.9431,-74.293,-80.4226,-82.6908,-83.8056,-84.4137,-84.779,-85.018,-85.1851,-85.3078,-85.4016
869,24.8781,-74.2906,-80.4236,-82.6917,-83.8063,-84.4141,-84.7793,-85.0183,-85.1853,-85.308,-85.4018
870,24.8125,-74.2882,-80.4247,-82.6926,-83.8069,-84.4145,-84.7797,-85.0186,-85.1855,-85.3082,-85.4019
871,24.7462,-74.2858,-80.4257,-82.6934,-83.8075,-84.415,-84.78,-85.0188,-85.1857,-85.3084,-85.4021
872,24.6792,-74.2835,-80.4268,-82.6943,-83.8081,-84.4154,-84.7803,-85.0191,-85.1859,-85.3086,-85.4023
873,24.6117,-74.2811,-80.4278,-82.6951,-83.8087,-84.4158,-84.7807,-85.0193,-85.1861,-85.3088,-85.4024
874,24.5436,-74.2788,-80.4289,-82.696,-83.8093,-84.4162,-84.781,-85.0196,-85.1864,-85.3089,-85.4026
875,24.4749,-74.2765,-80.4299,-82.6968,-83.8099,-84.4167,-84.7813,-85.0198,-85.1866,-85.3091,-85.4027
876,24.4057,-74.2742,-80.431,-82.6977,-83.8104,-84.4171,-84.7816,-85.0201,-85.1868,-85.3093,-85.4029
877,24.3358,-74.2719,-80.432,-82.6985,-83.811,-84.4175,-84.7819,-85.0204,-85.187,-85.3095,-85.403
878,24.2654,-74.2697,-80.433,-82.6993,-83.8116,-84.4179,-84.7823,-85.0206,-85.1872,-85.3096,-85.4032
879,24.1944,-74.2674,-80.434,-82.7002,-83.8122,-84.4183,-84.7826,-85.0209,-85.1874,-85.3098,-85.4033
880,24.1227,-74.2652,-80.4351,-82.701,-83.8128,-84.4188,-84.7829,-85.0211,-85.1876,-85.31,-85.4035
881,24.0505,-74.263,-80.4361,-82.7018,-83.8133,-84.4192,-84.7832,-85.0214,-85.1878,-85.3102,-85.4036
882,23.9777,-74.2608,-80.4371,-82.7026,-83.8139,-84.4196,-84.7835,-85.0216,-85.188,-85.3103,-85.4038
883,23.9042,-74.2586,-80.4381,-82.7034,-83.8145,-84.42,-84.7838,-85.0218,-85.1882,-85.3105,-85.4039
884,23.8302,-74.2564,-80.4391,-82.7042,-83.815,-84.4204,-84.7841,-85.0221,-85.1884,-85.3107,-85.4041
885,23.7555,-74.2542,-80.4401,-82.705,-83.8156,-84.4208,-84.7844,-85.0223,-85.1886,-85.3109,-85.4042
886,23.6801,-74.2521,-80.4411,-82.7058,-83.8162,-84.4212,-84.7847,-85.0226,-85.1888,-85.311,-85.4044
887,23.6041,-74.25,-80.4421,-82.7066,-83.8167,-84.4216,-84.785,-85.0228,-85.189,-85.3112,-85.4045
888,23.5275,-74.2479,-80.4431,-82.7074,-83.8173,-84.422,-84.7853,-85.023,-85.1892,-85.3114,-85.4047
889,23.4502,-74.2458,-80.4441,-82.7082,-83.8178,-84.4224,-84.7856,-85.0233,-85.1894,-85.3115,-85.4048
890,23.3722,-74.2437,-80.445,-82.709,-83.8184,-84.4228,-84.7859,-85.0235,-85.1896,-85.3117,-85.405
891,23.2935,-74.2416,-80.446,-82.7097,-83.8189,-84.4232,-84.7862,-85.0238,-85.1898,-85.3119,-85.4051
892,23.2141,-74.2395,-80.447,-82.7105,-83.8194,-84.4235,-84.7865,-85.024,-85.19,-85.312,-85.4053
893,23.134,-74.2375,-80.4479,-82.7113,-83.82,-84.4239,-84.7868,-85.0242,-85.1902,-85.3122,-85.4054
894,23.0533,-74.2355,-80.4489,-82.712,-83.8205,-84.4243,-84.7871,-85.0245,-85.1904,-85.3124,-85.4055
895,22.9718,-74.2335,-80.4499,-82.7128,-83.821,-84.4247,-84.7874,-85.0247,-85.1906,-85.3125,-85.4057
896,22.8895,-74.2315,-80.4508,-82.7135,-83.8216,-84.4251,-84.7877,-85.0249,-85.1908,-85.3127,-85.4058
897,22.8066,-74.2295,-80.4518,-82.7143,-83.8221,-84.4255,-84.788,-85.0251,-85.191,-85.3128,-85.406
898,22.7229,-74.2275,-80.4527,-82.715,-83.8226,-84.4258,-84.7882,-85.0254,-85.1911,-85.313,-85.4061
899,22.6385,-74.2255,-80.4537,-82.7158,-83.8231,-84.4262,-84.7885,-85.0256,-85.1913,-85.3132,-85.4062
900,22.5533,-74.2236,-80.4546,-82.7165,-83.8237,-84.4266,-84.7888,-85.0258,-85.1915,-85.3133,-85.4064
901,22.4673,-74.2217,-80.4555,-82.7173,-83.8242,-84.4269,-84.7891,-85.026,-85.1917,-85.3135,-85.4065
902,22.3806,-74.2198,-80.4565,-82.718,-83.8247,-84.4273,-84.7894,-85.0263,-85.1919,-85.3136,-85.4066
903,22.2932,-74.2179,-80.4574,-82.7187,-83.8252,-84.4277,-84.7897,-85.0265,-85.1921,-85.3138,-85.4068
904,22.2049,-74.216,-80.4583,-82.7195,-83.8257,-84.428,-84.7899,-85.0267,-85.1922,-85.3139,-85.4069
905,22.1158,-74.2141,-80.4592,-82.7202,-83.8262,-84.4284,-84.7902,-85.0269,-85.1924,-85.3141,-85.4071
906,22.026,-74.2122,-80.4602,-82.7209,-83.8267,-84.4288,-84.7905,-85.0272,-85.1926,-85.3142,-85.4072
907,21.9354,-74.2104,-80.4611,-82.7216,-83.8272,-84.4291,-84.7908,-85.0274,-85.1928,-85.3144,-85.4073
908,21.8439,-74.2086,-80.462,-82.7223,-83.8277,-84.4295,-84.791,-85.0276,-85.193,-85.3146,-85.4075
909,21.7517,-74.2067,-80.4629,-82.723,-83.8282,-84.4298,-84.7913,-85.0278,-85.1931,-85.3147,-85.4076
910,21.6586,-74.2049,-80.4638,-82.7237,-83.8287,-84.4302,-84.7916,-85.028,-85.1933,-85.3149,-85.4077
911,21.5648,-74.2031,-80.4647,-82.7244,-83.8292,-84.4305,-84.7918,-85.0282,-85.1935,-85.315,-85.4078
912,21.47,-74.2014,-80.4656,-82.7251,-83.8297,-84.4309,-84.7921,-85.0284,-85.1937,-85.3152,-85.408
913,21.3745,-74.1996,-80.4665,-82.7258,-83.8301,-84.4312,-84.7924,-85.0286,-85.1939,-85.3153,-85.4081
914,21.2781,-74.1978,-80.4674,-82.7265,-83.8306,-84.4316,-84.7926,-85.0289,-85.194,-85.3155,-85.4082
915,21.1809,-74.1961,-80.4682,-82.7272,-83.8311,-84.4319,-84.7929,-85.0291,-85.1942,-85.3156,-85.4084
916,21.0828,-74.1944,-80.4691,-82.7279,-83.8316,-84.4323,-84.7931,-85.0293,-85.1944,-85.3157,-85.4085
917,20.9838,-74.1926,-80.47,-82.7286,-83.8321,-84.4326,-84.7934,-85.0295,-85.1945,-85.3159,-85.4086
918,20.884,-74.1909,-80.4709,-82.7292,-83.8325,-84.433,-84.7937,-85.0297,-85.1947,-85.316,-85.4087
919,20.7833,-74.1892,-80.4718,-82.7299,-83.833,-84.4333,-84.7939,-85.0299,-85.1949,-85.3162,-85.4089
920,20.6817,-74.1876,-80.4726,-82.7306,-83.8335,-84.4336,-84.7942,-85.0301,-85.1951,-85.3163,-85.409
921,20.5792,-74.1859,-80.4735,-82.7313,-83.8339,-84.434,-84.7944,-85.0303,-85.1952,-85.3165,-85.4091
922,20.4758,-74.1842,-80.4743,-82.7319,-83.8344,-84.4343,-84.7947,-85.0305,-85.1954,-85.3166,-85.4092
923,20.3715,-74.1826,-80.4752,-82.7326,-83.8349,-84.4346,-84.7949,-85.0307,-85.1956,-85.3168,-85.4094
924,20.2663,-74.181,-80.4761,-82.7332,-83.8353,-84.435,-84.7952,-85.0309,-85.1957,-85.3169,-85.4095
925,20.1601,-74.1794,-80.4769,-82.7339,-83.8358,-84.4353,-84.7954,-85.0311,-85.1959,-85.317,-85.4096
926,20.053,-74.1778,-80.4778,-82.7345,-83.8362,-84.4356,-84.7957,-85.0313,-85.1961,-85.3172,-85.4097
927,19.945,-74.1762,-80.4786,-82.7352,-83.8367,-84.436,-84.7959,-85.0315,-85.1962,-85.3173,-85.4099
928,19.836,-74.1746,-80.4794,-82.7358,-83.8371,-84.4363,-84.7962,-85.0317,-85.1964,-85.3175,-85.41
929,19.726,-74.173,-80.4803,-82.7365,-83.8376,-84.4366,-84.7964,-85.0319,-85.1965,-85.3176,-85.4101
930,19.6151,-74.1715,-80.4811,-82.7371,-83.838,-84.4369,-84.7967,-85.0321,-85.1967,-85.3177,-85.4102
931,19.5032,-74.1699,-80.4819,-82.7378,-83.8385,-84.4372,-84.7969,-85.0323,-85.1969,-85.3179,-85.4103
932,19.3902,-74.1684,-80.4828,-82.7384,-83.8389,-84.4376,-84.7972,-85.0325,-85.197,-85.318,-85.4105
933,19.2763,-74.1669,-80.4836,-82.739,-83.8394,-84.4379,-84.7974,-85.0327,-85.1972,-85.3181,-85.4106
934,19.1613,-74.1654,-80.4844,-82.7396,-83.8398,-84.4382,-84.7976,-85.0329,-85.1973,-85.3183,-85.4107
935,19.0453,-74.1639,-80.4852,-82.7403,-83.8402,-84.4385,-84.7979,-85.0331,-85.1975,-85.3184,-85.4108
936,18.9282,-74.1624,-80.4861,-82.7409,-83.8407,-84.4388,-84.7981,-85.0332,-85.1977,-85.3186,-85.4109
937,18.8101,-74.1609,-80.4869,-82.7415,-83.8411,-84.4391,-84.7984,-85.0334,-85.1978,-85.3187,-85.4111
938,18.6909,-74.1594,-80.4877,-82.7421,-83.8415,-84.4394,-84.7986,-85.0336,-85.198,-85.3188,-85.4112
939,18.5706,-74.158,-80.4885,-82.7427,-83.842,-84.4398,-84.7988,-85.0338,-85.1981,-85.319,-85.4113
940,18.4492,-74.1565,-80.4893,-82.7434,-83.8424,-84.4401,-84.7991,-85.034,-85.1983,-85.3191,-85.4114
941,18.3266,-74.1551,-80.4901,-82.744,-83.8428,-84.4404,-84.7993,-85.0342,-85.1984,-85.3192,-85.4115
942,18.203,-74.1537,-80.4909,-82.7446,-83.8432,-84.4407,-84.7995,-85.0344,-85.1986,-85.3193,-85.4116
943,18.0781,-74.1523,-80.4917,-82.7452,-83.8437,-84.441,-84.7998,-85.0346,-85.1988,-85.3195,-85.4117
944,17.9521,-74.1509,-80.4925,-82.7458,-83.8441,-84.4413,-84.8,-85.0347,-85.1989,-85.3196,-85.4119
945,17.8249,-74.1495,-80.4933,-82.7464,-83.8445,-84.4416,-84.8002,-85.0349,-85.1991,-85.3197,-85.412
946,17.6965,-74.1481,-80.4941,-82.747,-83.8449,-84.4419,-84.8004,-85.0351,-85.1992,-85.3199,-85.4121
947,17.5668,-74.1468,-80.4948,-82.7476,-83.8453,-84.4422,-84.8007,-85.0353,-85.1994,-85.32,-85.4122
948,17.4359,-74.1454,-80.4956,-82.7481,-83.8457,-84.4425,-84.8009,-85.0355,-85.1995,-85.3201,-85.4123
949,17.3038,-74.1441,-80.4964,-82.7487,-83.8461,-84.4428,-84.8011,-85.0357,-85.1997,-85.3203,-85.4124
950,17.1703,-74.1428,-80.4972,-82.7493,-83.8466,-84.4431,-84.8014,-85.0358,-85.1998,-85.3204,-85.4125
951,17.0355,-74.1414,-80.4979,-82.7499,-83.847,-84.4434,-84.8016,-85.036,-85.2,-85.3205,-85.4126
952,16.8994,-74.1401,-80.4987,-82.7505,-83.8474,-84.4436,-84.8018,-85.0362,-85.2001,-85.3206,-85.4128
953,16.762,-74.1388,-80.4995,-82.7511,-83.8478,-84.4439,-84.802,-85.0364,-85.2003,-85.3208,-85.4129
954,16.6231,-74.1376,-80.5002,-82.7516,-83.8482,-84.4442,-84.8022,-85.0365,-85.2004,-85.3209,-85.413
955,16.4829,-74.1363,-80.501,-82.7522,-83.8486,-84.4445,-84.8025,-85.0367,-85.2005,-85.321,-85.4131
956,16.3412,-74.135,-80.5018,-82.7528,-83.849,-84.4448,-84.8027,-85.0369,-85.2007,-85.3211,-85.4132
957,16.1981,-74.1338,-80.5025,-82.7533,-83.8494,-84.4451,-84.8029,-85.0371,-85.2008,-85.3213,-85.4133
958,16.0534,-74.1325,-80.5033,-82.7539,-83.8498,-84.4454,-84.8031,-85.0372,-85.201,-85.3214,-85.4134
959,15.9073,-74.1313,-80.504,-82.7545,-83.8502,-84.4457,-84.8033,-85.0374,-85.2011,-85.3215,-85.4135
960,15.7596,-74.1301,-80.5048,-82.755,-83.8505,-84.4459,-84.8035,-85.0376,-85.2013,-85.3216,-85.4136
961,15.6104,-74.1289,-80.5055,-82.7556,-83.8509,-84.4462,-84.8038,-85.0378,-85.2014,-85.3217,-85.4137
962,15.4596,-74.1277,-80.5063,-82.7561,-83.8513,-84.4465,-84.804,-85.0379,-85.2016,-85.3219,-85.4138
963,15.3071,-74.1265,-80.507,-82.7567,-83.8517,-84.4468,-84.8042,-85.0381,-85.2017,-85.322,-85.4139
964,15.153,-74.1253,-80.5077,-82.7573,-83.8521,-84.4471,-84.8044,-85.0383,-85.2018,-85.3221,-85.414
965,14.9971,-74.1241,-80.5085,-82.7578,-83.8525,-84.4473,-84.8046,-85.0384,-85.202,-85.3222,-85.4141
966,14.8396,-74.1229,-80.5092,-82.7584,-83.8529,-84.4476,-84.8048,-85.0386,-85.2021,-85.3224,-85.4143
967,14.6803,-74.1218,-80.5099,-82.7589,-83.8532,-84.4479,-84.805,-85.0388,-85.2023,-85.3225,-85.4144
968,14.5192,-74.1206,-80.5107,-82.7594,-83.8536,-84.4482,-84.8052,-85.0389,-85.2024,-85.3226,-85.4145
969,14.3562,-74.1195,-80.5114,-82.76,-83.854,-84.4484,-84.8055,-85.0391,-85.2025,-85.3227,-85.4146
970,14.1914,-74.1184,-80.5121,-82.7605,-83.8544,-84.4487,-84.8057,-85.0393,-85.2027,-85.3228,-85.4147
971,14.0246,-74.1173,-80.5128,-82.7611,-83.8547,-84.449,-84.8059,-85.0394,-85.2028,-85.3229,-85.4148
972,13.8559,-74.1162,-80.5135,-82.7616,-83.8551,-84.4492,-84.8061,-85.0396,-85.2029,-85.3231,-85.4149
973,13.6852,-74.1151,-80.5142,-82.7621,-83.8555,-84.4495,-84.8063,-85.0398,-85.2031,-85.3232,-85.415
974,13.5125,-74.114,-80.515,-82.7626,-83.8559,-84.4498,-84.8065,-85.0399,-85.2032,-85.3233,-85.4151
975,13.3377,-74.1129,-80.5157,-82.7632,-83.8562,-84.45,-84.8067,-85.0401,-85.2034,-85.3234,-85.4152
976,13.1608,-74.1119,-80.5164,-82.7637,-83.8566,-84.4503,-84.8069,-85.0403,-85.2035,-85.3235,-85.4153
977,12.9816,-74.1108,-80.5171,-82.7642,-83.857,-84.4506,-84.8071,-85.0404,-85.2036,-85.3236,-85.4154
978,12.8003,-74.1098,-80.5178,-82.7647,-83.8573,-84.4508,-84.8073,-85.0406,-85.2038,-85.3238,-85.4155
979,12.6167,-74.1087,-80.5185,-82.7653,-83.8577,-84.4511,-84.8075,-85.0407,-85.2039,-85.3239,-85.4156
980,12.4308,-74.1077,-80.5192,-82.7658,-83.8581,-84.4514,-84.8077,-85.0409,-85.204,-85.324,-85.4157
981,12.2424,-74.1067,-80.5199,-82.7663,-83.8584,-84.4516,-84.8079,-85.0411,-85.2042,-85.3241,-85.4158
982,12.0517,-74.1057,-80.5206,-82.7668,-83.8588,-84.4519,-84.8081,-85.0412,-85.2043,-85.3242,-85.4159
983,11.8585,-74.1047,-80.5213,-82.7673,-83.8591,-84.4521,-84.8083,-85.0414,-85.2044,-85.3243,-85.416
984,11.6627,-74.1037,-80.5219,-82.7678,-83.8595,-84.4524,-84.8085,-85.0415,-85.2046,-85.3244,-85.4161
985,11.4643,-74.1027,-80.5226,-82.7683,-83.8598,-84.4527,-84.8087,-85.0417,-85.2047,-85.3245,-85.4162
986,11.2633,-74.1017,-80.5233,-82.7688,-83.8602,-84.4529,-84.8089,-85.0419,-85.2048,-85.3247,-85.4163
987,11.0595,-74.1008,-80.524,-82.7693,-83.8605,-84.4532,-84.8091,-85.042,-85.2049,-85.3248,-85.4164
988,10.8529,-74.0998,-80.5247,-82.7698,-83.8609,-84.4534,-84.8093,-85.0422,-85.2051,-85.3249,-85.4165
989,10.6435,-74.0989,-80.5253,-82.7703,-83.8612,-84.4537,-84.8095,-85.0423,-85.2052,-85.325,-85.4166
990,10.4312,-74.0979,-80.526,-82.7708,-83.8616,-84.4539,-84.8097,-85.0425,-85.2053,-85.3251,-85.4167
