0,-86.8522,-86.6359,-86.4317,-86.2083,-86.0103,-86.0128,-85.907,-85.7717,-85.6434,-85.5249,-85.4166
1,-86.8522,-86.6359,-86.4317,-86.2083,-86.0103,-86.0129,-85.907,-85.7718,-85.6435,-85.525,-85.4167
2,-86.8522,-86.636,-86.4318,-86.2084,-86.0104,-86.013,-85.9071,-85.7719,-85.6436,-85.5251,-85.4168
3,-86.8522,-86.636,-86.4318,-86.2084,-86.0105,-86.013,-85.9072,-85.772,-85.6437,-85.5252,-85.4169
4,-86.8522,-86.636,-86.4318,-86.2085,-86.0105,-86.0131,-85.9072,-85.772,-85.6437,-85.5253,-85.417
5,-86.8522,-86.636,-86.4319,-86.2085,-86.0106,-86.0131,-85.9073,-85.7721,-85.6438,-85.5254,-85.4171
6,-86.8522,-86.6361,-86.4319,-86.2086,-86.0106,-86.0132,-85.9074,-85.7722,-85.6439,-85.5254,-85.4172
7,-86.8522,-86.6361,-86.4319,-86.2086,-86.0107,-86.0133,-85.9074,-85.7723,-85.644,-85.5255,-85.4173
8,-86.8522,-86.6361,-86.432,-86.2087,-86.0107,-86.0133,-85.9075,-85.7723,-85.6441,-85.5256,-85.4174
9,-86.8522,-86.6362,-86.432,-86.2087,-86.0108,-86.0134,-85.9076,-85.7724,-85.6442,-85.5257,-85.4175
10,-86.8521,-86.6361,-86.4319,-86.2086,-86.0106,-86.0133,-85.9074,-85.7723,-85.644,-85.5256,-85.4173
11,33.8352,32.4622,30.7153,29.0827,27.8497,27.6366,26.7992,25.8992,25.0455,24.242,23.4781
12,34.9035,34.343,33.6755,33.051,32.6458,32.9216,32.8184,32.6718,32.5651,32.5009,32.4762
13,19.2025,19.7479,20.2407,20.7576,21.3669,22.2329,22.9196,23.5696,24.2139,24.8511,25.4768
14,9.03031,10.7754,12.3873,13.9139,15.3831,16.8484,18.1575,19.365,20.4798,21.4978,22.3994
15,2.48064,5.50534,8.21133,10.6522,12.8553,14.8492,16.5887,18.096,19.318,19.9868,20.0083
16,-1.99556,2.35941,6.12234,9.3756,12.1628,14.5378,16.4769,17.8336,18.1328,17.9285,17.6868
17,-5.22035,0.495381,5.26771,9.19983,12.3852,14.956,16.7763,17.1282,16.8165,16.5977,16.4901
18,-7.65042,-0.552973,5.17085,9.62017,13.0071,15.5929,16.8169,16.3005,15.9973,15.9272,15.9891
19,-9.55699,-1.05972,5.5389,10.3334,13.7455,16.2018,16.4386,15.7231,15.575,15.6768,15.8959
20,-11.1085,-1.19481,6.17829,11.1562,14.4598,16.6869,15.9886,15.3907,15.4291,15.6921,16.0448
21,-12.413,-1.06914,6.95653,11.9814,15.0956,17.032,15.6354,15.2519,15.4706,15.8733,16.3347
22,-13.5411,-0.758758,7.78299,12.753,15.6463,17.2554,15.4084,15.2568,15.6359,16.1549,16.703
23,-14.5406,-0.3184,8.59823,13.4472,16.1268,17.3853,15.2975,15.3644,15.8802,16.4942,17.1114
24,-15.4439,0.210805,9.36651,14.0603,16.5564,17.448,15.2824,15.5426,16.1727,16.8642,17.5372
25,-16.2738,0.79682,10.0696,14.5994,16.9516,17.4641,15.3417,15.7679,16.493,17.2484,17.9677
26,-17.0463,1.41421,10.7013,15.076,17.3236,17.4491,15.457,16.0236,16.8279,17.6369,18.3959
27,-17.7732,2.04277,11.2633,15.5019,17.6789,17.4143,15.6136,16.2984,17.1693,18.0242,18.8182
28,-18.4632,2.66668,11.7612,15.8878,18.021,17.3687,15.8011,16.585,17.5121,18.4071,19.2327
29,-19.1229,3.27378,12.2027,16.2423,18.3512,17.3201,16.0123,16.879,17.8538,18.7841,19.6383
30,-19.7573,3.85514,12.5958,16.5715,18.6697,17.2754,16.2432,17.1789,18.1934,19.1543,20.0344
31,-20.3707,4.40455,12.948,16.8799,18.9759,17.2405,16.4905,17.4844,18.5313,19.518,20.4209
32,-20.9662,4.9181,13.2657,17.17,19.2689,17.2195,16.7491,17.7955,18.8689,19.8764,20.7983
33,-21.5467,5.39378,13.5542,17.4436,19.5476,17.2154,17.0118,18.1088,19.2073,20.2312,21.1679
34,-22.1144,5.83106,13.8179,17.7016,19.8109,17.2301,17.2726,18.4183,19.5445,20.5841,21.5318
35,-22.6716,6.23053,14.0599,17.9445,20.0578,17.2654,17.5276,18.7185,19.8745,20.9329,21.8913
36,-23.2199,6.59357,14.283,18.1722,20.2874,17.3209,17.7745,19.0062,20.191,21.2714,22.244
37,-23.7611,6.92205,14.4889,18.3847,20.4993,17.3925,18.012,19.2797,20.4905,21.5927,22.5827
38,-24.2966,7.21817,14.6793,18.5818,20.6929,17.4745,18.239,19.5382,20.7711,21.8927,22.9
39,-24.8279,7.48424,14.8551,18.7636,20.8681,17.5617,18.4549,19.7812,21.0325,22.1699,23.1922
40,-25.3563,7.72258,15.0171,18.9299,21.0249,17.651,18.6592,20.0087,21.2745,22.4241,23.4581
41,-25.883,7.93543,15.1661,19.0808,21.1635,17.7402,18.8517,20.2205,21.4975,22.6558,23.6981
42,-26.4093,8.12491,15.3025,19.2164,21.2844,17.8277,19.0321,20.417,21.7019,22.8659,23.9134
43,-26.9362,8.29296,15.4268,19.337,21.3882,17.9125,19.2006,20.5982,21.8883,23.0552,24.1053
44,-27.4649,8.44139,15.5393,19.4429,21.4754,17.9937,19.3571,20.7646,22.0574,23.2249,24.2754
45,-27.9964,8.57181,15.6405,19.5346,21.5469,18.0708,19.5018,20.9167,22.21,23.3762,24.4252
46,-28.5319,8.68568,15.7306,19.6124,21.6036,18.1434,19.6351,21.055,22.347,23.5102,24.5562
47,-29.0722,8.78426,15.8099,19.6771,21.6464,18.2112,19.7572,21.1801,22.4692,23.6281,24.67
48,-29.6185,8.86875,15.8789,19.7292,21.6761,18.274,19.8686,21.2926,22.5776,23.7312,24.7681
49,-30.1719,8.94016,15.9379,19.7693,21.6937,18.3319,19.9696,21.3933,22.6731,23.8206,24.8519
50,-30.7332,8.99942,15.9872,19.798,21.7002,18.3847,20.0607,21.4828,22.7566,23.8975,24.9228
51,-31.3037,9.04735,16.0272,19.8161,21.6964,18.4326,20.1424,21.5617,22.829,23.9629,24.9819
52,-31.8844,9.08468,16.0582,19.8243,21.6833,18.4757,20.2152,21.6309,22.8911,24.0179,25.0304
53,-32.4764,9.11206,16.0807,19.8231,21.6616,18.514,20.2795,21.691,22.9439,24.0634,25.0695
54,-33.081,9.13009,16.0949,19.8133,21.6322,18.5477,20.336,21.7426,22.9881,24.1003,25.1001
55,-33.6992,9.13929,16.1012,19.7954,21.5957,18.5769,20.385,21.7864,23.0244,24.1295,25.1231
56,-34.3325,9.14013,16.1,19.7701,21.553,18.6019,20.427,21.8229,23.0536,24.1518,25.1394
57,-34.9822,9.13303,16.0917,19.738,21.5045,18.6229,20.4625,21.8528,23.0763,24.1677,25.1496
58,-35.6498,9.11838,16.0765,19.6994,21.4509,18.6399,20.492,21.8765,23.0931,24.1781,25.1545
59,-36.3369,9.09654,16.0549,19.6551,21.3928,18.6531,20.5157,21.8946,23.1045,24.1833,25.1545
60,-37.0452,9.06782,16.0271,19.6054,21.3305,18.6628,20.5342,21.9076,23.111,24.1841,25.1503
61,-37.7766,9.0325,15.9935,19.5508,21.2647,18.6691,20.5478,21.9157,23.1131,24.1807,25.1423
62,-38.5331,8.99086,15.9543,19.4916,21.1955,18.6721,20.5568,21.9196,23.1111,24.1736,25.1308
63,-39.3169,8.94312,15.9099,19.4284,21.1234,18.6721,20.5616,21.9194,23.1055,24.1632,25.1163
64,-40.1307,8.88951,15.8605,19.3613,21.0488,18.6691,20.5625,21.9155,23.0966,24.1498,25.0991
65,-40.9771,8.83023,15.8063,19.2907,20.9719,18.6633,20.5596,21.9082,23.0846,24.1337,25.0794
66,-41.8591,8.76546,15.7477,19.217,20.8929,18.6548,20.5534,21.8978,23.0699,24.1151,25.0574
67,-42.7801,8.69536,15.6848,19.1403,20.812,18.6438,20.5439,21.8845,23.0526,24.0942,25.0334
68,-43.7438,8.62009,15.6178,19.0609,20.7295,18.6303,20.5315,21.8685,23.033,24.0713,25.0076
69,-44.7545,8.53978,15.5469,18.9789,20.6456,18.6145,20.5162,21.8501,23.0112,24.0465,24.9801
70,-45.8166,8.45456,15.4724,18.8947,20.5603,18.5964,20.4984,21.8293,22.9874,24.0199,24.951
71,-46.9351,8.36455,15.3943,18.8084,20.4739,18.5761,20.4781,21.8064,22.9617,23.9917,24.9204
72,-48.1156,8.26984,15.3129,18.72,20.3864,18.5538,20.4554,21.7814,22.9343,23.962,24.8885
73,-49.3638,8.17054,15.2283,18.6298,20.2978,18.5294,20.4306,21.7546,22.9053,23.9309,24.8553
74,-50.6857,8.06672,15.1405,18.5379,20.2084,18.5031,20.4037,21.726,22.8747,23.8984,24.8209
75,-52.0875,7.95847,15.0498,18.4443,20.1182,18.475,20.3748,21.6956,22.8427,23.8646,24.7853
76,-53.5746,7.84585,14.9563,18.3493,20.0272,18.445,20.3441,21.6637,22.8093,23.8296,24.7487
77,-55.1515,7.72893,14.86,18.2527,19.9354,18.4132,20.3115,21.6302,22.7745,23.7934,24.7109
78,-56.8206,7.60775,14.761,18.1548,19.843,18.3797,20.2773,21.5953,22.7385,23.7562,24.6722
79,-58.5809,7.48236,14.6595,18.0555,19.7499,18.3445,20.2414,21.5589,22.7013,23.7178,24.6324
80,-60.4262,7.3528,14.5554,17.955,19.6562,18.3076,20.2039,21.5212,22.6629,23.6783,24.5916
81,-62.3438,7.21912,14.4489,17.8532,19.5618,18.2691,20.1648,21.4822,22.6233,23.6378,24.5499
82,-64.3134,7.08133,14.3401,17.7503,19.4669,18.2291,20.1243,21.4418,22.5826,23.5963,24.5072
83,-66.3069,6.93945,14.2288,17.6462,19.3714,18.1875,20.0824,21.4003,22.5408,23.5538,24.4636
84,-68.2902,6.79352,14.1153,17.5409,19.2752,18.1443,20.039,21.3575,22.4979,23.5103,24.4191
85,-70.2265,6.64354,13.9995,17.4346,19.1785,18.0997,19.9943,21.3135,22.454,23.4658,24.3736
86,-72.0807,6.48952,13.8816,17.3271,19.0812,18.0535,19.9482,21.2684,22.409,23.4204,24.3273
87,-73.8235,6.33146,13.7614,17.2186,18.9833,18.0059,19.9008,21.2221,22.3629,23.374,24.28
88,-75.4336,6.16936,13.639,17.1089,18.8848,17.9568,19.8522,21.1746,22.3159,23.3266,24.2318
89,-76.8992,6.00323,13.5145,16.9982,18.7856,17.9062,19.8022,21.1261,22.2678,23.2783,24.1827
90,-78.2172,5.83304,13.3878,16.8864,18.6858,17.8543,19.751,21.0764,22.2187,23.2291,24.1327
91,-79.3911,5.6588,13.259,16.7735,18.5854,17.8008,19.6985,21.0256,22.1686,23.1789,24.0818
92,-80.4296,5.48048,13.1281,16.6595,18.4843,17.746,19.6449,20.9738,22.1175,23.1277,24.03
93,-81.3439,5.29807,12.995,16.5444,18.3825,17.6898,19.59,20.9208,22.0654,23.0757,23.9773
94,-82.1462,5.11154,12.8598,16.4282,18.2801,17.6322,19.5339,20.8668,22.0123,23.0226,23.9237
95,-82.8488,4.92086,12.7224,16.3109,18.1769,17.5731,19.4766,20.8117,21.9583,22.9687,23.8692
96,-83.4627,4.72602,12.5829,16.1924,18.0729,17.5127,19.4181,20.7556,21.9032,22.9138,23.8138
97,-83.9977,4.52698,12.4412,16.0728,17.9682,17.4509,19.3585,20.6984,21.8471,22.858,23.7575
98,-84.4622,4.3237,12.2973,15.9519,17.8627,17.3877,19.2977,20.6401,21.7901,22.8012,23.7003
99,-84.8636,4.11616,12.1512,15.8299,17.7565,17.3231,19.2357,20.5808,21.7321,22.7435,23.6422
100,-85.2082,3.9043,12.0029,15.7067,17.6493,17.2572,19.1725,20.5204,21.6731,22.6849,23.5832
101,-85.502,3.68809,11.8523,15.5822,17.5414,17.1898,19.1081,20.4589,21.6131,22.6253,23.5233
102,-85.7502,3.46749,11.6994,15.4564,17.4325,17.1211,19.0426,20.3964,21.5521,22.5648,23.4625
103,-85.9581,3.24244,11.5442,15.3293,17.3228,17.051,18.976,20.3329,21.4901,22.5033,23.4007
104,-86.1306,3.01291,11.3867,15.2009,17.2121,16.9794,18.9081,20.2683,21.4272,22.4409,23.3381
105,-86.2726,2.77883,11.2267,15.0712,17.1005,16.9065,18.8391,20.2026,21.3633,22.3776,23.2746
106,-86.3885,2.54015,11.0644,14.94,16.9879,16.8322,18.7689,20.1359,21.2983,22.3134,23.2102
107,-86.4823,2.29683,10.8995,14.8075,16.8743,16.7565,18.6976,20.0681,21.2324,22.2482,23.1448
108,-86.5579,2.0488,10.7322,14.6735,16.7596,16.6794,18.6251,19.9992,21.1655,22.182,23.0786
109,-86.6184,1.796,10.5623,14.538,16.6439,16.6008,18.5514,19.9293,21.0977,22.115,23.0115
110,-86.6665,1.53837,10.3898,14.401,16.5272,16.5209,18.4765,19.8584,21.0288,22.0469,22.9435
111,-86.7048,1.27585,10.2147,14.2625,16.4093,16.4395,18.4005,19.7863,20.9589,21.978,22.8746
112,-86.735,1.00837,10.0368,14.1224,16.2903,16.3567,18.3232,19.7132,20.8881,21.9081,22.8048
113,-86.7589,0.735851,9.85621,13.9806,16.1701,16.2724,18.2448,19.6391,20.8162,21.8373,22.734
114,-86.7777,0.458235,9.67279,13.8373,16.0487,16.1867,18.1652,19.5638,20.7434,21.7655,22.6624
115,-86.7925,0.175441,9.48649,13.6922,15.9261,16.0995,18.0844,19.4875,20.6696,21.6928,22.59
116,-86.804,-0.112609,9.29727,13.5453,15.8023,16.0109,18.0023,19.4101,20.5947,21.6192,22.5166
117,-86.8131,-0.405996,9.10505,13.3967,15.6771,15.9208,17.9191,19.3316,20.5189,21.5446,22.4423
118,-86.8202,-0.704804,8.90978,13.2463,15.5507,15.8292,17.8346,19.252,20.442,21.4691,22.3671
119,-86.8258,-1.00912,8.71137,13.0939,15.4229,15.736,17.7489,19.1713,20.3642,21.3926,22.291
120,-86.8301,-1.31905,8.50978,12.9397,15.2937,15.6414,17.662,19.0896,20.2853,21.3152,22.2141
121,-86.8335,-1.63467,8.30491,12.7835,15.1631,15.5452,17.5738,19.0067,20.2055,21.2369,22.1362
122,-86.8361,-1.9561,8.09671,12.6254,15.0311,15.4475,17.4844,18.9227,20.1246,21.1576,22.0575
123,-86.8382,-2.28344,7.88509,12.4651,14.8976,15.3482,17.3937,18.8376,20.0427,21.0774,21.9779
124,-86.8397,-2.61681,7.66998,12.3028,14.7625,15.2474,17.3017,18.7514,19.9598,20.9962,21.8973
125,-86.841,-2.95633,7.4513,12.1383,14.626,15.1449,17.2084,18.664,19.8758,20.914,21.8159
126,-86.8419,-3.30212,7.22897,11.9715,14.4878,15.0409,17.1139,18.5755,19.7909,20.8309,21.7336
127,-86.8426,-3.65432,7.00289,11.8026,14.348,14.9352,17.018,18.4859,19.7049,20.7469,21.6504
128,-86.8432,-4.01306,6.773,11.6313,14.2066,14.8279,16.9208,18.3951,19.6178,20.6619,21.5663
129,-86.8436,-4.37851,6.53919,11.4576,14.0635,14.7189,16.8223,18.3031,19.5297,20.5759,21.4813
130,-86.8439,-4.75082,6.30138,11.2814,13.9186,14.6082,16.7225,18.21,19.4406,20.489,21.3954
131,-86.8441,-5.13015,6.05947,11.1028,13.7719,14.4958,16.6213,18.1157,19.3503,20.4011,21.3086
132,-86.8442,-5.51668,5.81338,10.9216,13.6235,14.3817,16.5187,18.0202,19.2591,20.3122,21.2209
133,-86.8443,-5.91059,5.563,10.7378,13.4731,14.2658,16.4147,17.9235,19.1667,20.2223,21.1323
134,-86.8444,-6.31209,5.30824,10.5513,13.3209,14.1481,16.3093,17.8256,19.0733,20.1315,21.0428
135,-86.8444,-6.72137,5.04899,10.3621,13.1667,14.0287,16.2025,17.7265,18.9788,20.0397,20.9523
136,-86.8444,-7.13864,4.78516,10.17,13.0105,13.9074,16.0943,17.6262,18.8832,19.9468,20.861
137,-86.8444,-7.56414,4.51664,9.975,12.8522,13.7843,15.9846,17.5246,18.7865,19.853,20.7687
138,-86.8444,-7.99809,4.24332,9.77703,12.6919,13.6593,15.8734,17.4217,18.6887,19.7582,20.6755
139,-86.8444,-8.44074,3.9651,9.57602,12.5294,13.5323,15.7607,17.3176,18.5898,19.6624,20.5814
140,-86.8444,-8.89233,3.68187,9.37187,12.3647,13.4035,15.6465,17.2122,18.4897,19.5655,20.4863
141,-86.8443,-9.35313,3.39352,9.16452,12.1978,13.2726,15.5308,17.1055,18.3885,19.4677,20.3904
142,-86.8443,-9.82341,3.09993,8.95388,12.0286,13.1398,15.4136,16.9975,18.2862,19.3688,20.2934
143,-86.8443,-10.3034,2.801,8.73987,11.857,13.0049,15.2947,16.8882,18.1827,19.2688,20.1955
144,-86.8442,-10.7935,2.49659,8.5224,11.683,12.8679,15.1743,16.7775,18.078,19.1678,20.0967
145,-86.8442,-11.2939,2.1866,8.30138,11.5065,12.7289,15.0522,16.6654,17.9721,19.0657,19.9969
146,-86.8441,-11.8049,1.8709,8.07671,11.3275,12.5876,14.9285,16.552,17.8651,18.9626,19.8961
147,-86.8441,-12.3269,1.54937,7.84832,11.1458,12.4443,14.8031,16.4372,17.7568,18.8584,19.7944
148,-86.844,-12.86,1.22188,7.61609,10.9615,12.2986,14.676,16.321,17.6473,18.7531,19.6917
149,-86.844,-13.4047,0.888305,7.37994,10.7745,12.1507,14.5472,16.2033,17.5366,18.6467,19.5879
150,-86.844,-13.9613,0.548505,7.13977,10.5847,12.0005,14.4166,16.0842,17.4246,18.5392,19.4832
151,-86.8439,-14.53,0.202343,6.89546,10.392,11.848,14.2842,15.9635,17.3113,18.4306,19.3775
152,-86.8439,-15.1112,-0.150325,6.64692,10.1964,11.693,14.1501,15.8414,17.1967,18.3209,19.2707
153,-86.8438,-15.7052,-0.509648,6.39403,9.99773,11.5356,14.014,15.7178,17.0809,18.2099,19.1629
154,-86.8438,-16.3123,-0.875785,6.1367,9.79599,11.3758,13.8761,15.5926,16.9637,18.0979,19.0541
155,-86.8438,-16.9329,-1.2489,5.8748,9.59107,11.2133,13.7363,15.4659,16.8452,17.9846,18.9442
156,-86.8437,-17.5672,-1.62916,5.60822,9.38291,11.0483,13.5945,15.3375,16.7253,17.8702,18.8333
157,-86.8437,-18.2157,-2.01677,5.33685,9.17141,10.8806,13.4507,15.2076,16.6041,17.7546,18.7212
158,-86.8437,-18.8785,-2.4119,5.06056,8.9565,10.7102,13.3049,15.076,16.4814,17.6377,18.6081
159,-86.8437,-19.5562,-2.81477,4.77923,8.73807,10.5371,13.1571,14.9427,16.3573,17.5196,18.4939
160,-86.8436,-20.2489,-3.22561,4.49275,8.51605,10.3611,13.0071,14.8077,16.2318,17.4002,18.3786
161,-86.8436,-20.9573,-3.64464,4.20099,8.29033,10.1823,12.855,14.671,16.1048,17.2796,18.2621
162,-86.8436,-21.6815,-4.07213,3.90381,8.06083,10.0005,12.7007,14.5325,15.9764,17.1577,18.1445
163,-86.8436,-22.4221,-4.50835,3.6011,7.82744,9.81569,12.5442,14.3922,15.8464,17.0345,18.0257
164,-86.8436,-23.1796,-4.95357,3.29271,7.59006,9.6278,12.3854,14.2501,15.7149,16.9099,17.9058
165,-86.8436,-23.9544,-5.40813,2.97852,7.3486,9.43678,12.2242,14.1061,15.5818,16.784,17.7847
166,-86.8435,-24.7471,-5.87233,2.65838,7.10294,9.24253,12.0607,13.9602,15.4471,16.6567,17.6623
167,-86.8435,-25.5584,-6.34654,2.33217,6.85299,9.04499,11.8948,13.8123,15.3108,16.528,17.5387
168,-86.8435,-26.389,-6.83114,1.99973,6.59861,8.84409,11.7264,13.6625,15.1729,16.398,17.4139
169,-86.8435,-27.2397,-7.3265,1.66093,6.33972,8.63974,11.5555,13.5107,15.0333,16.2664,17.2878
170,-86.8435,-28.1114,-7.83305,1.31561,6.07618,8.43187,11.382,13.3568,14.892,16.1334,17.1604
171,-86.8435,-29.0051,-8.35123,0.96362,5.80787,8.2204,11.2058,13.2009,14.7489,15.999,17.0318
172,-86.8435,-29.9221,-8.88149,0.604805,5.53469,8.00523,11.027,13.0428,14.6041,15.863,16.9017
173,-86.8435,-30.8636,-9.42432,0.239,5.2565,7.78629,10.8454,12.8825,14.4575,15.7254,16.7704
174,-86.8435,-31.8313,-9.98021,-0.133968,4.97318,7.56348,10.6609,12.72,14.309,15.5863,16.6377
175,-86.8435,-32.8268,-10.5497,-0.514278,4.68461,7.33671,10.4736,12.5552,14.1586,15.4456,16.5035
176,-86.8435,-33.8523,-11.1332,-0.902122,4.39064,7.10589,10.2833,12.388,14.0064,15.3033,16.368
177,-86.8435,-34.9099,-11.7314,-1.2977,4.09116,6.87092,10.09,12.2185,13.8521,15.1593,16.231
178,-86.8435,-36.0024,-12.3449,-1.70123,3.78602,6.6317,9.89365,12.0466,13.6959,15.0136,16.0925
179,-86.8435,-37.1328,-12.974,-2.11294,3.47509,6.38814,9.6941,11.8722,13.5377,14.8662,15.9526
180,-86.8435,-38.3045,-13.6195,-2.53308,3.15822,6.14013,9.4913,11.6952,13.3774,14.717,15.8111
181,-86.8435,-39.5216,-14.2819,-2.96191,2.83529,5.88755,9.28518,11.5157,13.2149,14.566,15.668
182,-86.8435,-40.7884,-14.9618,-3.39973,2.50614,5.63032,9.07566,11.3335,13.0503,14.4132,15.5234
183,-86.8435,-42.1102,-15.6597,-3.84684,2.17062,5.36831,8.86266,11.1486,12.8835,14.2586,15.3772
184,-86.8435,-43.4928,-16.3762,-4.30359,1.82859,5.10142,8.6461,10.9609,12.7144,14.102,15.2293
185,-86.8435,-44.9426,-17.1118,-4.77033,1.47989,4.82952,8.42588,10.7703,12.543,13.9435,15.0797
186,-86.8435,-46.4669,-17.8671,-5.24746,1.12437,4.55251,8.20191,10.5769,12.3693,13.7831,14.9284
187,-86.8435,-48.0734,-18.6426,-5.73541,0.761848,4.27027,7.97412,10.3805,12.1931,13.6206,14.7754
188,-86.8435,-49.77,-19.4389,-6.23462,0.392164,3.98267,7.74239,10.181,12.0145,13.456,14.6206
189,-86.8435,-51.5645,-20.2565,-6.74559,0.0151354,3.6896,7.50664,9.97838,11.8333,13.2893,14.464
190,-86.8435,-53.4633,-21.0959,-7.26883,-0.369427,3.39093,7.26676,9.77258,11.6496,13.1205,14.3055
191,-86.8436,-55.4703,-21.9578,-7.8049,-0.761726,3.08654,7.02265,9.56349,11.4632,12.9494,14.1452
192,-86.8436,-57.5842,-22.8427,-8.35438,-1.16197,2.7763,6.77421,9.35104,11.2741,12.7761,13.9829
193,-86.8436,-59.7963,-23.7512,-8.9179,-1.5704,2.46007,6.52133,9.13515,11.0822,12.6005,13.8186
194,-86.8436,-62.0871,-24.6841,-9.49609,-1.98726,2.13773,6.2639,8.91574,10.8875,12.4225,13.6523
195,-86.8436,-64.4248,-25.6421,-10.0897,-2.41282,1.80914,6.00182,8.6927,10.6899,12.2421,13.4839
196,-86.8436,-66.7658,-26.6261,-10.6993,-2.84736,1.47416,5.73496,8.46596,10.4893,12.0592,13.3135
197,-86.8436,-69.0585,-27.6372,-11.3257,-3.29121,1.13264,5.46321,8.23543,10.2857,11.8738,13.1408
198,-86.8436,-71.2506,-28.6765,-11.9696,-3.74472,0.784441,5.18645,8.00099,10.0789,11.6859,12.966
199,-86.8437,-73.2967,-29.7453,-12.6319,-4.20826,0.429399,4.90456,7.76257,9.86898,11.4952,12.7889
200,-86.8437,-75.1642,-30.8454,-13.3132,-4.68224,0.067352,4.61743,7.52005,9.65574,11.3019,12.6095
201,-86.8437,-76.8356,-31.9784,-14.0144,-5.16712,-0.301873,4.32492,7.27333,9.43914,11.1058,12.4278
202,-86.8437,-78.3078,-33.1467,-14.7362,-5.66336,-0.678461,4.02691,7.02231,9.2191,10.9068,12.2436
203,-86.8437,-79.5887,-34.3528,-15.4793,-6.17151,-1.06261,3.72327,6.76688,8.99552,10.705,12.057
204,-86.8437,-80.6933,-35.5997,-16.2446,-6.69213,-1.45453,3.41388,6.50693,8.76832,10.5001,11.8678
205,-86.8438,-81.6402,-36.8908,-17.0327,-7.22581,-1.85445,3.09859,6.24235,8.53741,10.2922,11.6761
206,-86.8438,-82.4486,-38.2303,-17.8444,-7.77322,-2.26262,2.77729,5.97301,8.30268,10.0811,11.4817
207,-86.8438,-83.1365,-39.6229,-18.6803,-8.33505,-2.67931,2.44982,5.69881,8.06405,9.86687,11.2846
208,-86.8438,-83.72,-41.074,-19.5412,-8.91202,-3.10482,2.11606,5.41962,7.82142,9.6493,11.0847
209,-86.8438,-84.213,-42.5898,-20.4276,-9.50492,-3.53948,1.77585,5.13533,7.57468,9.42836,10.8819
210,-86.8439,-84.6275,-44.1775,-21.3401,-10.1146,-3.98363,1.42906,4.8458,7.32372,9.20396,10.6763
211,-86.8439,-84.9739,-45.8449,-22.2795,-10.7418,-4.43767,1.07553,4.55091,7.06845,8.97601,10.4676
212,-86.8439,-85.2615,-47.6004,-23.2463,-11.3875,-4.90201,0.715092,4.25054,6.80875,8.74441,10.2559
213,-86.8439,-85.4984,-49.4528,-24.2413,-12.0525,-5.37713,0.347595,3.94456,6.5445,8.50908,10.041
214,-86.8439,-85.6921,-51.4102,-25.2652,-12.7378,-5.86351,-0.0271418,3.63283,6.27561,8.26992,9.82289
215,-86.844,-85.8493,-53.4791,-26.3187,-13.4444,-6.3617,-0.409305,3.31522,6.00193,8.02683,9.60149
216,-86.844,-85.9762,-55.6623,-27.403,-14.1731,-6.87228,-0.799094,2.9916,5.72337,7.7797,9.3767
217,-86.844,-86.078,-57.9557,-28.519,-14.9248,-7.39589,-1.19673,2.66183,5.43979,7.52845,9.14844
218,-86.844,-86.1592,-60.345,-29.6681,-15.7006,-7.93319,-1.60243,2.32577,5.15108,7.27295,8.91661
219,-86.8441,-86.2238,-62.8024,-30.852,-16.5012,-8.4849,-2.01647,1.98328,4.85711,7.01311,8.68112
220,-86.8441,-86.275,-65.2854,-32.0724,-17.3276,-9.05178,-2.43912,1.63421,4.55775,6.7488,8.44189
221,-86.8441,-86.3156,-67.7391,-33.3316,-18.1805,-9.63463,-2.87068,1.27842,4.25288,6.47993,8.19881
222,-86.8441,-86.3478,-70.1034,-34.6324,-19.0608,-10.2343,-3.31151,0.915731,3.94237,6.20637,7.95179
223,-86.8442,-86.3732,-72.3223,-35.9779,-19.9691,-10.8517,-3.76196,0.545994,3.62607,5.928,7.70072
224,-86.8442,-86.3933,-74.3529,-37.372,-20.9062,-11.4876,-4.22244,0.169032,3.30388,5.64472,7.44551
225,-86.8442,-86.4093,-76.1694,-38.8192,-21.8728,-12.1432,-4.69341,-0.215342,2.97563,5.35638,7.18604
226,-86.8442,-86.4221,-77.7639,-40.3248,-22.8694,-12.8192,-5.17536,-0.607326,2.64121,5.06288,6.9222
227,-86.8442,-86.4322,-79.143,-41.8948,-23.8967,-13.5167,-5.66881,-1.00714,2.30047,4.76409,6.6539
228,-86.8443,-86.4404,-80.323,-43.5363,-24.9555,-14.2366,-6.17437,-1.41501,1.95327,4.45988,6.381
229,-86.8443,-86.447,-81.3251,-45.2569,-26.0464,-14.98,-6.69266,-1.83119,1.59946,4.15012,6.10341
230,-86.8443,-86.4524,-82.1719,-47.0652,-27.1703,-15.7477,-7.22437,-2.25598,1.23889,3.8347,5.821
231,-86.8443,-86.4568,-82.8847,-48.97,-28.3282,-16.5408,-7.77023,-2.68967,0.871404,3.51347,5.53365
232,-86.8444,-86.4605,-83.4826,-50.9796,-29.5214,-17.36,-8.33104,-3.13263,0.496833,3.1863,5.24125
233,-86.8444,-86.4635,-83.9821,-53.1005,-30.7511,-18.2063,-8.90763,-3.58521,0.115001,2.85307,4.94368
234,-86.8444,-86.4662,-84.3974,-55.3351,-32.0193,-19.0804,-9.50091,-4.04786,-0.27428,2.51363,4.6408
235,-86.8445,-86.4684,-84.7407,-57.6793,-33.3281,-19.9832,-10.1118,-4.52104,-0.671214,2.16786,4.3325
236,-86.8445,-86.4703,-85.0226,-60.1176,-34.6801,-20.9153,-10.7413,-5.00525,-1.07602,1.8156,4.01866
237,-86.8445,-86.4721,-85.2526,-62.6209,-36.0785,-21.8773,-11.3904,-5.50106,-1.48895,1.45671,3.69915
238,-86.8445,-86.4736,-85.439,-65.1445,-37.5272,-22.87,-12.0602,-6.00908,-1.91027,1.09105,3.37384
239,-86.8446,-86.475,-85.5892,-67.6312,-39.0307,-23.8939,-12.7518,-6.53,-2.34027,0.718453,3.0426
240,-86.8446,-86.4763,-85.7095,-70.0191,-40.5945,-24.9498,-13.4662,-7.06453,-2.77928,0.33875,2.70531
241,-86.8446,-86.4775,-85.8054,-72.2512,-42.2247,-26.0382,-14.2046,-7.61346,-3.22768,-0.0482363,2.36183
242,-86.8446,-86.4786,-85.8817,-74.2848,-43.9287,-27.16,-14.968,-8.17765,-3.68587,-0.4427,2.01203
243,-86.8447,-86.4797,-85.9422,-76.0955,-45.7142,-28.316,-15.7576,-8.758,-4.1543,-0.844851,1.65577
244,-86.8447,-86.4807,-85.9901,-77.6775,-47.5898,-29.5074,-16.5743,-9.35548,-4.63348,-1.25492,1.29292
245,-86.8447,-86.4817,-86.028,-79.0393,-49.5641,-30.7356,-17.4192,-9.9711,-5.12395,-1.67317,0.923311
246,-86.8447,-86.4827,-86.0581,-80.199,-51.6447,-32.0021,-18.2932,-10.6059,-5.62634,-2.09988,0.546799
247,-86.8448,-86.4836,-86.0819,-81.1793,-53.8363,-33.3089,-19.1971,-11.2611,-6.1413,-2.53536,0.163214
248,-86.8448,-86.4845,-86.1009,-82.0038,-56.1387,-34.6587,-20.1318,-11.9378,-6.66957,-2.97997,-0.227626
249,-86.8448,-86.4854,-86.1161,-82.6947,-58.5428,-36.0544,-21.0979,-12.6371,-7.21195,-3.43412,-0.625917
250,-86.8448,-86.4863,-86.1283,-83.2716,-61.0271,-37.4997,-22.0962,-13.3604,-7.76929,-3.89822,-1.03187
251,-86.8449,-86.4871,-86.1381,-83.7516,-63.5551,-38.999,-23.1273,-14.1087,-8.34253,-4.37279,-1.44574
252,-86.8449,-86.488,-86.1461,-84.1491,-66.0754,-40.5575,-24.1917,-14.8834,-8.93264,-4.85836,-1.86778
253,-86.8449,-86.4888,-86.1527,-84.4766,-68.5275,-42.1812,-25.29,-15.6856,-9.5407,-5.35553,-2.29829
254,-86.8449,-86.4896,-86.1582,-84.745,-70.8504,-43.8771,-26.4229,-16.5164,-10.1678,-5.86497,-2.7376
255,-86.845,-86.4905,-86.1628,-84.9637,-72.9932,-45.6529,-27.591,-17.377,-10.8151,-6.38742,-3.1861
256,-86.845,-86.4913,-86.1668,-85.141,-74.9217,-47.5168,-28.7952,-18.2683,-11.4839,-6.92365,-3.6442
257,-86.845,-86.4921,-86.1701,-85.284,-76.6209,-49.4772,-30.0366,-19.1913,-12.1754,-7.47455,-4.11238
258,-86.8451,-86.4929,-86.1731,-85.3988,-78.0925,-51.5413,-31.3164,-20.1468,-12.8909,-8.04105,-4.59114
259,-86.8451,-86.4937,-86.1757,-85.4908,-79.3505,-53.7139,-32.6364,-21.1357,-13.6318,-8.62415,-5.08109
260,-86.8451,-86.4944,-86.1781,-85.5643,-80.4162,-55.995,-33.9986,-22.1584,-14.3992,-9.22494,-5.58286
261,-86.8451,-86.4952,-86.1803,-85.6229,-81.3132,-58.3758,-35.4058,-23.2157,-15.1946,-9.84456,-6.09717
262,-86.8452,-86.496,-86.1822,-85.6697,-82.0651,-60.836,-36.8611,-24.3081,-16.0192,-10.4842,-6.6248
263,-86.8452,-86.4968,-86.1841,-85.7071,-82.6932,-63.3404,-38.3685,-25.436,-16.8743,-11.1452,-7.16659
264,-86.8452,-86.4975,-86.1859,-85.7371,-83.2162,-65.8397,-39.9328,-26.6,-17.7608,-11.8288,-7.72348
265,-86.8452,-86.4983,-86.1876,-85.7612,-83.6502,-68.2747,-41.5596,-27.8007,-18.68,-12.5364,-8.29647
266,-86.8453,-86.499,-86.1892,-85.7806,-84.0088,-70.5859,-43.2553,-29.0389,-19.6327,-13.2693,-8.88663
267,-86.8453,-86.4998,-86.1907,-85.7964,-84.3038,-72.7224,-45.0273,-30.3154,-20.6198,-14.029,-9.49511
268,-86.8453,-86.5005,-86.1923,-85.8093,-84.5454,-74.6493,-46.8834,-31.6315,-21.642,-14.8169,-10.1231
269,-86.8453,-86.5012,-86.1937,-85.8199,-84.7424,-76.3506,-48.8319,-32.9889,-22.6998,-15.6344,-10.772
270,-86.8454,-86.502,-86.1952,-85.8288,-84.9023,-77.8267,-50.8801,-34.3896,-23.7938,-16.4826,-11.443
271,-86.8454,-86.5027,-86.1966,-85.8363,-85.0317,-79.0905,-53.0333,-35.8362,-24.9245,-17.363,-12.1376
272,-86.8454,-86.5034,-86.198,-85.8426,-85.1361,-80.1622,-55.2925,-37.3321,-26.0921,-18.2765,-12.8572
273,-86.8454,-86.5041,-86.1994,-85.8481,-85.2202,-81.0652,-57.6513,-38.8814,-27.2972,-19.2243,-13.6033
274,-86.8455,-86.5048,-86.2008,-85.8529,-85.2878,-81.8227,-60.0922,-40.4887,-28.5404,-20.2073,-14.3772
275,-86.8455,-86.5055,-86.2022,-85.8572,-85.3423,-82.456,-62.5837,-42.1601,-29.8222,-21.2262,-15.1805
276,-86.8455,-86.5062,-86.2035,-85.861,-85.3863,-82.984,-65.08,-43.902,-31.1436,-22.2816,-16.0146
277,-86.8456,-86.5069,-86.2048,-85.8645,-85.4218,-83.423,-67.5244,-45.7218,-32.506,-23.374,-16.8808
278,-86.8456,-86.5076,-86.2062,-85.8677,-85.4506,-83.7867,-69.8572,-47.6273,-33.911,-24.5039,-17.7803
279,-86.8456,-86.5083,-86.2075,-85.8707,-85.4741,-84.0869,-72.0256,-49.6261,-35.3609,-25.6715,-18.7143
280,-86.8456,-86.509,-86.2088,-85.8736,-85.4933,-84.3339,-73.9914,-51.7245,-36.8585,-26.8771,-19.6837
281,-86.8457,-86.5096,-86.2101,-85.8762,-85.5093,-84.5364,-75.7344,-53.9259,-38.4076,-28.121,-20.6894
282,-86.8457,-86.5103,-86.2114,-85.8788,-85.5225,-84.7019,-77.2519,-56.2278,-40.0125,-29.4039,-21.7321
283,-86.8457,-86.511,-86.2127,-85.8813,-85.5337,-84.8367,-78.5541,-58.619,-41.6784,-30.7262,-22.8122
284,-86.8457,-86.5116,-86.2139,-85.8837,-85.5432,-84.9463,-79.6599,-61.0757,-43.4117,-32.089,-23.9301
285,-86.8458,-86.5123,-86.2152,-85.8861,-85.5514,-85.0354,-80.5923,-63.5603,-45.2191,-33.4936,-25.0862
286,-86.8458,-86.5129,-86.2164,-85.8884,-85.5586,-85.1078,-81.3746,-66.0218,-47.1081,-34.942,-26.2805
287,-86.8458,-86.5136,-86.2177,-85.8906,-85.5649,-85.1667,-82.0288,-68.4021,-49.0859,-36.4366,-27.5133
288,-86.8458,-86.5142,-86.2189,-85.8928,-85.5705,-85.2146,-82.5745,-70.6451,-51.1591,-37.9806,-28.7848
289,-86.8459,-86.5149,-86.2202,-85.895,-85.5757,-85.2538,-83.0285,-72.7049,-53.3311,-39.5779,-30.0954
290,-86.8459,-86.5155,-86.2214,-85.8972,-85.5804,-85.286,-83.4053,-74.5524,-55.6008,-41.2334,-31.4456
291,-86.8459,-86.5161,-86.2226,-85.8993,-85.5847,-85.3126,-83.7172,-76.1759,-57.9588,-42.9527,-32.8365
292,-86.8459,-86.5168,-86.2238,-85.9014,-85.5888,-85.3347,-83.9748,-77.5793,-60.3845,-44.7423,-34.2695
293,-86.846,-86.5174,-86.225,-85.9035,-85.5927,-85.3532,-84.1869,-78.7774,-62.8435,-46.609,-35.7464
294,-86.846,-86.518,-86.2262,-85.9055,-85.5964,-85.3688,-84.3612,-79.791,-65.2886,-48.56,-37.27
295,-86.846,-86.5186,-86.2274,-85.9076,-85.5999,-85.3822,-84.5041,-80.6433,-67.6643,-50.6014,-38.8436
296,-86.846,-86.5192,-86.2286,-85.9096,-85.6033,-85.3938,-84.6212,-81.3571,-69.9147,-52.7373,-40.4712
297,-86.8461,-86.5198,-86.2298,-85.9116,-85.6067,-85.4038,-84.7172,-81.9533,-71.9926,-54.9671,-42.158
298,-86.8461,-86.5204,-86.231,-85.9136,-85.6099,-85.4128,-84.7959,-82.4501,-73.8659,-57.2836,-43.9096
299,-86.8461,-86.521,-86.2321,-85.9156,-85.613,-85.4208,-84.8605,-82.8634,-75.5197,-59.6689,-45.7325
300,-86.8461,-86.5216,-86.2333,-85.9176,-85.6161,-85.428,-84.9137,-83.2066,-76.9548,-62.0926,-47.6332
301,-86.8462,-86.5222,-86.2345,-85.9195,-85.6192,-85.4346,-84.9577,-83.491,-78.1834,-64.5115,-49.618
302,-86.8462,-86.5228,-86.2356,-85.9215,-85.6222,-85.4408,-84.9942,-83.7263,-79.225,-66.8732,-51.6915
303,-86.8462,-86.5234,-86.2367,-85.9234,-85.6252,-85.4465,-85.0248,-83.9208,-80.1021,-69.1232,-53.8552
304,-86.8462,-86.524,-86.2379,-85.9253,-85.6281,-85.452,-85.0505,-84.0813,-80.8374,-71.2134,-56.1049
305,-86.8463,-86.5245,-86.239,-85.9272,-85.631,-85.4572,-85.0723,-84.2138,-81.452,-73.1091,-58.4279
306,-86.8463,-86.5251,-86.2401,-85.9291,-85.6338,-85.4621,-85.091,-84.3231,-81.9647,-74.7919,-60.8002
307,-86.8463,-86.5257,-86.2412,-85.931,-85.6366,-85.4669,-85.1072,-84.4135,-82.3918,-76.259,-63.1856
308,-86.8463,-86.5262,-86.2423,-85.9328,-85.6394,-85.4715,-85.1214,-84.4883,-82.7472,-77.5199,-65.5372
309,-86.8463,-86.5268,-86.2434,-85.9347,-85.6422,-85.4761,-85.134,-84.5505,-83.0426,-78.592,-67.803
310,-86.8464,-86.5273,-86.2445,-85.9365,-85.645,-85.4805,-85.1452,-84.6024,-83.2879,-79.4966,-69.9332
311,-86.8464,-86.5279,-86.2456,-85.9383,-85.6477,-85.4848,-85.1554,-84.6459,-83.4916,-80.2562,-71.8879
312,-86.8464,-86.5285,-86.2467,-85.9401,-85.6504,-85.489,-85.1647,-84.6825,-83.6607,-80.8919,-73.642
313,-86.8464,-86.529,-86.2477,-85.9419,-85.6531,-85.4932,-85.1733,-84.7137,-83.8012,-81.4228,-75.1857
314,-86.8465,-86.5295,-86.2488,-85.9437,-85.6557,-85.4973,-85.1814,-84.7404,-83.918,-81.8658,-76.5228
315,-86.8465,-86.5301,-86.2499,-85.9455,-85.6584,-85.5014,-85.189,-84.7635,-84.0154,-82.235,-77.6665
316,-86.8465,-86.5306,-86.2509,-85.9472,-85.661,-85.5054,-85.1962,-84.7836,-84.0967,-82.5428,-78.636
317,-86.8465,-86.5311,-86.252,-85.949,-85.6636,-85.5094,-85.2031,-84.8014,-84.1649,-82.7994,-79.4527
318,-86.8466,-86.5317,-86.253,-85.9507,-85.6662,-85.5133,-85.2097,-84.8172,-84.2224,-83.0133,-80.1378
319,-86.8466,-86.5322,-86.254,-85.9524,-85.6687,-85.5172,-85.2161,-84.8315,-84.2711,-83.1918,-80.7111
320,-86.8466,-86.5327,-86.255,-85.9541,-85.6712,-85.5211,-85.2224,-84.8445,-84.3126,-83.3409,-81.1902
321,-86.8466,-86.5332,-86.2561,-85.9558,-85.6738,-85.5249,-85.2284,-84.8564,-84.3483,-83.4659,-81.5904
322,-86.8466,-86.5338,-86.2571,-85.9575,-85.6763,-85.5287,-85.2344,-84.8675,-84.3792,-83.5707,-81.9247
323,-86.8467,-86.5343,-86.2581,-85.9592,-85.6787,-85.5325,-85.2402,-84.8779,-84.4062,-83.6591,-82.2042
324,-86.8467,-86.5348,-86.2591,-85.9608,-85.6812,-85.5362,-85.246,-84.8877,-84.43,-83.7339,-82.438
325,-86.8467,-86.5353,-86.2601,-85.9625,-85.6836,-85.5399,-85.2516,-84.8971,-84.4513,-83.7976,-82.634
326,-86.8467,-86.5358,-86.2611,-85.9641,-85.686,-85.5436,-85.2572,-84.906,-84.4704,-83.852,-82.7985
327,-86.8468,-86.5363,-86.262,-85.9657,-85.6884,-85.5472,-85.2627,-84.9147,-84.4878,-83.899,-82.9371
328,-86.8468,-86.5368,-86.263,-85.9673,-85.6908,-85.5508,-85.2681,-84.923,-84.5038,-83.9398,-83.0541
329,-86.8468,-86.5373,-86.264,-85.9689,-85.6932,-85.5544,-85.2735,-84.9311,-84.5186,-83.9754,-83.1534
330,-86.8468,-86.5378,-86.265,-85.9705,-85.6955,-85.558,-85.2788,-84.939,-84.5325,-84.007,-83.238
331,-86.8468,-86.5383,-86.2659,-85.9721,-85.6978,-85.5615,-85.284,-84.9468,-84.5455,-84.0351,-83.3106
332,-86.8469,-86.5387,-86.2669,-85.9737,-85.7001,-85.565,-85.2892,-84.9543,-84.5579,-84.0604,-83.3732
333,-86.8469,-86.5392,-86.2678,-85.9752,-85.7024,-85.5685,-85.2944,-84.9618,-84.5697,-84.0834,-83.4275
334,-86.8469,-86.5397,-86.2687,-85.9768,-85.7047,-85.5719,-85.2995,-84.9691,-84.5811,-84.1045,-83.4751
335,-86.8469,-86.5402,-86.2697,-85.9783,-85.7069,-85.5754,-85.3046,-84.9764,-84.592,-84.124,-83.5171
336,-86.847,-86.5406,-86.2706,-85.9798,-85.7092,-85.5787,-85.3096,-84.9835,-84.6027,-84.1422,-83.5545
337,-86.847,-86.5411,-86.2715,-85.9813,-85.7114,-85.5821,-85.3146,-84.9905,-84.613,-84.1593,-83.5881
338,-86.847,-86.5416,-86.2724,-85.9828,-85.7136,-85.5855,-85.3195,-84.9975,-84.6231,-84.1755,-83.6185
339,-86.847,-86.5421,-86.2734,-85.9843,-85.7157,-85.5888,-85.3244,-85.0044,-84.633,-84.191,-83.6464
340,-86.847,-86.5425,-86.2743,-85.9858,-85.7179,-85.5921,-85.3292,-85.0112,-84.6427,-84.2058,-83.672
341,-86.8471,-86.543,-86.2752,-85.9873,-85.7201,-85.5953,-85.334,-85.0179,-84.6523,-84.22,-83.6959
342,-86.8471,-86.5434,-86.2761,-85.9887,-85.7222,-85.5986,-85.3388,-85.0246,-84.6617,-84.2339,-83.7183
343,-86.8471,-86.5439,-86.2769,-85.9902,-85.7243,-85.6018,-85.3435,-85.0312,-84.6709,-84.2473,-83.7394
344,-86.8471,-86.5443,-86.2778,-85.9916,-85.7264,-85.6049,-85.3482,-85.0378,-84.68,-84.2604,-83.7595
345,-86.8471,-86.5448,-86.2787,-85.993,-85.7284,-85.6081,-85.3529,-85.0443,-84.6891,-84.2732,-83.7787
346,-86.8472,-86.5452,-86.2796,-85.9944,-85.7305,-85.6112,-85.3575,-85.0507,-84.698,-84.2857,-83.7972
347,-86.8472,-86.5457,-86.2804,-85.9958,-85.7325,-85.6143,-85.3621,-85.0571,-84.7068,-84.298,-83.815
348,-86.8472,-86.5461,-86.2813,-85.9972,-85.7346,-85.6174,-85.3666,-85.0634,-84.7155,-84.3101,-83.8323
349,-86.8472,-86.5466,-86.2822,-85.9986,-85.7366,-85.6205,-85.3711,-85.0696,-84.7241,-84.322,-83.8491
350,-86.8472,-86.547,-86.283,-86,-85.7386,-85.6235,-85.3755,-85.0758,-84.7327,-84.3338,-83.8655
351,-86.8473,-86.5474,-86.2838,-86.0014,-85.7405,-85.6265,-85.38,-85.082,-84.7411,-84.3454,-83.8815
352,-86.8473,-86.5479,-86.2847,-86.0027,-85.7425,-85.6295,-85.3843,-85.0881,-84.7495,-84.3568,-83.8973
353,-86.8473,-86.5483,-86.2855,-86.004,-85.7444,-85.6325,-85.3887,-85.0941,-84.7578,-84.3682,-83.9127
354,-86.8473,-86.5487,-86.2863,-86.0054,-85.7464,-85.6354,-85.393,-85.1001,-84.766,-84.3794,-83.9279
355,-86.8473,-86.5491,-86.2872,-86.0067,-85.7483,-85.6383,-85.3973,-85.106,-84.7742,-84.3904,-83.9429
356,-86.8474,-86.5496,-86.288,-86.008,-85.7502,-85.6412,-85.4015,-85.1119,-84.7822,-84.4014,-83.9577
357,-86.8474,-86.55,-86.2888,-86.0093,-85.7521,-85.644,-85.4057,-85.1177,-84.7902,-84.4122,-83.9723
358,-86.8474,-86.5504,-86.2896,-86.0106,-85.7539,-85.6469,-85.4098,-85.1235,-84.7981,-84.423,-83.9867
359,-86.8474,-86.5508,-86.2904,-86.0119,-85.7558,-85.6497,-85.414,-85.1292,-84.806,-84.4336,-84.0009
360,-86.8474,-86.5512,-86.2912,-86.0132,-85.7576,-85.6525,-85.418,-85.1349,-84.8138,-84.4441,-84.015
361,-86.8475,-86.5516,-86.292,-86.0144,-85.7594,-85.6553,-85.4221,-85.1405,-84.8215,-84.4546,-84.0289
362,-86.8475,-86.552,-86.2928,-86.0157,-85.7612,-85.658,-85.4261,-85.1461,-84.8291,-84.4649,-84.0427
363,-86.8475,-86.5524,-86.2936,-86.0169,-85.763,-85.6607,-85.4301,-85.1516,-84.8367,-84.4751,-84.0564
364,-86.8475,-86.5528,-86.2944,-86.0182,-85.7648,-85.6634,-85.434,-85.1571,-84.8442,-84.4853,-84.0699
365,-86.8475,-86.5532,-86.2951,-86.0194,-85.7666,-85.6661,-85.438,-85.1625,-84.8516,-84.4953,-84.0833
366,-86.8476,-86.5536,-86.2959,-86.0206,-85.7683,-85.6688,-85.4418,-85.1679,-84.859,-84.5053,-84.0965
367,-86.8476,-86.554,-86.2967,-86.0219,-85.77,-85.6714,-85.4457,-85.1732,-84.8662,-84.5151,-84.1096
368,-86.8476,-86.5544,-86.2974,-86.0231,-85.7718,-85.674,-85.4495,-85.1785,-84.8735,-84.5249,-84.1227
369,-86.8476,-86.5548,-86.2982,-86.0242,-85.7735,-85.6766,-85.4533,-85.1837,-84.8806,-84.5346,-84.1355
370,-86.8476,-86.5552,-86.2989,-86.0254,-85.7752,-85.6792,-85.457,-85.1889,-84.8877,-84.5442,-84.1483
371,-86.8477,-86.5556,-86.2997,-86.0266,-85.7768,-85.6817,-85.4607,-85.194,-84.8947,-84.5537,-84.161
372,-86.8477,-86.556,-86.3004,-86.0278,-85.7785,-85.6842,-85.4644,-85.1991,-84.9017,-84.5631,-84.1735
373,-86.8477,-86.5564,-86.3011,-86.0289,-85.7801,-85.6867,-85.468,-85.2042,-84.9086,-84.5724,-84.1859
374,-86.8477,-86.5568,-86.3019,-86.0301,-85.7818,-85.6892,-85.4716,-85.2092,-84.9154,-84.5817,-84.1982
375,-86.8477,-86.5571,-86.3026,-86.0312,-85.7834,-85.6917,-85.4752,-85.2141,-84.9222,-84.5908,-84.2104
376,-86.8477,-86.5575,-86.3033,-86.0324,-85.785,-85.6941,-85.4788,-85.219,-84.9288,-84.5999,-84.2225
377,-86.8478,-86.5579,-86.304,-86.0335,-85.7866,-85.6965,-85.4823,-85.2238,-84.9355,-84.6088,-84.2344
378,-86.8478,-86.5583,-86.3048,-86.0346,-85.7882,-85.6989,-85.4857,-85.2286,-84.942,-84.6177,-84.2463
379,-86.8478,-86.5586,-86.3055,-86.0357,-85.7898,-85.7013,-85.4892,-85.2334,-84.9486,-84.6265,-84.258
380,-86.8478,-86.559,-86.3062,-86.0368,-85.7913,-85.7037,-85.4926,-85.2381,-84.955,-84.6352,-84.2696
381,-86.8478,-86.5594,-86.3069,-86.0379,-85.7929,-85.706,-85.496,-85.2428,-84.9614,-84.6439,-84.2812
382,-86.8479,-86.5597,-86.3076,-86.039,-85.7944,-85.7083,-85.4994,-85.2474,-84.9677,-84.6524,-84.2926
383,-86.8479,-86.5601,-86.3083,-86.0401,-85.7959,-85.7106,-85.5027,-85.252,-84.974,-84.6609,-84.3039
384,-86.8479,-86.5605,-86.3089,-86.0412,-85.7974,-85.7129,-85.506,-85.2565,-84.9801,-84.6693,-84.315
385,-86.8479,-86.5608,-86.3096,-86.0422,-85.7989,-85.7152,-85.5093,-85.261,-84.9863,-84.6776,-84.3261
386,-86.8479,-86.5612,-86.3103,-86.0433,-85.8004,-85.7174,-85.5125,-85.2655,-84.9924,-84.6858,-84.3371
387,-86.8479,-86.5615,-86.311,-86.0443,-85.8019,-85.7196,-85.5157,-85.2699,-84.9984,-84.6939,-84.348
388,-86.848,-86.5619,-86.3117,-86.0454,-85.8034,-85.7218,-85.5189,-85.2743,-85.0043,-84.702,-84.3587
389,-86.848,-86.5622,-86.3123,-86.0464,-85.8048,-85.724,-85.522,-85.2786,-85.0102,-84.71,-84.3694
390,-86.848,-86.5626,-86.313,-86.0474,-85.8062,-85.7262,-85.5252,-85.2829,-85.0161,-84.7179,-84.3799
391,-86.848,-86.5629,-86.3136,-86.0485,-85.8077,-85.7284,-85.5282,-85.2871,-85.0219,-84.7257,-84.3904
392,-86.848,-86.5633,-86.3143,-86.0495,-85.8091,-85.7305,-85.5313,-85.2914,-85.0276,-84.7334,-84.4007
393,-86.848,-86.5636,-86.315,-86.0505,-85.8105,-85.7326,-85.5344,-85.2955,-85.0333,-84.7411,-84.4109
394,-86.8481,-86.564,-86.3156,-86.0515,-85.8119,-85.7347,-85.5374,-85.2996,-85.0389,-84.7487,-84.4211
395,-86.8481,-86.5643,-86.3162,-86.0525,-85.8133,-85.7368,-85.5403,-85.3037,-85.0444,-84.7562,-84.4311
396,-86.8481,-86.5647,-86.3169,-86.0534,-85.8146,-85.7388,-85.5433,-85.3078,-85.0499,-84.7636,-84.441
397,-86.8481,-86.565,-86.3175,-86.0544,-85.816,-85.7409,-85.5462,-85.3118,-85.0554,-84.771,-84.4508
398,-86.8481,-86.5653,-86.3181,-86.0554,-85.8173,-85.7429,-85.5491,-85.3158,-85.0608,-84.7783,-84.4606
399,-86.8481,-86.5657,-86.3188,-86.0563,-85.8187,-85.7449,-85.552,-85.3197,-85.0661,-84.7855,-84.4702
400,-86.8482,-86.566,-86.3194,-86.0573,-85.82,-85.7469,-85.5549,-85.3236,-85.0714,-84.7926,-84.4797
401,-86.8482,-86.5663,-86.32,-86.0582,-85.8213,-85.7489,-85.5577,-85.3274,-85.0766,-84.7997,-84.4892
402,-86.8482,-86.5667,-86.3206,-86.0592,-85.8226,-85.7508,-85.5605,-85.3313,-85.0818,-84.8067,-84.4985
403,-86.8482,-86.567,-86.3212,-86.0601,-85.8239,-85.7528,-85.5633,-85.335,-85.087,-84.8136,-84.5077
404,-86.8482,-86.5673,-86.3219,-86.0611,-85.8252,-85.7547,-85.566,-85.3388,-85.092,-84.8204,-84.5169
405,-86.8482,-86.5676,-86.3225,-86.062,-85.8265,-85.7566,-85.5687,-85.3425,-85.0971,-84.8272,-84.5259
406,-86.8483,-86.568,-86.3231,-86.0629,-85.8278,-85.7585,-85.5714,-85.3462,-85.102,-84.8339,-84.5349
407,-86.8483,-86.5683,-86.3237,-86.0638,-85.829,-85.7604,-85.5741,-85.3498,-85.107,-84.8405,-84.5437
408,-86.8483,-86.5686,-86.3243,-86.0647,-85.8303,-85.7623,-85.5768,-85.3534,-85.1118,-84.8471,-84.5525
409,-86.8483,-86.5689,-86.3248,-86.0656,-85.8315,-85.7641,-85.5794,-85.357,-85.1167,-84.8536,-84.5612
410,-86.8483,-86.5692,-86.3254,-86.0665,-85.8327,-85.7659,-85.582,-85.3605,-85.1214,-84.86,-84.5698
411,-86.8483,-86.5695,-86.326,-86.0674,-85.8339,-85.7677,-85.5846,-85.364,-85.1262,-84.8664,-84.5782
412,-86.8484,-86.5699,-86.3266,-86.0683,-85.8351,-85.7695,-85.5871,-85.3675,-85.1309,-84.8727,-84.5866
413,-86.8484,-86.5702,-86.3272,-86.0691,-85.8363,-85.7713,-85.5897,-85.3709,-85.1355,-84.8789,-84.595
414,-86.8484,-86.5705,-86.3277,-86.07,-85.8375,-85.7731,-85.5922,-85.3743,-85.1401,-84.8851,-84.6032
415,-86.8484,-86.5708,-86.3283,-86.0708,-85.8387,-85.7749,-85.5947,-85.3777,-85.1446,-84.8912,-84.6113
416,-86.8484,-86.5711,-86.3289,-86.0717,-85.8399,-85.7766,-85.5971,-85.381,-85.1491,-84.8972,-84.6194
417,-86.8484,-86.5714,-86.3294,-86.0725,-85.841,-85.7783,-85.5996,-85.3844,-85.1536,-84.9032,-84.6273
418,-86.8485,-86.5717,-86.33,-86.0734,-85.8422,-85.78,-85.602,-85.3876,-85.158,-84.9091,-84.6352
419,-86.8485,-86.572,-86.3306,-86.0742,-85.8433,-85.7817,-85.6044,-85.3909,-85.1624,-84.915,-84.643
420,-86.8485,-86.5723,-86.3311,-86.0751,-85.8445,-85.7834,-85.6068,-85.3941,-85.1667,-84.9208,-84.6507
421,-86.8485,-86.5726,-86.3317,-86.0759,-85.8456,-85.7851,-85.6091,-85.3973,-85.171,-84.9265,-84.6583
422,-86.8485,-86.5729,-86.3322,-86.0767,-85.8467,-85.7868,-85.6114,-85.4004,-85.1752,-84.9322,-84.6659
423,-86.8485,-86.5732,-86.3328,-86.0775,-85.8478,-85.7884,-85.6138,-85.4035,-85.1794,-84.9378,-84.6734
424,-86.8485,-86.5735,-86.3333,-86.0783,-85.8489,-85.79,-85.6161,-85.4066,-85.1835,-84.9433,-84.6807
425,-86.8486,-86.5738,-86.3338,-86.0791,-85.85,-85.7917,-85.6183,-85.4097,-85.1876,-84.9488,-84.688
426,-86.8486,-86.5741,-86.3344,-86.0799,-85.8511,-85.7933,-85.6206,-85.4127,-85.1917,-84.9543,-84.6953
427,-86.8486,-86.5744,-86.3349,-86.0807,-85.8522,-85.7948,-85.6228,-85.4157,-85.1957,-84.9597,-84.7024
428,-86.8486,-86.5747,-86.3354,-86.0815,-85.8532,-85.7964,-85.625,-85.4187,-85.1997,-84.965,-84.7095
429,-86.8486,-86.5749,-86.336,-86.0823,-85.8543,-85.798,-85.6272,-85.4216,-85.2037,-84.9702,-84.7165
430,-86.8486,-86.5752,-86.3365,-86.083,-85.8553,-85.7995,-85.6294,-85.4246,-85.2076,-84.9755,-84.7234
431,-86.8486,-86.5755,-86.337,-86.0838,-85.8564,-85.8011,-85.6316,-85.4274,-85.2114,-84.9806,-84.7302
432,-86.8487,-86.5758,-86.3375,-86.0846,-85.8574,-85.8026,-85.6337,-85.4303,-85.2153,-84.9857,-84.737
433,-86.8487,-86.5761,-86.338,-86.0853,-85.8584,-85.8041,-85.6358,-85.4331,-85.219,-84.9908,-84.7437
434,-86.8487,-86.5764,-86.3385,-86.0861,-85.8594,-85.8056,-85.6379,-85.436,-85.2228,-84.9958,-84.7503
435,-86.8487,-86.5766,-86.339,-86.0868,-85.8604,-85.8071,-85.64,-85.4387,-85.2265,-85.0007,-84.7569
436,-86.8487,-86.5769,-86.3395,-86.0876,-85.8615,-85.8086,-85.642,-85.4415,-85.2302,-85.0056,-84.7634
437,-86.8487,-86.5772,-86.34,-86.0883,-85.8624,-85.8101,-85.6441,-85.4442,-85.2338,-85.0104,-84.7698
438,-86.8487,-86.5775,-86.3405,-86.0891,-85.8634,-85.8115,-85.6461,-85.4469,-85.2374,-85.0152,-84.7761
439,-86.8488,-86.5777,-86.341,-86.0898,-85.8644,-85.8129,-85.6481,-85.4496,-85.241,-85.02,-84.7824
440,-86.8488,-86.578,-86.3415,-86.0905,-85.8654,-85.8144,-85.6501,-85.4523,-85.2445,-85.0247,-84.7886
441,-86.8488,-86.5783,-86.342,-86.0912,-85.8663,-85.8158,-85.6521,-85.4549,-85.248,-85.0293,-84.7947
442,-86.8488,-86.5786,-86.3425,-86.0919,-85.8673,-85.8172,-85.654,-85.4575,-85.2515,-85.0339,-84.8008
443,-86.8488,-86.5788,-86.343,-86.0926,-85.8683,-85.8186,-85.656,-85.4601,-85.2549,-85.0384,-84.8068
444,-86.8488,-86.5791,-86.3435,-86.0934,-85.8692,-85.82,-85.6579,-85.4626,-85.2583,-85.0429,-84.8127
445,-86.8488,-86.5794,-86.3439,-86.094,-85.8701,-85.8214,-85.6598,-85.4652,-85.2616,-85.0474,-84.8186
446,-86.8489,-86.5796,-86.3444,-86.0947,-85.8711,-85.8227,-85.6617,-85.4677,-85.265,-85.0518,-84.8244
447,-86.8489,-86.5799,-86.3449,-86.0954,-85.872,-85.8241,-85.6636,-85.4701,-85.2683,-85.0562,-84.8302
448,-86.8489,-86.5802,-86.3454,-86.0961,-85.8729,-85.8254,-85.6654,-85.4726,-85.2715,-85.0605,-84.8358
449,-86.8489,-86.5804,-86.3458,-86.0968,-85.8738,-85.8267,-85.6672,-85.475,-85.2747,-85.0647,-84.8415
450,-86.8489,-86.5807,-86.3463,-86.0975,-85.8747,-85.8281,-85.6691,-85.4775,-85.2779,-85.069,-84.847
451,-86.8489,-86.5809,-86.3468,-86.0981,-85.8756,-85.8294,-85.6709,-85.4799,-85.2811,-85.0731,-84.8525
452,-86.8489,-86.5812,-86.3472,-86.0988,-85.8765,-85.8307,-85.6727,-85.4822,-85.2842,-85.0773,-84.858
453,-86.849,-86.5814,-86.3477,-86.0995,-85.8774,-85.832,-85.6744,-85.4846,-85.2873,-85.0814,-84.8633
454,-86.849,-86.5817,-86.3481,-86.1001,-85.8782,-85.8332,-85.6762,-85.4869,-85.2904,-85.0854,-84.8687
455,-86.849,-86.582,-86.3486,-86.1008,-85.8791,-85.8345,-85.6779,-85.4892,-85.2934,-85.0894,-84.8739
456,-86.849,-86.5822,-86.349,-86.1014,-85.88,-85.8358,-85.6797,-85.4915,-85.2965,-85.0934,-84.8791
457,-86.849,-86.5825,-86.3495,-86.1021,-85.8808,-85.837,-85.6814,-85.4937,-85.2994,-85.0973,-84.8843
458,-86.849,-86.5827,-86.3499,-86.1027,-85.8817,-85.8382,-85.6831,-85.496,-85.3024,-85.1012,-84.8894
459,-86.849,-86.583,-86.3504,-86.1034,-85.8825,-85.8395,-85.6848,-85.4982,-85.3053,-85.105,-84.8944
460,-86.849,-86.5832,-86.3508,-86.104,-85.8833,-85.8407,-85.6864,-85.5004,-85.3082,-85.1088,-84.8994
461,-86.8491,-86.5835,-86.3512,-86.1046,-85.8842,-85.8419,-85.6881,-85.5026,-85.3111,-85.1126,-84.9043
462,-86.8491,-86.5837,-86.3517,-86.1052,-85.885,-85.8431,-85.6897,-85.5047,-85.3139,-85.1163,-84.9092
463,-86.8491,-86.5839,-86.3521,-86.1059,-85.8858,-85.8443,-85.6914,-85.5069,-85.3167,-85.12,-84.914
464,-86.8491,-86.5842,-86.3525,-86.1065,-85.8866,-85.8455,-85.693,-85.509,-85.3195,-85.1237,-84.9188
465,-86.8491,-86.5844,-86.353,-86.1071,-85.8874,-85.8466,-85.6946,-85.5111,-85.3223,-85.1273,-84.9235
466,-86.8491,-86.5847,-86.3534,-86.1077,-85.8882,-85.8478,-85.6962,-85.5132,-85.325,-85.1309,-84.9282
467,-86.8491,-86.5849,-86.3538,-86.1083,-85.889,-85.8489,-85.6977,-85.5153,-85.3277,-85.1344,-84.9328
468,-86.8491,-86.5852,-86.3542,-86.1089,-85.8898,-85.8501,-85.6993,-85.5173,-85.3304,-85.1379,-84.9374
469,-86.8492,-86.5854,-86.3546,-86.1095,-85.8906,-85.8512,-85.7009,-85.5193,-85.333,-85.1414,-84.9419
470,-86.8492,-86.5856,-86.355,-86.1101,-85.8914,-85.8524,-85.7024,-85.5213,-85.3356,-85.1448,-84.9464
471,-86.8492,-86.5859,-86.3555,-86.1107,-85.8921,-85.8535,-85.7039,-85.5233,-85.3382,-85.1482,-84.9508
472,-86.8492,-86.5861,-86.3559,-86.1113,-85.8929,-85.8546,-85.7054,-85.5253,-85.3408,-85.1516,-84.9552
473,-86.8492,-86.5863,-86.3563,-86.1118,-85.8937,-85.8557,-85.7069,-85.5272,-85.3434,-85.1549,-84.9595
474,-86.8492,-86.5866,-86.3567,-86.1124,-85.8944,-85.8568,-85.7084,-85.5292,-85.3459,-85.1582,-84.9638
475,-86.8492,-86.5868,-86.3571,-86.113,-85.8952,-85.8579,-85.7099,-85.5311,-85.3484,-85.1615,-84.9681
476,-86.8492,-86.587,-86.3575,-86.1136,-85.8959,-85.8589,-85.7113,-85.533,-85.3509,-85.1647,-84.9723
477,-86.8493,-86.5873,-86.3579,-86.1141,-85.8967,-85.86,-85.7128,-85.5349,-85.3533,-85.1679,-84.9764
478,-86.8493,-86.5875,-86.3583,-86.1147,-85.8974,-85.8611,-85.7142,-85.5367,-85.3557,-85.171,-84.9805
479,-86.8493,-86.5877,-86.3587,-86.1152,-85.8981,-85.8621,-85.7156,-85.5386,-85.3582,-85.1742,-84.9846
480,-86.8493,-86.5879,-86.3591,-86.1158,-85.8988,-85.8631,-85.717,-85.5404,-85.3605,-85.1773,-84.9886
481,-86.8493,-86.5882,-86.3595,-86.1163,-85.8995,-85.8642,-85.7184,-85.5422,-85.3629,-85.1803,-84.9926
482,-86.8493,-86.5884,-86.3598,-86.1169,-85.9003,-85.8652,-85.7198,-85.544,-85.3652,-85.1834,-84.9965
483,-86.8493,-86.5886,-86.3602,-86.1174,-85.901,-85.8662,-85.7212,-85.5458,-85.3675,-85.1864,-85.0004
484,-86.8493,-86.5888,-86.3606,-86.118,-85.9017,-85.8672,-85.7226,-85.5476,-85.3698,-85.1894,-85.0043
485,-86.8494,-86.589,-86.361,-86.1185,-85.9024,-85.8682,-85.7239,-85.5494,-85.3721,-85.1923,-85.0081
486,-86.8494,-86.5893,-86.3614,-86.119,-85.9031,-85.8692,-85.7253,-85.5511,-85.3744,-85.1952,-85.0119
487,-86.8494,-86.5895,-86.3617,-86.1196,-85.9037,-85.8702,-85.7266,-85.5528,-85.3766,-85.1981,-85.0156
488,-86.8494,-86.5897,-86.3621,-86.1201,-85.9044,-85.8712,-85.7279,-85.5545,-85.3788,-85.201,-85.0193
489,-86.8494,-86.5899,-86.3625,-86.1206,-85.9051,-85.8722,-85.7292,-85.5562,-85.381,-85.2038,-85.0229
490,-86.8494,-86.5901,-86.3629,-86.1211,-85.9058,-85.8731,-85.7305,-85.5579,-85.3832,-85.2066,-85.0266
491,-86.8494,-86.5903,-86.3632,-86.1217,-85.9064,-85.8741,-85.7318,-85.5595,-85.3853,-85.2094,-85.0301
492,-86.8494,-86.5906,-86.3636,-86.1222,-85.9071,-85.875,-85.7331,-85.5612,-85.3874,-85.2121,-85.0337
493,-86.8494,-86.5908,-86.364,-86.1227,-85.9078,-85.876,-85.7343,-85.5628,-85.3895,-85.2148,-85.0372
494,-86.8495,-86.591,-86.3643,-86.1232,-85.9084,-85.8769,-85.7356,-85.5644,-85.3916,-85.2175,-85.0406
495,-86.8495,-86.5912,-86.3647,-86.1237,-85.9091,-85.8778,-85.7368,-85.566,-85.3937,-85.2202,-85.0441
496,-86.8495,-86.5914,-86.365,-86.1242,-85.9097,-85.8788,-85.7381,-85.5676,-85.3957,-85.2228,-85.0475
497,-86.8495,-86.5916,-86.3654,-86.1247,-85.9103,-85.8797,-85.7393,-85.5692,-85.3978,-85.2254,-85.0508
498,-86.8495,-86.5918,-86.3658,-86.1252,-85.911,-85.8806,-85.7405,-85.5708,-85.3998,-85.228,-85.0542
499,-86.8495,-86.592,-86.3661,-86.1257,-85.9116,-85.8815,-85.7417,-85.5723,-85.4018,-85.2306,-85.0575
500,-86.8495,-86.5922,-86.3665,-86.1262,-85.9122,-85.8824,-85.7429,-85.5739,-85.4037,-85.2331,-85.0607
501,-86.8495,-86.5924,-86.3668,-86.1266,-85.9128,-85.8833,-85.7441,-85.5754,-85.4057,-85.2356,-85.0639
502,-86.8495,-86.5926,-86.3672,-86.1271,-85.9135,-85.8841,-85.7453,-85.5769,-85.4076,-85.2381,-85.0671
503,-86.8496,-86.5929,-86.3675,-86.1276,-85.9141,-85.885,-85.7464,-85.5784,-85.4095,-85.2406,-85.0703
504,-86.8496,-86.5931,-86.3678,-86.1281,-85.9147,-85.8859,-85.7476,-85.5799,-85.4114,-85.243,-85.0734
505,-86.8496,-86.5933,-86.3682,-86.1286,-85.9153,-85.8868,-85.7487,-85.5813,-85.4133,-85.2454,-85.0765
506,-86.8496,-86.5935,-86.3685,-86.129,-85.9159,-85.8876,-85.7499,-85.5828,-85.4152,-85.2478,-85.0796
507,-86.8496,-86.5937,-86.3689,-86.1295,-85.9165,-85.8885,-85.751,-85.5842,-85.417,-85.2502,-85.0826
508,-86.8496,-86.5939,-86.3692,-86.13,-85.9171,-85.8893,-85.7521,-85.5857,-85.4189,-85.2526,-85.0856
509,-86.8496,-86.5941,-86.3695,-86.1304,-85.9177,-85.8901,-85.7532,-85.5871,-85.4207,-85.2549,-85.0886
510,-86.8496,-86.5942,-86.3699,-86.1309,-85.9182,-85.891,-85.7543,-85.5885,-85.4225,-85.2572,-85.0915
511,-86.8496,-86.5944,-86.3702,-86.1313,-85.9188,-85.8918,-85.7554,-85.5899,-85.4243,-85.2595,-85.0944
512,-86.8497,-86.5946,-86.3705,-86.1318,-85.9194,-85.8926,-85.7565,-85.5913,-85.426,-85.2617,-85.0973
513,-86.8497,-86.5948,-86.3709,-86.1322,-85.92,-85.8934,-85.7576,-85.5926,-85.4278,-85.2639,-85.1001
514,-86.8497,-86.595,-86.3712,-86.1327,-85.9205,-85.8942,-85.7587,-85.594,-85.4295,-85.2662,-85.103
515,-86.8497,-86.5952,-86.3715,-86.1331,-85.9211,-85.895,-85.7597,-85.5953,-85.4312,-85.2683,-85.1057
516,-86.8497,-86.5954,-86.3718,-86.1336,-85.9216,-85.8958,-85.7608,-85.5967,-85.4329,-85.2705,-85.1085
517,-86.8497,-86.5956,-86.3721,-86.134,-85.9222,-85.8966,-85.7618,-85.598,-85.4346,-85.2727,-85.1112
518,-86.8497,-86.5958,-86.3725,-86.1344,-85.9228,-85.8974,-85.7628,-85.5993,-85.4363,-85.2748,-85.114
519,-86.8497,-86.596,-86.3728,-86.1349,-85.9233,-85.8982,-85.7639,-85.6006,-85.4379,-85.2769,-85.1166
520,-86.8497,-86.5962,-86.3731,-86.1353,-85.9238,-85.8989,-85.7649,-85.6019,-85.4396,-85.279,-85.1193
521,-86.8498,-86.5964,-86.3734,-86.1357,-85.9244,-85.8997,-85.7659,-85.6032,-85.4412,-85.2811,-85.1219
522,-86.8498,-86.5965,-86.3737,-86.1361,-85.9249,-85.9004,-85.7669,-85.6045,-85.4428,-85.2831,-85.1245
523,-86.8498,-86.5967,-86.374,-86.1366,-85.9254,-85.9012,-85.7679,-85.6057,-85.4444,-85.2851,-85.1271
524,-86.8498,-86.5969,-86.3743,-86.137,-85.926,-85.902,-85.7689,-85.607,-85.446,-85.2871,-85.1296
525,-86.8498,-86.5971,-86.3746,-86.1374,-85.9265,-85.9027,-85.7698,-85.6082,-85.4476,-85.2891,-85.1322
526,-86.8498,-86.5973,-86.3749,-86.1378,-85.927,-85.9034,-85.7708,-85.6094,-85.4491,-85.2911,-85.1347
527,-86.8498,-86.5975,-86.3752,-86.1382,-85.9275,-85.9042,-85.7718,-85.6106,-85.4506,-85.2931,-85.1371
528,-86.8498,-86.5977,-86.3755,-86.1386,-85.9281,-85.9049,-85.7727,-85.6119,-85.4522,-85.295,-85.1396
529,-86.8498,-86.5978,-86.3758,-86.139,-85.9286,-85.9056,-85.7737,-85.6131,-85.4537,-85.2969,-85.142
530,-86.8498,-86.598,-86.3761,-86.1394,-85.9291,-85.9063,-85.7746,-85.6142,-85.4552,-85.2988,-85.1444
531,-86.8499,-86.5982,-86.3764,-86.1398,-85.9296,-85.907,-85.7756,-85.6154,-85.4567,-85.3007,-85.1468
532,-86.8499,-86.5984,-86.3767,-86.1402,-85.9301,-85.9077,-85.7765,-85.6166,-85.4581,-85.3026,-85.1491
533,-86.8499,-86.5985,-86.377,-86.1406,-85.9306,-85.9084,-85.7774,-85.6177,-85.4596,-85.3044,-85.1515
534,-86.8499,-86.5987,-86.3773,-86.141,-85.9311,-85.9091,-85.7783,-85.6189,-85.461,-85.3062,-85.1538
535,-86.8499,-86.5989,-86.3776,-86.1414,-85.9316,-85.9098,-85.7792,-85.62,-85.4625,-85.308,-85.1561
536,-86.8499,-86.5991,-86.3779,-86.1418,-85.932,-85.9105,-85.7801,-85.6211,-85.4639,-85.3098,-85.1583
537,-86.8499,-86.5993,-86.3782,-86.1422,-85.9325,-85.9112,-85.781,-85.6223,-85.4653,-85.3116,-85.1606
538,-86.8499,-86.5994,-86.3785,-86.1426,-85.933,-85.9119,-85.7819,-85.6234,-85.4667,-85.3134,-85.1628
539,-86.8499,-86.5996,-86.3788,-86.143,-85.9335,-85.9125,-85.7828,-85.6245,-85.4681,-85.3151,-85.165
540,-86.8499,-86.5998,-86.379,-86.1433,-85.934,-85.9132,-85.7836,-85.6256,-85.4695,-85.3168,-85.1672
541,-86.85,-86.5999,-86.3793,-86.1437,-85.9344,-85.9139,-85.7845,-85.6267,-85.4708,-85.3185,-85.1693
542,-86.85,-86.6001,-86.3796,-86.1441,-85.9349,-85.9145,-85.7853,-85.6277,-85.4722,-85.3202,-85.1714
543,-86.85,-86.6003,-86.3799,-86.1445,-85.9354,-85.9152,-85.7862,-85.6288,-85.4735,-85.3219,-85.1736
544,-86.85,-86.6005,-86.3802,-86.1448,-85.9358,-85.9158,-85.787,-85.6298,-85.4748,-85.3236,-85.1757
545,-86.85,-86.6006,-86.3804,-86.1452,-85.9363,-85.9165,-85.7879,-85.6309,-85.4761,-85.3252,-85.1777
546,-86.85,-86.6008,-86.3807,-86.1456,-85.9367,-85.9171,-85.7887,-85.6319,-85.4774,-85.3269,-85.1798
547,-86.85,-86.601,-86.381,-86.1459,-85.9372,-85.9177,-85.7895,-85.633,-85.4787,-85.3285,-85.1818
548,-86.85,-86.6011,-86.3813,-86.1463,-85.9376,-85.9184,-85.7903,-85.634,-85.48,-85.3301,-85.1838
549,-86.85,-86.6013,-86.3815,-86.1467,-85.9381,-85.919,-85.7912,-85.635,-85.4813,-85.3317,-85.1858
550,-86.85,-86.6015,-86.3818,-86.147,-85.9385,-85.9196,-85.792,-85.636,-85.4825,-85.3333,-85.1878
551,-86.85,-86.6016,-86.3821,-86.1474,-85.939,-85.9202,-85.7928,-85.637,-85.4838,-85.3348,-85.1897
552,-86.8501,-86.6018,-86.3823,-86.1477,-85.9394,-85.9208,-85.7936,-85.638,-85.485,-85.3364,-85.1917
553,-86.8501,-86.602,-86.3826,-86.1481,-85.9398,-85.9214,-85.7943,-85.639,-85.4862,-85.3379,-85.1936
554,-86.8501,-86.6021,-86.3829,-86.1484,-85.9403,-85.922,-85.7951,-85.6399,-85.4875,-85.3394,-85.1955
555,-86.8501,-86.6023,-86.3831,-86.1488,-85.9407,-85.9226,-85.7959,-85.6409,-85.4887,-85.3409,-85.1974
556,-86.8501,-86.6024,-86.3834,-86.1491,-85.9411,-85.9232,-85.7967,-85.6419,-85.4898,-85.3424,-85.1992
557,-86.8501,-86.6026,-86.3836,-86.1495,-85.9415,-85.9238,-85.7974,-85.6428,-85.491,-85.3439,-85.2011
558,-86.8501,-86.6028,-86.3839,-86.1498,-85.942,-85.9244,-85.7982,-85.6437,-85.4922,-85.3454,-85.2029
559,-86.8501,-86.6029,-86.3841,-86.1501,-85.9424,-85.925,-85.7989,-85.6447,-85.4934,-85.3468,-85.2047
560,-86.8501,-86.6031,-86.3844,-86.1505,-85.9428,-85.9256,-85.7997,-85.6456,-85.4945,-85.3482,-85.2065
561,-86.8501,-86.6032,-86.3847,-86.1508,-85.9432,-85.9262,-85.8004,-85.6465,-85.4957,-85.3497,-85.2083
562,-86.8501,-86.6034,-86.3849,-86.1511,-85.9436,-85.9267,-85.8012,-85.6474,-85.4968,-85.3511,-85.21
563,-86.8502,-86.6035,-86.3852,-86.1515,-85.944,-85.9273,-85.8019,-85.6483,-85.4979,-85.3525,-85.2118
564,-86.8502,-86.6037,-86.3854,-86.1518,-85.9444,-85.9278,-85.8026,-85.6492,-85.499,-85.3539,-85.2135
565,-86.8502,-86.6039,-86.3857,-86.1521,-85.9448,-85.9284,-85.8033,-85.6501,-85.5001,-85.3552,-85.2152
566,-86.8502,-86.604,-86.3859,-86.1524,-85.9452,-85.929,-85.804,-85.651,-85.5012,-85.3566,-85.2169
567,-86.8502,-86.6042,-86.3861,-86.1528,-85.9456,-85.9295,-85.8047,-85.6519,-85.5023,-85.358,-85.2186
568,-86.8502,-86.6043,-86.3864,-86.1531,-85.946,-85.9301,-85.8055,-85.6528,-85.5034,-85.3593,-85.2202
569,-86.8502,-86.6045,-86.3866,-86.1534,-85.9464,-85.9306,-85.8061,-85.6536,-85.5045,-85.3606,-85.2219
570,-86.8502,-86.6046,-86.3869,-86.1537,-85.9468,-85.9311,-85.8068,-85.6545,-85.5055,-85.3619,-85.2235
571,-86.8502,-86.6048,-86.3871,-86.154,-85.9472,-85.9317,-85.8075,-85.6553,-85.5066,-85.3632,-85.2251
572,-86.8502,-86.6049,-86.3874,-86.1544,-85.9476,-85.9322,-85.8082,-85.6562,-85.5076,-85.3645,-85.2267
573,-86.8502,-86.6051,-86.3876,-86.1547,-85.9479,-85.9327,-85.8089,-85.657,-85.5086,-85.3658,-85.2283
574,-86.8502,-86.6052,-86.3878,-86.155,-85.9483,-85.9333,-85.8096,-85.6578,-85.5097,-85.3671,-85.2299
575,-86.8503,-86.6054,-86.3881,-86.1553,-85.9487,-85.9338,-85.8102,-85.6586,-85.5107,-85.3683,-85.2315
576,-86.8503,-86.6055,-86.3883,-86.1556,-85.9491,-85.9343,-85.8109,-85.6595,-85.5117,-85.3696,-85.233
577,-86.8503,-86.6057,-86.3885,-86.1559,-85.9494,-85.9348,-85.8115,-85.6603,-85.5127,-85.3708,-85.2345
578,-86.8503,-86.6058,-86.3888,-86.1562,-85.9498,-85.9353,-85.8122,-85.6611,-85.5137,-85.372,-85.236
579,-86.8503,-86.606,-86.389,-86.1565,-85.9502,-85.9358,-85.8128,-85.6619,-85.5146,-85.3732,-85.2375
580,-86.8503,-86.6061,-86.3892,-86.1568,-85.9505,-85.9363,-85.8135,-85.6627,-85.5156,-85.3744,-85.239
581,-86.8503,-86.6062,-86.3895,-86.1571,-85.9509,-85.9368,-85.8141,-85.6634,-85.5166,-85.3756,-85.2405
582,-86.8503,-86.6064,-86.3897,-86.1574,-85.9512,-85.9373,-85.8148,-85.6642,-85.5175,-85.3768,-85.2419
583,-86.8503,-86.6065,-86.3899,-86.1577,-85.9516,-85.9378,-85.8154,-85.665,-85.5185,-85.378,-85.2434
584,-86.8503,-86.6067,-86.3901,-86.158,-85.952,-85.9383,-85.816,-85.6657,-85.5194,-85.3791,-85.2448
585,-86.8503,-86.6068,-86.3904,-86.1583,-85.9523,-85.9388,-85.8166,-85.6665,-85.5204,-85.3803,-85.2462
586,-86.8503,-86.607,-86.3906,-86.1586,-85.9527,-85.9393,-85.8172,-85.6673,-85.5213,-85.3814,-85.2476
587,-86.8504,-86.6071,-86.3908,-86.1588,-85.953,-85.9398,-85.8179,-85.668,-85.5222,-85.3826,-85.249
588,-86.8504,-86.6072,-86.391,-86.1591,-85.9534,-85.9402,-85.8185,-85.6688,-85.5231,-85.3837,-85.2504
589,-86.8504,-86.6074,-86.3912,-86.1594,-85.9537,-85.9407,-85.8191,-85.6695,-85.524,-85.3848,-85.2518
590,-86.8504,-86.6075,-86.3915,-86.1597,-85.954,-85.9412,-85.8197,-85.6702,-85.5249,-85.3859,-85.2531
591,-86.8504,-86.6077,-86.3917,-86.16,-85.9544,-85.9416,-85.8203,-85.6709,-85.5258,-85.387,-85.2545
592,-86.8504,-86.6078,-86.3919,-86.1602,-85.9547,-85.9421,-85.8208,-85.6717,-85.5267,-85.3881,-85.2558
593,-86.8504,-86.6079,-86.3921,-86.1605,-85.955,-85.9426,-85.8214,-85.6724,-85.5275,-85.3891,-85.2571
594,-86.8504,-86.6081,-86.3923,-86.1608,-85.9554,-85.943,-85.822,-85.6731,-85.5284,-85.3902,-85.2584
595,-86.8504,-86.6082,-86.3925,-86.1611,-85.9557,-85.9435,-85.8226,-85.6738,-85.5293,-85.3913,-85.2597
596,-86.8504,-86.6083,-86.3927,-86.1613,-85.956,-85.9439,-85.8232,-85.6745,-85.5301,-85.3923,-85.261
597,-86.8504,-86.6085,-86.393,-86.1616,-85.9564,-85.9444,-85.8237,-85.6752,-85.531,-85.3933,-85.2623
598,-86.8504,-86.6086,-86.3932,-86.1619,-85.9567,-85.9448,-85.8243,-85.6759,-85.5318,-85.3944,-85.2635
599,-86.8504,-86.6087,-86.3934,-86.1622,-85.957,-85.9453,-85.8248,-85.6765,-85.5326,-85.3954,-85.2648
600,-86.8505,-86.6089,-86.3936,-86.1624,-85.9573,-85.9457,-85.8254,-85.6772,-85.5335,-85.3964,-85.266
601,-86.8505,-86.609,-86.3938,-86.1627,-85.9576,-85.9461,-85.826,-85.6779,-85.5343,-85.3974,-85.2673
602,-86.8505,-86.6091,-86.394,-86.1629,-85.958,-85.9466,-85.8265,-85.6785,-85.5351,-85.3984,-85.2685
603,-86.8505,-86.6093,-86.3942,-86.1632,-85.9583,-85.947,-85.827,-85.6792,-85.5359,-85.3994,-85.2697
604,-86.8505,-86.6094,-86.3944,-86.1635,-85.9586,-85.9474,-85.8276,-85.6799,-85.5367,-85.4003,-85.2709
605,-86.8505,-86.6095,-86.3946,-86.1637,-85.9589,-85.9478,-85.8281,-85.6805,-85.5375,-85.4013,-85.2721
606,-86.8505,-86.6097,-86.3948,-86.164,-85.9592,-85.9483,-85.8286,-85.6812,-85.5383,-85.4023,-85.2732
607,-86.8505,-86.6098,-86.395,-86.1642,-85.9595,-85.9487,-85.8292,-85.6818,-85.5391,-85.4032,-85.2744
608,-86.8505,-86.6099,-86.3952,-86.1645,-85.9598,-85.9491,-85.8297,-85.6824,-85.5398,-85.4042,-85.2755
609,-86.8505,-86.6101,-86.3954,-86.1647,-85.9601,-85.9495,-85.8302,-85.6831,-85.5406,-85.4051,-85.2767
610,-86.8505,-86.6102,-86.3956,-86.165,-85.9604,-85.9499,-85.8307,-85.6837,-85.5414,-85.406,-85.2778
611,-86.8505,-86.6103,-86.3958,-86.1652,-85.9607,-85.9503,-85.8313,-85.6843,-85.5421,-85.407,-85.2789
612,-86.8505,-86.6104,-86.396,-86.1655,-85.961,-85.9507,-85.8318,-85.6849,-85.5429,-85.4079,-85.28
613,-86.8506,-86.6106,-86.3962,-86.1657,-85.9613,-85.9511,-85.8323,-85.6855,-85.5436,-85.4088,-85.2811
614,-86.8506,-86.6107,-86.3964,-86.166,-85.9616,-85.9515,-85.8328,-85.6862,-85.5443,-85.4097,-85.2822
615,-86.8506,-86.6108,-86.3966,-86.1662,-85.9619,-85.9519,-85.8333,-85.6868,-85.5451,-85.4106,-85.2833
616,-86.8506,-86.6109,-86.3968,-86.1665,-85.9622,-85.9523,-85.8338,-85.6874,-85.5458,-85.4114,-85.2844
617,-86.8506,-86.6111,-86.397,-86.1667,-85.9625,-85.9527,-85.8343,-85.6879,-85.5465,-85.4123,-85.2855
618,-86.8506,-86.6112,-86.3971,-86.167,-85.9628,-85.9531,-85.8347,-85.6885,-85.5472,-85.4132,-85.2865
619,-86.8506,-86.6113,-86.3973,-86.1672,-85.963,-85.9535,-85.8352,-85.6891,-85.5479,-85.414,-85.2876
620,-86.8506,-86.6114,-86.3975,-86.1674,-85.9633,-85.9539,-85.8357,-85.6897,-85.5486,-85.4149,-85.2886
621,-86.8506,-86.6116,-86.3977,-86.1677,-85.9636,-85.9543,-85.8362,-85.6903,-85.5493,-85.4157,-85.2896
622,-86.8506,-86.6117,-86.3979,-86.1679,-85.9639,-85.9547,-85.8367,-85.6908,-85.55,-85.4166,-85.2906
623,-86.8506,-86.6118,-86.3981,-86.1681,-85.9642,-85.955,-85.8371,-85.6914,-85.5507,-85.4174,-85.2916
624,-86.8506,-86.6119,-86.3983,-86.1684,-85.9644,-85.9554,-85.8376,-85.692,-85.5514,-85.4182,-85.2926
625,-86.8506,-86.612,-86.3985,-86.1686,-85.9647,-85.9558,-85.8381,-85.6925,-85.5521,-85.419,-85.2936
626,-86.8506,-86.6122,-86.3986,-86.1688,-85.965,-85.9561,-85.8385,-85.6931,-85.5527,-85.4198,-85.2946
627,-86.8507,-86.6123,-86.3988,-86.1691,-85.9653,-85.9565,-85.839,-85.6936,-85.5534,-85.4207,-85.2956
628,-86.8507,-86.6124,-86.399,-86.1693,-85.9655,-85.9569,-85.8395,-85.6942,-85.554,-85.4214,-85.2966
629,-86.8507,-86.6125,-86.3992,-86.1695,-85.9658,-85.9572,-85.8399,-85.6947,-85.5547,-85.4222,-85.2975
630,-86.8507,-86.6126,-86.3994,-86.1697,-85.9661,-85.9576,-85.8404,-85.6953,-85.5553,-85.423,-85.2985
631,-86.8507,-86.6128,-86.3995,-86.17,-85.9663,-85.958,-85.8408,-85.6958,-85.556,-85.4238,-85.2994
632,-86.8507,-86.6129,-86.3997,-86.1702,-85.9666,-85.9583,-85.8412,-85.6963,-85.5566,-85.4246,-85.3003
633,-86.8507,-86.613,-86.3999,-86.1704,-85.9668,-85.9587,-85.8417,-85.6969,-85.5573,-85.4253,-85.3013
634,-86.8507,-86.6131,-86.4001,-86.1706,-85.9671,-85.959,-85.8421,-85.6974,-85.5579,-85.4261,-85.3022
635,-86.8507,-86.6132,-86.4002,-86.1708,-85.9674,-85.9594,-85.8426,-85.6979,-85.5585,-85.4268,-85.3031
636,-86.8507,-86.6133,-86.4004,-86.1711,-85.9676,-85.9597,-85.843,-85.6984,-85.5591,-85.4276,-85.304
637,-86.8507,-86.6135,-86.4006,-86.1713,-85.9679,-85.9601,-85.8434,-85.6989,-85.5597,-85.4283,-85.3049
638,-86.8507,-86.6136,-86.4008,-86.1715,-85.9681,-85.9604,-85.8438,-85.6994,-85.5604,-85.4291,-85.3058
639,-86.8507,-86.6137,-86.4009,-86.1717,-85.9684,-85.9607,-85.8443,-85.6999,-85.561,-85.4298,-85.3066
640,-86.8507,-86.6138,-86.4011,-86.1719,-85.9686,-85.9611,-85.8447,-85.7004,-85.5616,-85.4305,-85.3075
641,-86.8508,-86.6139,-86.4013,-86.1721,-85.9689,-85.9614,-85.8451,-85.7009,-85.5622,-85.4312,-85.3084
642,-86.8508,-86.614,-86.4014,-86.1723,-85.9691,-85.9618,-85.8455,-85.7014,-85.5627,-85.4319,-85.3092
643,-86.8508,-86.6141,-86.4016,-86.1725,-85.9694,-85.9621,-85.8459,-85.7019,-85.5633,-85.4326,-85.3101
644,-86.8508,-86.6142,-86.4018,-86.1728,-85.9696,-85.9624,-85.8463,-85.7024,-85.5639,-85.4333,-85.3109
645,-86.8508,-86.6144,-86.4019,-86.173,-85.9699,-85.9627,-85.8467,-85.7029,-85.5645,-85.434,-85.3118
646,-86.8508,-86.6145,-86.4021,-86.1732,-85.9701,-85.9631,-85.8471,-85.7034,-85.5651,-85.4347,-85.3126
647,-86.8508,-86.6146,-86.4023,-86.1734,-85.9703,-85.9634,-85.8475,-85.7039,-85.5656,-85.4354,-85.3134
648,-86.8508,-86.6147,-86.4024,-86.1736,-85.9706,-85.9637,-85.8479,-85.7043,-85.5662,-85.4361,-85.3142
649,-86.8508,-86.6148,-86.4026,-86.1738,-85.9708,-85.964,-85.8483,-85.7048,-85.5668,-85.4368,-85.315
650,-86.8508,-86.6149,-86.4028,-86.174,-85.971,-85.9643,-85.8487,-85.7053,-85.5673,-85.4374,-85.3158
651,-86.8508,-86.615,-86.4029,-86.1742,-85.9713,-85.9647,-85.8491,-85.7057,-85.5679,-85.4381,-85.3166
652,-86.8508,-86.6151,-86.4031,-86.1744,-85.9715,-85.965,-85.8495,-85.7062,-85.5684,-85.4387,-85.3174
653,-86.8508,-86.6152,-86.4032,-86.1746,-85.9717,-85.9653,-85.8499,-85.7066,-85.569,-85.4394,-85.3182
654,-86.8508,-86.6153,-86.4034,-86.1748,-85.972,-85.9656,-85.8503,-85.7071,-85.5695,-85.44,-85.319
655,-86.8508,-86.6154,-86.4036,-86.175,-85.9722,-85.9659,-85.8506,-85.7075,-85.57,-85.4407,-85.3197
656,-86.8509,-86.6155,-86.4037,-86.1752,-85.9724,-85.9662,-85.851,-85.708,-85.5706,-85.4413,-85.3205
657,-86.8509,-86.6157,-86.4039,-86.1754,-85.9727,-85.9665,-85.8514,-85.7084,-85.5711,-85.4419,-85.3212
658,-86.8509,-86.6158,-86.404,-86.1755,-85.9729,-85.9668,-85.8518,-85.7089,-85.5716,-85.4426,-85.322
659,-86.8509,-86.6159,-86.4042,-86.1757,-85.9731,-85.9671,-85.8521,-85.7093,-85.5721,-85.4432,-85.3227
660,-86.8509,-86.616,-86.4043,-86.1759,-85.9733,-85.9674,-85.8525,-85.7097,-85.5726,-85.4438,-85.3235
661,-86.8509,-86.6161,-86.4045,-86.1761,-85.9736,-85.9677,-85.8529,-85.7102,-85.5732,-85.4444,-85.3242
662,-86.8509,-86.6162,-86.4046,-86.1763,-85.9738,-85.968,-85.8532,-85.7106,-85.5737,-85.445,-85.3249
663,-86.8509,-86.6163,-86.4048,-86.1765,-85.974,-85.9683,-85.8536,-85.711,-85.5742,-85.4456,-85.3256
664,-86.8509,-86.6164,-86.4049,-86.1767,-85.9742,-85.9686,-85.8539,-85.7114,-85.5747,-85.4462,-85.3263
665,-86.8509,-86.6165,-86.4051,-86.1769,-85.9744,-85.9689,-85.8543,-85.7119,-85.5752,-85.4468,-85.327
666,-86.8509,-86.6166,-86.4052,-86.1771,-85.9746,-85.9692,-85.8546,-85.7123,-85.5757,-85.4474,-85.3277
667,-86.8509,-86.6167,-86.4054,-86.1772,-85.9749,-85.9694,-85.855,-85.7127,-85.5761,-85.448,-85.3284
668,-86.8509,-86.6168,-86.4055,-86.1774,-85.9751,-85.9697,-85.8553,-85.7131,-85.5766,-85.4485,-85.3291
669,-86.8509,-86.6169,-86.4057,-86.1776,-85.9753,-85.97,-85.8557,-85.7135,-85.5771,-85.4491,-85.3298
670,-86.8509,-86.617,-86.4058,-86.1778,-85.9755,-85.9703,-85.856,-85.7139,-85.5776,-85.4497,-85.3305
671,-86.8509,-86.6171,-86.406,-86.178,-85.9757,-85.9706,-85.8564,-85.7143,-85.5781,-85.4503,-85.3312
672,-86.851,-86.6172,-86.4061,-86.1781,-85.9759,-85.9708,-85.8567,-85.7147,-85.5785,-85.4508,-85.3318
673,-86.851,-86.6173,-86.4063,-86.1783,-85.9761,-85.9711,-85.857,-85.7151,-85.579,-85.4514,-85.3325
674,-86.851,-86.6174,-86.4064,-86.1785,-85.9763,-85.9714,-85.8574,-85.7155,-85.5795,-85.4519,-85.3331
675,-86.851,-86.6175,-86.4066,-86.1787,-85.9765,-85.9717,-85.8577,-85.7159,-85.5799,-85.4525,-85.3338
676,-86.851,-86.6176,-86.4067,-86.1788,-85.9767,-85.9719,-85.858,-85.7163,-85.5804,-85.453,-85.3344
677,-86.851,-86.6177,-86.4069,-86.179,-85.9769,-85.9722,-85.8584,-85.7167,-85.5808,-85.4535,-85.3351
678,-86.851,-86.6178,-86.407,-86.1792,-85.9771,-85.9725,-85.8587,-85.717,-85.5813,-85.4541,-85.3357
679,-86.851,-86.6179,-86.4071,-86.1794,-85.9773,-85.9727,-85.859,-85.7174,-85.5817,-85.4546,-85.3363
680,-86.851,-86.618,-86.4073,-86.1795,-85.9775,-85.973,-85.8593,-85.7178,-85.5822,-85.4551,-85.337
681,-86.851,-86.6181,-86.4074,-86.1797,-85.9777,-85.9733,-85.8597,-85.7182,-85.5826,-85.4557,-85.3376
682,-86.851,-86.6182,-86.4076,-86.1799,-85.9779,-85.9735,-85.86,-85.7185,-85.5831,-85.4562,-85.3382
683,-86.851,-86.6183,-86.4077,-86.18,-85.9781,-85.9738,-85.8603,-85.7189,-85.5835,-85.4567,-85.3388
684,-86.851,-86.6184,-86.4078,-86.1802,-85.9783,-85.974,-85.8606,-85.7193,-85.5839,-85.4572,-85.3394
685,-86.851,-86.6184,-86.408,-86.1804,-85.9785,-85.9743,-85.8609,-85.7196,-85.5843,-85.4577,-85.34
686,-86.851,-86.6185,-86.4081,-86.1805,-85.9787,-85.9745,-85.8612,-85.72,-85.5848,-85.4582,-85.3406
687,-86.851,-86.6186,-86.4082,-86.1807,-85.9789,-85.9748,-85.8615,-85.7204,-85.5852,-85.4587,-85.3412
688,-86.851,-86.6187,-86.4084,-86.1809,-85.9791,-85.975,-85.8618,-85.7207,-85.5856,-85.4592,-85.3418
689,-86.851,-86.6188,-86.4085,-86.181,-85.9793,-85.9753,-85.8621,-85.7211,-85.586,-85.4597,-85.3424
690,-86.8511,-86.6189,-86.4086,-86.1812,-85.9794,-85.9755,-85.8624,-85.7214,-85.5864,-85.4602,-85.3429
691,-86.8511,-86.619,-86.4088,-86.1814,-85.9796,-85.9758,-85.8627,-85.7218,-85.5868,-85.4607,-85.3435
692,-86.8511,-86.6191,-86.4089,-86.1815,-85.9798,-85.976,-85.863,-85.7221,-85.5873,-85.4611,-85.3441
693,-86.8511,-86.6192,-86.409,-86.1817,-85.98,-85.9763,-85.8633,-85.7225,-85.5877,-85.4616,-85.3446
694,-86.8511,-86.6193,-86.4092,-86.1818,-85.9802,-85.9765,-85.8636,-85.7228,-85.5881,-85.4621,-85.3452
695,-86.8511,-86.6194,-86.4093,-86.182,-85.9804,-85.9768,-85.8639,-85.7231,-85.5885,-85.4626,-85.3457
696,-86.8511,-86.6195,-86.4094,-86.1822,-85.9805,-85.977,-85.8642,-85.7235,-85.5889,-85.463,-85.3463
697,-86.8511,-86.6195,-86.4096,-86.1823,-85.9807,-85.9772,-85.8645,-85.7238,-85.5892,-85.4635,-85.3468
698,-86.8511,-86.6196,-86.4097,-86.1825,-85.9809,-85.9775,-85.8648,-85.7241,-85.5896,-85.4639,-85.3474
699,-86.8511,-86.6197,-86.4098,-86.1826,-85.9811,-85.9777,-85.8651,-85.7245,-85.59,-85.4644,-85.3479
700,-86.8511,-86.6198,-86.41,-86.1828,-85.9813,-85.9779,-85.8653,-85.7248,-85.5904,-85.4648,-85.3484
701,-86.8511,-86.6199,-86.4101,-86.1829,-85.9814,-85.9782,-85.8656,-85.7251,-85.5908,-85.4653,-85.349
702,-86.8511,-86.62,-86.4102,-86.1831,-85.9816,-85.9784,-85.8659,-85.7255,-85.5912,-85.4657,-85.3495
703,-86.8511,-86.6201,-86.4103,-86.1832,-85.9818,-85.9786,-85.8662,-85.7258,-85.5915,-85.4662,-85.35
704,-86.8511,-86.6202,-86.4105,-86.1834,-85.982,-85.9789,-85.8665,-85.7261,-85.5919,-85.4666,-85.3505
705,-86.8511,-86.6203,-86.4106,-86.1835,-85.9821,-85.9791,-85.8667,-85.7264,-85.5923,-85.467,-85.351
706,-86.8511,-86.6203,-86.4107,-86.1837,-85.9823,-85.9793,-85.867,-85.7267,-85.5927,-85.4675,-85.3515
707,-86.8511,-86.6204,-86.4108,-86.1838,-85.9825,-85.9795,-85.8673,-85.727,-85.593,-85.4679,-85.352
708,-86.8512,-86.6205,-86.411,-86.184,-85.9826,-85.9798,-85.8675,-85.7274,-85.5934,-85.4683,-85.3525
709,-86.8512,-86.6206,-86.4111,-86.1841,-85.9828,-85.98,-85.8678,-85.7277,-85.5937,-85.4688,-85.353
710,-86.8512,-86.6207,-86.4112,-86.1843,-85.983,-85.9802,-85.8681,-85.728,-85.5941,-85.4692,-85.3535
711,-86.8512,-86.6208,-86.4113,-86.1844,-85.9832,-85.9804,-85.8683,-85.7283,-85.5945,-85.4696,-85.354
712,-86.8512,-86.6209,-86.4114,-86.1846,-85.9833,-85.9806,-85.8686,-85.7286,-85.5948,-85.47,-85.3545
713,-86.8512,-86.6209,-86.4116,-86.1847,-85.9835,-85.9808,-85.8689,-85.7289,-85.5952,-85.4704,-85.355
714,-86.8512,-86.621,-86.4117,-86.1849,-85.9836,-85.9811,-85.8691,-85.7292,-85.5955,-85.4708,-85.3555
715,-86.8512,-86.6211,-86.4118,-86.185,-85.9838,-85.9813,-85.8694,-85.7295,-85.5959,-85.4712,-85.3559
716,-86.8512,-86.6212,-86.4119,-86.1851,-85.984,-85.9815,-85.8696,-85.7298,-85.5962,-85.4716,-85.3564
717,-86.8512,-86.6213,-86.412,-86.1853,-85.9841,-85.9817,-85.8699,-85.7301,-85.5965,-85.472,-85.3569
718,-86.8512,-86.6214,-86.4122,-86.1854,-85.9843,-85.9819,-85.8701,-85.7304,-85.5969,-85.4724,-85.3573
719,-86.8512,-86.6214,-86.4123,-86.1856,-85.9845,-85.9821,-85.8704,-85.7307,-85.5972,-85.4728,-85.3578
720,-86.8512,-86.6215,-86.4124,-86.1857,-85.9846,-85.9823,-85.8706,-85.7309,-85.5975,-85.4732,-85.3583
721,-86.8512,-86.6216,-86.4125,-86.1859,-85.9848,-85.9825,-85.8709,-85.7312,-85.5979,-85.4736,-85.3587
722,-86.8512,-86.6217,-86.4126,-86.186,-85.9849,-85.9827,-85.8711,-85.7315,-85.5982,-85.474,-85.3592
723,-86.8512,-86.6218,-86.4127,-86.1861,-85.9851,-85.9829,-85.8714,-85.7318,-85.5985,-85.4743,-85.3596
724,-86.8512,-86.6219,-86.4129,-86.1863,-85.9852,-85.9831,-85.8716,-85.7321,-85.5989,-85.4747,-85.36
725,-86.8512,-86.6219,-86.413,-86.1864,-85.9854,-85.9833,-85.8719,-85.7324,-85.5992,-85.4751,-85.3605
726,-86.8512,-86.622,-86.4131,-86.1865,-85.9856,-85.9836,-85.8721,-85.7326,-85.5995,-85.4755,-85.3609
727,-86.8513,-86.6221,-86.4132,-86.1867,-85.9857,-85.9838,-85.8723,-85.7329,-85.5998,-85.4758,-85.3613
728,-86.8513,-86.6222,-86.4133,-86.1868,-85.9859,-85.9839,-85.8726,-85.7332,-85.6001,-85.4762,-85.3618
729,-86.8513,-86.6223,-86.4134,-86.1869,-85.986,-85.9841,-85.8728,-85.7334,-85.6004,-85.4766,-85.3622
730,-86.8513,-86.6223,-86.4135,-86.1871,-85.9862,-85.9843,-85.873,-85.7337,-85.6008,-85.4769,-85.3626
731,-86.8513,-86.6224,-86.4137,-86.1872,-85.9863,-85.9845,-85.8733,-85.734,-85.6011,-85.4773,-85.363
732,-86.8513,-86.6225,-86.4138,-86.1873,-85.9865,-85.9847,-85.8735,-85.7343,-85.6014,-85.4777,-85.3635
733,-86.8513,-86.6226,-86.4139,-86.1875,-85.9866,-85.9849,-85.8737,-85.7345,-85.6017,-85.478,-85.3639
734,-86.8513,-86.6226,-86.414,-86.1876,-85.9868,-85.9851,-85.874,-85.7348,-85.602,-85.4784,-85.3643
735,-86.8513,-86.6227,-86.4141,-86.1877,-85.9869,-85.9853,-85.8742,-85.735,-85.6023,-85.4787,-85.3647
736,-86.8513,-86.6228,-86.4142,-86.1879,-85.9871,-85.9855,-85.8744,-85.7353,-85.6026,-85.4791,-85.3651
737,-86.8513,-86.6229,-86.4143,-86.188,-85.9872,-85.9857,-85.8746,-85.7356,-85.6029,-85.4794,-85.3655
738,-86.8513,-86.623,-86.4144,-86.1881,-85.9873,-85.9859,-85.8749,-85.7358,-85.6032,-85.4797,-85.3659
739,-86.8513,-86.623,-86.4145,-86.1882,-85.9875,-85.9861,-85.8751,-85.7361,-85.6035,-85.4801,-85.3663
740,-86.8513,-86.6231,-86.4146,-86.1884,-85.9876,-85.9862,-85.8753,-85.7363,-85.6038,-85.4804,-85.3667
741,-86.8513,-86.6232,-86.4147,-86.1885,-85.9878,-85.9864,-85.8755,-85.7366,-85.6041,-85.4808,-85.3671
742,-86.8513,-86.6233,-86.4148,-86.1886,-85.9879,-85.9866,-85.8757,-85.7368,-85.6043,-85.4811,-85.3674
743,-86.8513,-86.6233,-86.4149,-86.1887,-85.9881,-85.9868,-85.876,-85.7371,-85.6046,-85.4814,-85.3678
744,-86.8513,-86.6234,-86.4151,-86.1889,-85.9882,-85.987,-85.8762,-85.7373,-85.6049,-85.4818,-85.3682
745,-86.8513,-86.6235,-86.4152,-86.189,-85.9883,-85.9872,-85.8764,-85.7376,-85.6052,-85.4821,-85.3686
746,-86.8513,-86.6236,-86.4153,-86.1891,-85.9885,-85.9873,-85.8766,-85.7378,-85.6055,-85.4824,-85.369
747,-86.8514,-86.6236,-86.4154,-86.1892,-85.9886,-85.9875,-85.8768,-85.7381,-85.6058,-85.4827,-85.3693
748,-86.8514,-86.6237,-86.4155,-86.1894,-85.9888,-85.9877,-85.877,-85.7383,-85.606,-85.483,-85.3697
749,-86.8514,-86.6238,-86.4156,-86.1895,-85.9889,-85.9879,-85.8772,-85.7385,-85.6063,-85.4834,-85.3701
750,-86.8514,-86.6239,-86.4157,-86.1896,-85.989,-85.988,-85.8774,-85.7388,-85.6066,-85.4837,-85.3704
751,-86.8514,-86.6239,-86.4158,-86.1897,-85.9892,-85.9882,-85.8777,-85.739,-85.6068,-85.484,-85.3708
752,-86.8514,-86.624,-86.4159,-86.1898,-85.9893,-85.9884,-85.8779,-85.7392,-85.6071,-85.4843,-85.3712
753,-86.8514,-86.6241,-86.416,-86.19,-85.9894,-85.9886,-85.8781,-85.7395,-85.6074,-85.4846,-85.3715
754,-86.8514,-86.6241,-86.4161,-86.1901,-85.9896,-85.9887,-85.8783,-85.7397,-85.6076,-85.4849,-85.3719
755,-86.8514,-86.6242,-86.4162,-86.1902,-85.9897,-85.9889,-85.8785,-85.7399,-85.6079,-85.4852,-85.3722
756,-86.8514,-86.6243,-86.4163,-86.1903,-85.9898,-85.9891,-85.8787,-85.7402,-85.6082,-85.4855,-85.3726
757,-86.8514,-86.6244,-86.4164,-86.1904,-85.99,-85.9892,-85.8789,-85.7404,-85.6084,-85.4858,-85.3729
758,-86.8514,-86.6244,-86.4165,-86.1905,-85.9901,-85.9894,-85.8791,-85.7406,-85.6087,-85.4861,-85.3733
759,-86.8514,-86.6245,-86.4166,-86.1907,-85.9902,-85.9896,-85.8793,-85.7408,-85.609,-85.4864,-85.3736
760,-86.8514,-86.6246,-86.4167,-86.1908,-85.9904,-85.9897,-85.8795,-85.7411,-85.6092,-85.4867,-85.3739
761,-86.8514,-86.6246,-86.4168,-86.1909,-85.9905,-85.9899,-85.8797,-85.7413,-85.6095,-85.487,-85.3743
762,-86.8514,-86.6247,-86.4169,-86.191,-85.9906,-85.9901,-85.8799,-85.7415,-85.6097,-85.4873,-85.3746
763,-86.8514,-86.6248,-86.417,-86.1911,-85.9908,-85.9902,-85.88,-85.7417,-85.61,-85.4876,-85.3749
764,-86.8514,-86.6249,-86.4171,-86.1912,-85.9909,-85.9904,-85.8802,-85.7419,-85.6102,-85.4879,-85.3753
765,-86.8514,-86.6249,-86.4172,-86.1913,-85.991,-85.9906,-85.8804,-85.7422,-85.6105,-85.4881,-85.3756
766,-86.8514,-86.625,-86.4172,-86.1915,-85.9911,-85.9907,-85.8806,-85.7424,-85.6107,-85.4884,-85.3759
767,-86.8514,-86.6251,-86.4173,-86.1916,-85.9913,-85.9909,-85.8808,-85.7426,-85.611,-85.4887,-85.3762
768,-86.8514,-86.6251,-86.4174,-86.1917,-85.9914,-85.991,-85.881,-85.7428,-85.6112,-85.489,-85.3766
769,-86.8515,-86.6252,-86.4175,-86.1918,-85.9915,-85.9912,-85.8812,-85.743,-85.6114,-85.4893,-85.3769
770,-86.8515,-86.6253,-86.4176,-86.1919,-85.9916,-85.9914,-85.8814,-85.7432,-85.6117,-85.4895,-85.3772
771,-86.8515,-86.6253,-86.4177,-86.192,-85.9918,-85.9915,-85.8816,-85.7434,-85.6119,-85.4898,-85.3775
772,-86.8515,-86.6254,-86.4178,-86.1921,-85.9919,-85.9917,-85.8817,-85.7437,-85.6122,-85.4901,-85.3778
773,-86.8515,-86.6255,-86.4179,-86.1922,-85.992,-85.9918,-85.8819,-85.7439,-85.6124,-85.4903,-85.3781
774,-86.8515,-86.6255,-86.418,-86.1923,-85.9921,-85.992,-85.8821,-85.7441,-85.6126,-85.4906,-85.3784
775,-86.8515,-86.6256,-86.4181,-86.1924,-85.9922,-85.9921,-85.8823,-85.7443,-85.6129,-85.4909,-85.3787
776,-86.8515,-86.6257,-86.4182,-86.1925,-85.9924,-85.9923,-85.8825,-85.7445,-85.6131,-85.4911,-85.379
777,-86.8515,-86.6257,-86.4183,-86.1927,-85.9925,-85.9924,-85.8826,-85.7447,-85.6133,-85.4914,-85.3793
778,-86.8515,-86.6258,-86.4184,-86.1928,-85.9926,-85.9926,-85.8828,-85.7449,-85.6135,-85.4917,-85.3796
779,-86.8515,-86.6259,-86.4184,-86.1929,-85.9927,-85.9927,-85.883,-85.7451,-85.6138,-85.4919,-85.3799
780,-86.8515,-86.6259,-86.4185,-86.193,-85.9928,-85.9929,-85.8832,-85.7453,-85.614,-85.4922,-85.3802
781,-86.8515,-86.626,-86.4186,-86.1931,-85.993,-85.993,-85.8833,-85.7455,-85.6142,-85.4924,-85.3805
782,-86.8515,-86.6261,-86.4187,-86.1932,-85.9931,-85.9932,-85.8835,-85.7457,-85.6144,-85.4927,-85.3808
783,-86.8515,-86.6261,-86.4188,-86.1933,-85.9932,-85.9933,-85.8837,-85.7459,-85.6147,-85.4929,-85.3811
784,-86.8515,-86.6262,-86.4189,-86.1934,-85.9933,-85.9935,-85.8839,-85.7461,-85.6149,-85.4932,-85.3814
785,-86.8515,-86.6263,-86.419,-86.1935,-85.9934,-85.9936,-85.884,-85.7462,-85.6151,-85.4934,-85.3817
786,-86.8515,-86.6263,-86.4191,-86.1936,-85.9935,-85.9938,-85.8842,-85.7464,-85.6153,-85.4937,-85.382
787,-86.8515,-86.6264,-86.4192,-86.1937,-85.9937,-85.9939,-85.8844,-85.7466,-85.6155,-85.4939,-85.3822
788,-86.8515,-86.6264,-86.4192,-86.1938,-85.9938,-85.9941,-85.8845,-85.7468,-85.6158,-85.4942,-85.3825
789,-86.8515,-86.6265,-86.4193,-86.1939,-85.9939,-85.9942,-85.8847,-85.747,-85.616,-85.4944,-85.3828
790,-86.8515,-86.6266,-86.4194,-86.194,-85.994,-85.9943,-85.8849,-85.7472,-85.6162,-85.4947,-85.3831
791,-86.8515,-86.6266,-86.4195,-86.1941,-85.9941,-85.9945,-85.885,-85.7474,-85.6164,-85.4949,-85.3833
792,-86.8515,-86.6267,-86.4196,-86.1942,-85.9942,-85.9946,-85.8852,-85.7476,-85.6166,-85.4951,-85.3836
793,-86.8516,-86.6268,-86.4197,-86.1943,-85.9943,-85.9948,-85.8854,-85.7478,-85.6168,-85.4954,-85.3839
794,-86.8516,-86.6268,-86.4198,-86.1944,-85.9944,-85.9949,-85.8855,-85.7479,-85.617,-85.4956,-85.3841
795,-86.8516,-86.6269,-86.4198,-86.1945,-85.9946,-85.995,-85.8857,-85.7481,-85.6172,-85.4959,-85.3844
796,-86.8516,-86.6269,-86.4199,-86.1946,-85.9947,-85.9952,-85.8858,-85.7483,-85.6174,-85.4961,-85.3847
797,-86.8516,-86.627,-86.42,-86.1947,-85.9948,-85.9953,-85.886,-85.7485,-85.6176,-85.4963,-85.3849
798,-86.8516,-86.6271,-86.4201,-86.1948,-85.9949,-85.9955,-85.8862,-85.7487,-85.6178,-85.4965,-85.3852
799,-86.8516,-86.6271,-86.4202,-86.1949,-85.995,-85.9956,-85.8863,-85.7488,-85.618,-85.4968,-85.3855
800,-86.8516,-86.6272,-86.4203,-86.195,-85.9951,-85.9957,-85.8865,-85.749,-85.6182,-85.497,-85.3857
801,-86.8516,-86.6273,-86.4203,-86.1951,-85.9952,-85.9959,-85.8866,-85.7492,-85.6184,-85.4972,-85.386
802,-86.8516,-86.6273,-86.4204,-86.1952,-85.9953,-85.996,-85.8868,-85.7494,-85.6186,-85.4974,-85.3862
803,-86.8516,-86.6274,-86.4205,-86.1953,-85.9954,-85.9961,-85.8869,-85.7495,-85.6188,-85.4977,-85.3865
804,-86.8516,-86.6274,-86.4206,-86.1954,-85.9955,-85.9963,-85.8871,-85.7497,-85.619,-85.4979,-85.3867
805,-86.8516,-86.6275,-86.4207,-86.1954,-85.9956,-85.9964,-85.8873,-85.7499,-85.6192,-85.4981,-85.387
806,-86.8516,-86.6276,-86.4207,-86.1955,-85.9957,-85.9965,-85.8874,-85.7501,-85.6194,-85.4983,-85.3872
807,-86.8516,-86.6276,-86.4208,-86.1956,-85.9958,-85.9967,-85.8876,-85.7502,-85.6196,-85.4985,-85.3875
808,-86.8516,-86.6277,-86.4209,-86.1957,-85.9959,-85.9968,-85.8877,-85.7504,-85.6198,-85.4988,-85.3877
809,-86.8516,-86.6277,-86.421,-86.1958,-85.9961,-85.9969,-85.8879,-85.7506,-85.62,-85.499,-85.388
810,-86.8516,-86.6278,-86.4211,-86.1959,-85.9962,-85.997,-85.888,-85.7507,-85.6202,-85.4992,-85.3882
811,-86.8516,-86.6278,-86.4211,-86.196,-85.9963,-85.9972,-85.8882,-85.7509,-85.6204,-85.4994,-85.3884
812,-86.8516,-86.6279,-86.4212,-86.1961,-85.9964,-85.9973,-85.8883,-85.7511,-85.6205,-85.4996,-85.3887
813,-86.8516,-86.628,-86.4213,-86.1962,-85.9965,-85.9974,-85.8885,-85.7512,-85.6207,-85.4998,-85.3889
814,-86.8516,-86.628,-86.4214,-86.1963,-85.9966,-85.9975,-85.8886,-85.7514,-85.6209,-85.5,-85.3892
815,-86.8516,-86.6281,-86.4215,-86.1964,-85.9967,-85.9977,-85.8887,-85.7516,-85.6211,-85.5002,-85.3894
816,-86.8516,-86.6281,-86.4215,-86.1965,-85.9968,-85.9978,-85.8889,-85.7517,-85.6213,-85.5004,-85.3896
817,-86.8516,-86.6282,-86.4216,-86.1965,-85.9969,-85.9979,-85.889,-85.7519,-85.6215,-85.5006,-85.3898
818,-86.8517,-86.6282,-86.4217,-86.1966,-85.997,-85.998,-85.8892,-85.752,-85.6216,-85.5008,-85.3901
819,-86.8517,-86.6283,-86.4218,-86.1967,-85.9971,-85.9982,-85.8893,-85.7522,-85.6218,-85.501,-85.3903
820,-86.8517,-86.6284,-86.4218,-86.1968,-85.9972,-85.9983,-85.8895,-85.7524,-85.622,-85.5013,-85.3905
821,-86.8517,-86.6284,-86.4219,-86.1969,-85.9973,-85.9984,-85.8896,-85.7525,-85.6222,-85.5014,-85.3908
822,-86.8517,-86.6285,-86.422,-86.197,-85.9974,-85.9985,-85.8897,-85.7527,-85.6223,-85.5016,-85.391
823,-86.8517,-86.6285,-86.4221,-86.1971,-85.9975,-85.9987,-85.8899,-85.7528,-85.6225,-85.5018,-85.3912
824,-86.8517,-86.6286,-86.4221,-86.1972,-85.9976,-85.9988,-85.89,-85.753,-85.6227,-85.502,-85.3914
825,-86.8517,-86.6286,-86.4222,-86.1972,-85.9977,-85.9989,-85.8902,-85.7531,-85.6229,-85.5022,-85.3916
826,-86.8517,-86.6287,-86.4223,-86.1973,-85.9978,-85.999,-85.8903,-85.7533,-85.623,-85.5024,-85.3919
827,-86.8517,-86.6288,-86.4224,-86.1974,-85.9978,-85.9991,-85.8904,-85.7534,-85.6232,-85.5026,-85.3921
828,-86.8517,-86.6288,-86.4224,-86.1975,-85.9979,-85.9992,-85.8906,-85.7536,-85.6234,-85.5028,-85.3923
829,-86.8517,-86.6289,-86.4225,-86.1976,-85.998,-85.9994,-85.8907,-85.7537,-85.6235,-85.503,-85.3925
830,-86.8517,-86.6289,-86.4226,-86.1977,-85.9981,-85.9995,-85.8908,-85.7539,-85.6237,-85.5032,-85.3927
831,-86.8517,-86.629,-86.4226,-86.1977,-85.9982,-85.9996,-85.891,-85.754,-85.6239,-85.5034,-85.3929
832,-86.8517,-86.629,-86.4227,-86.1978,-85.9983,-85.9997,-85.8911,-85.7542,-85.6241,-85.5036,-85.3931
833,-86.8517,-86.6291,-86.4228,-86.1979,-85.9984,-85.9998,-85.8912,-85.7543,-85.6242,-85.5038,-85.3934
834,-86.8517,-86.6291,-86.4229,-86.198,-85.9985,-85.9999,-85.8914,-85.7545,-85.6244,-85.5039,-85.3936
835,-86.8517,-86.6292,-86.4229,-86.1981,-85.9986,-86.0001,-85.8915,-85.7546,-85.6245,-85.5041,-85.3938
836,-86.8517,-86.6292,-86.423,-86.1982,-85.9987,-86.0002,-85.8916,-85.7548,-85.6247,-85.5043,-85.394
837,-86.8517,-86.6293,-86.4231,-86.1982,-85.9988,-86.0003,-85.8918,-85.7549,-85.6249,-85.5045,-85.3942
838,-86.8517,-86.6293,-86.4231,-86.1983,-85.9989,-86.0004,-85.8919,-85.7551,-85.625,-85.5047,-85.3944
839,-86.8517,-86.6294,-86.4232,-86.1984,-85.999,-86.0005,-85.892,-85.7552,-85.6252,-85.5048,-85.3946
840,-86.8517,-86.6295,-86.4233,-86.1985,-85.9991,-86.0006,-85.8921,-85.7554,-85.6254,-85.505,-85.3948
841,-86.8517,-86.6295,-86.4234,-86.1986,-85.9992,-86.0007,-85.8923,-85.7555,-85.6255,-85.5052,-85.395
842,-86.8517,-86.6296,-86.4234,-86.1987,-85.9992,-86.0008,-85.8924,-85.7556,-85.6257,-85.5054,-85.3952
843,-86.8517,-86.6296,-86.4235,-86.1987,-85.9993,-86.001,-85.8925,-85.7558,-85.6258,-85.5056,-85.3954
844,-86.8517,-86.6297,-86.4236,-86.1988,-85.9994,-86.0011,-85.8927,-85.7559,-85.626,-85.5057,-85.3956
845,-86.8517,-86.6297,-86.4236,-86.1989,-85.9995,-86.0012,-85.8928,-85.7561,-85.6261,-85.5059,-85.3958
846,-86.8518,-86.6298,-86.4237,-86.199,-85.9996,-86.0013,-85.8929,-85.7562,-85.6263,-85.5061,-85.396
847,-86.8518,-86.6298,-86.4238,-86.199,-85.9997,-86.0014,-85.893,-85.7563,-85.6264,-85.5062,-85.3961
848,-86.8518,-86.6299,-86.4238,-86.1991,-85.9998,-86.0015,-85.8932,-85.7565,-85.6266,-85.5064,-85.3963
849,-86.8518,-86.6299,-86.4239,-86.1992,-85.9999,-86.0016,-85.8933,-85.7566,-85.6268,-85.5066,-85.3965
850,-86.8518,-86.63,-86.424,-86.1993,-86,-86.0017,-85.8934,-85.7567,-85.6269,-85.5068,-85.3967
851,-86.8518,-86.63,-86.424,-86.1994,-86,-86.0018,-85.8935,-85.7569,-85.6271,-85.5069,-85.3969
852,-86.8518,-86.6301,-86.4241,-86.1994,-86.0001,-86.0019,-85.8936,-85.757,-85.6272,-85.5071,-85.3971
853,-86.8518,-86.6301,-86.4242,-86.1995,-86.0002,-86.002,-85.8938,-85.7572,-85.6274,-85.5073,-85.3973
854,-86.8518,-86.6302,-86.4242,-86.1996,-86.0003,-86.0021,-85.8939,-85.7573,-85.6275,-85.5074,-85.3975
855,-86.8518,-86.6302,-86.4243,-86.1997,-86.0004,-86.0022,-85.894,-85.7574,-85.6276,-85.5076,-85.3976
856,-86.8518,-86.6303,-86.4244,-86.1997,-86.0005,-86.0023,-85.8941,-85.7575,-85.6278,-85.5078,-85.3978
857,-86.8518,-86.6303,-86.4244,-86.1998,-86.0006,-86.0024,-85.8942,-85.7577,-85.6279,-85.5079,-85.398
858,-86.8518,-86.6304,-86.4245,-86.1999,-86.0006,-86.0025,-85.8944,-85.7578,-85.6281,-85.5081,-85.3982
859,-86.8518,-86.6304,-86.4246,-86.2,-86.0007,-86.0026,-85.8945,-85.7579,-85.6282,-85.5082,-85.3984
860,-86.8518,-86.6305,-86.4246,-86.2,-86.0008,-86.0027,-85.8946,-85.7581,-85.6284,-85.5084,-85.3985
861,-86.8518,-86.6305,-86.4247,-86.2001,-86.0009,-86.0028,-85.8947,-85.7582,-85.6285,-85.5086,-85.3987
862,-86.8518,-86.6306,-86.4248,-86.2002,-86.001,-86.0029,-85.8948,-85.7583,-85.6287,-85.5087,-85.3989
863,-86.8518,-86.6306,-86.4248,-86.2003,-86.0011,-86.003,-85.8949,-85.7585,-85.6288,-85.5089,-85.3991
864,-86.8518,-86.6307,-86.4249,-86.2003,-86.0012,-86.0031,-85.895,-85.7586,-85.6289,-85.509,-85.3993
865,-86.8518,-86.6307,-86.4249,-86.2004,-86.0012,-86.0032,-85.8952,-85.7587,-85.6291,-85.5092,-85.3994
866,-86.8518,-86.6308,-86.425,-86.2005,-86.0013,-86.0033,-85.8953,-85.7588,-85.6292,-85.5093,-85.3996
867,-86.8518,-86.6308,-86.4251,-86.2006,-86.0014,-86.0034,-85.8954,-85.759,-85.6294,-85.5095,-85.3998
868,-86.8518,-86.6308,-86.4251,-86.2006,-86.0015,-86.0035,-85.8955,-85.7591,-85.6295,-85.5096,-85.3999
869,-86.8518,-86.6309,-86.4252,-86.2007,-86.0016,-86.0036,-85.8956,-85.7592,-85.6296,-85.5098,-85.4001
870,-86.8518,-86.6309,-86.4253,-86.2008,-86.0016,-86.0037,-85.8957,-85.7593,-85.6298,-85.51,-85.4003
871,-86.8518,-86.631,-86.4253,-86.2008,-86.0017,-86.0038,-85.8958,-85.7595,-85.6299,-85.5101,-85.4004
872,-86.8518,-86.631,-86.4254,-86.2009,-86.0018,-86.0039,-85.8959,-85.7596,-85.63,-85.5103,-85.4006
873,-86.8518,-86.6311,-86.4254,-86.201,-86.0019,-86.004,-85.8961,-85.7597,-85.6302,-85.5104,-85.4008
874,-86.8518,-86.6311,-86.4255,-86.2011,-86.002,-86.0041,-85.8962,-85.7598,-85.6303,-85.5106,-85.4009
875,-86.8518,-86.6312,-86.4256,-86.2011,-86.002,-86.0042,-85.8963,-85.7599,-85.6304,-85.5107,-85.4011
876,-86.8519,-86.6312,-86.4256,-86.2012,-86.0021,-86.0043,-85.8964,-85.7601,-85.6306,-85.5108,-85.4013
877,-86.8519,-86.6313,-86.4257,-86.2013,-86.0022,-86.0044,-85.8965,-85.7602,-85.6307,-85.511,-85.4014
878,-86.8519,-86.6313,-86.4258,-86.2013,-86.0023,-86.0045,-85.8966,-85.7603,-85.6308,-85.5111,-85.4016
879,-86.8519,-86.6314,-86.4258,-86.2014,-86.0024,-86.0046,-85.8967,-85.7604,-85.631,-85.5113,-85.4018
880,-86.8519,-86.6314,-86.4259,-86.2015,-86.0024,-86.0047,-85.8968,-85.7605,-85.6311,-85.5114,-85.4019
881,-86.8519,-86.6315,-86.4259,-86.2015,-86.0025,-86.0048,-85.8969,-85.7607,-85.6312,-85.5116,-85.4021
882,-86.8519,-86.6315,-86.426,-86.2016,-86.0026,-86.0049,-85.897,-85.7608,-85.6314,-85.5117,-85.4022
883,-86.8519,-86.6315,-86.426,-86.2017,-86.0027,-86.005,-85.8971,-85.7609,-85.6315,-85.5119,-85.4024
884,-86.8519,-86.6316,-86.4261,-86.2018,-86.0028,-86.0051,-85.8972,-85.761,-85.6316,-85.512,-85.4025
885,-86.8519,-86.6316,-86.4262,-86.2018,-86.0028,-86.0052,-85.8973,-85.7611,-85.6318,-85.5121,-85.4027
886,-86.8519,-86.6317,-86.4262,-86.2019,-86.0029,-86.0052,-85.8974,-85.7612,-85.6319,-85.5123,-85.4029
887,-86.8519,-86.6317,-86.4263,-86.202,-86.003,-86.0053,-85.8975,-85.7613,-85.632,-85.5124,-85.403
888,-86.8519,-86.6318,-86.4263,-86.202,-86.0031,-86.0054,-85.8976,-85.7615,-85.6321,-85.5126,-85.4032
889,-86.8519,-86.6318,-86.4264,-86.2021,-86.0031,-86.0055,-85.8977,-85.7616,-85.6323,-85.5127,-85.4033
890,-86.8519,-86.6319,-86.4265,-86.2022,-86.0032,-86.0056,-85.8978,-85.7617,-85.6324,-85.5128,-85.4035
891,-86.8519,-86.6319,-86.4265,-86.2022,-86.0033,-86.0057,-85.8979,-85.7618,-85.6325,-85.513,-85.4036
892,-86.8519,-86.6319,-86.4266,-86.2023,-86.0034,-86.0058,-85.8981,-85.7619,-85.6326,-85.5131,-85.4038
893,-86.8519,-86.632,-86.4266,-86.2024,-86.0034,-86.0059,-85.8982,-85.762,-85.6327,-85.5132,-85.4039
894,-86.8519,-86.632,-86.4267,-86.2024,-86.0035,-86.006,-85.8983,-85.7621,-85.6329,-85.5134,-85.4041
895,-86.8519,-86.6321,-86.4267,-86.2025,-86.0036,-86.006,-85.8984,-85.7622,-85.633,-85.5135,-85.4042
896,-86.8519,-86.6321,-86.4268,-86.2026,-86.0037,-86.0061,-85.8985,-85.7624,-85.6331,-85.5136,-85.4044
897,-86.8519,-86.6322,-86.4269,-86.2026,-86.0037,-86.0062,-85.8985,-85.7625,-85.6332,-85.5138,-85.4045
898,-86.8519,-86.6322,-86.4269,-86.2027,-86.0038,-86.0063,-85.8986,-85.7626,-85.6334,-85.5139,-85.4047
899,-86.8519,-86.6322,-86.427,-86.2027,-86.0039,-86.0064,-85.8987,-85.7627,-85.6335,-85.514,-85.4048
900,-86.8519,-86.6323,-86.427,-86.2028,-86.004,-86.0065,-85.8988,-85.7628,-85.6336,-85.5142,-85.405
901,-86.8519,-86.6323,-86.4271,-86.2029,-86.004,-86.0066,-85.8989,-85.7629,-85.6337,-85.5143,-85.4051
902,-86.8519,-86.6324,-86.4271,-86.2029,-86.0041,-86.0067,-85.899,-85.763,-85.6338,-85.5144,-85.4052
903,-86.8519,-86.6324,-86.4272,-86.203,-86.0042,-86.0067,-85.8991,-85.7631,-85.6339,-85.5146,-85.4054
904,-86.8519,-86.6325,-86.4272,-86.2031,-86.0042,-86.0068,-85.8992,-85.7632,-85.6341,-85.5147,-85.4055
905,-86.8519,-86.6325,-86.4273,-86.2031,-86.0043,-86.0069,-85.8993,-85.7633,-85.6342,-85.5148,-85.4057
906,-86.8519,-86.6325,-86.4273,-86.2032,-86.0044,-86.007,-85.8994,-85.7634,-85.6343,-85.515,-85.4058
907,-86.8519,-86.6326,-86.4274,-86.2033,-86.0045,-86.0071,-85.8995,-85.7635,-85.6344,-85.5151,-85.4059
908,-86.8519,-86.6326,-86.4275,-86.2033,-86.0045,-86.0072,-85.8996,-85.7636,-85.6345,-85.5152,-85.4061
909,-86.852,-86.6327,-86.4275,-86.2034,-86.0046,-86.0072,-85.8997,-85.7637,-85.6346,-85.5153,-85.4062
910,-86.852,-86.6327,-86.4276,-86.2034,-86.0047,-86.0073,-85.8998,-85.7638,-85.6348,-85.5155,-85.4064
911,-86.852,-86.6327,-86.4276,-86.2035,-86.0047,-86.0074,-85.8999,-85.7639,-85.6349,-85.5156,-85.4065
912,-86.852,-86.6328,-86.4277,-86.2036,-86.0048,-86.0075,-85.9,-85.764,-85.635,-85.5157,-85.4066
913,-86.852,-86.6328,-86.4277,-86.2036,-86.0049,-86.0076,-85.9001,-85.7641,-85.6351,-85.5158,-85.4068
914,-86.852,-86.6329,-86.4278,-86.2037,-86.005,-86.0077,-85.9002,-85.7643,-85.6352,-85.516,-85.4069
915,-86.852,-86.6329,-86.4278,-86.2038,-86.005,-86.0077,-85.9003,-85.7644,-85.6353,-85.5161,-85.407
916,-86.852,-86.6329,-86.4279,-86.2038,-86.0051,-86.0078,-85.9004,-85.7645,-85.6354,-85.5162,-85.4072
917,-86.852,-86.633,-86.4279,-86.2039,-86.0052,-86.0079,-85.9004,-85.7646,-85.6355,-85.5163,-85.4073
918,-86.852,-86.633,-86.428,-86.2039,-86.0052,-86.008,-85.9005,-85.7647,-85.6357,-85.5164,-85.4074
919,-86.852,-86.6331,-86.428,-86.204,-86.0053,-86.0081,-85.9006,-85.7648,-85.6358,-85.5166,-85.4076
920,-86.852,-86.6331,-86.4281,-86.2041,-86.0054,-86.0081,-85.9007,-85.7649,-85.6359,-85.5167,-85.4077
921,-86.852,-86.6331,-86.4281,-86.2041,-86.0054,-86.0082,-85.9008,-85.765,-85.636,-85.5168,-85.4078
922,-86.852,-86.6332,-86.4282,-86.2042,-86.0055,-86.0083,-85.9009,-85.7651,-85.6361,-85.5169,-85.408
923,-86.852,-86.6332,-86.4282,-86.2042,-86.0056,-86.0084,-85.901,-85.7651,-85.6362,-85.517,-85.4081
924,-86.852,-86.6333,-86.4283,-86.2043,-86.0056,-86.0085,-85.9011,-85.7652,-85.6363,-85.5172,-85.4082
925,-86.852,-86.6333,-86.4283,-86.2044,-86.0057,-86.0085,-85.9012,-85.7653,-85.6364,-85.5173,-85.4083
926,-86.852,-86.6333,-86.4284,-86.2044,-86.0058,-86.0086,-85.9012,-85.7654,-85.6365,-85.5174,-85.4085
927,-86.852,-86.6334,-86.4284,-86.2045,-86.0058,-86.0087,-85.9013,-85.7655,-85.6366,-85.5175,-85.4086
928,-86.852,-86.6334,-86.4285,-86.2045,-86.0059,-86.0088,-85.9014,-85.7656,-85.6367,-85.5176,-85.4087
929,-86.852,-86.6335,-86.4285,-86.2046,-86.006,-86.0088,-85.9015,-85.7657,-85.6368,-85.5177,-85.4089
930,-86.852,-86.6335,-86.4286,-86.2046,-86.006,-86.0089,-85.9016,-85.7658,-85.6369,-85.5179,-85.409
931,-86.852,-86.6335,-86.4286,-86.2047,-86.0061,-86.009,-85.9017,-85.7659,-85.637,-85.518,-85.4091
932,-86.852,-86.6336,-86.4287,-86.2048,-86.0062,-86.0091,-85.9018,-85.766,-85.6371,-85.5181,-85.4092
933,-86.852,-86.6336,-86.4287,-86.2048,-86.0062,-86.0091,-85.9019,-85.7661,-85.6373,-85.5182,-85.4094
934,-86.852,-86.6337,-86.4288,-86.2049,-86.0063,-86.0092,-85.9019,-85.7662,-85.6374,-85.5183,-85.4095
935,-86.852,-86.6337,-86.4288,-86.2049,-86.0064,-86.0093,-85.902,-85.7663,-85.6375,-85.5184,-85.4096
936,-86.852,-86.6337,-86.4289,-86.205,-86.0064,-86.0094,-85.9021,-85.7664,-85.6376,-85.5185,-85.4097
937,-86.852,-86.6338,-86.4289,-86.205,-86.0065,-86.0094,-85.9022,-85.7665,-85.6377,-85.5186,-85.4098
938,-86.852,-86.6338,-86.429,-86.2051,-86.0066,-86.0095,-85.9023,-85.7666,-85.6378,-85.5188,-85.41
939,-86.852,-86.6338,-86.429,-86.2052,-86.0066,-86.0096,-85.9024,-85.7667,-85.6379,-85.5189,-85.4101
940,-86.852,-86.6339,-86.4291,-86.2052,-86.0067,-86.0097,-85.9024,-85.7668,-85.638,-85.519,-85.4102
941,-86.852,-86.6339,-86.4291,-86.2053,-86.0068,-86.0097,-85.9025,-85.7669,-85.6381,-85.5191,-85.4103
942,-86.852,-86.6339,-86.4292,-86.2053,-86.0068,-86.0098,-85.9026,-85.7669,-85.6382,-85.5192,-85.4104
943,-86.852,-86.634,-86.4292,-86.2054,-86.0069,-86.0099,-85.9027,-85.767,-85.6383,-85.5193,-85.4106
944,-86.852,-86.634,-86.4293,-86.2054,-86.007,-86.01,-85.9028,-85.7671,-85.6384,-85.5194,-85.4107
945,-86.852,-86.6341,-86.4293,-86.2055,-86.007,-86.01,-85.9029,-85.7672,-85.6385,-85.5195,-85.4108
946,-86.8521,-86.6341,-86.4294,-86.2055,-86.0071,-86.0101,-85.9029,-85.7673,-85.6386,-85.5196,-85.4109
947,-86.8521,-86.6341,-86.4294,-86.2056,-86.0072,-86.0102,-85.903,-85.7674,-85.6387,-85.5197,-85.411
948,-86.8521,-86.6342,-86.4295,-86.2057,-86.0072,-86.0103,-85.9031,-85.7675,-85.6388,-85.5198,-85.4112
949,-86.8521,-86.6342,-86.4295,-86.2057,-86.0073,-86.0103,-85.9032,-85.7676,-85.6389,-85.52,-85.4113
950,-86.8521,-86.6342,-86.4295,-86.2058,-86.0073,-86.0104,-85.9033,-85.7677,-85.639,-85.5201,-85.4114
951,-86.8521,-86.6343,-86.4296,-86.2058,-86.0074,-86.0105,-85.9033,-85.7678,-85.6391,-85.5202,-85.4115
952,-86.8521,-86.6343,-86.4296,-86.2059,-86.0075,-86.0105,-85.9034,-85.7678,-85.6391,-85.5203,-85.4116
953,-86.8521,-86.6343,-86.4297,-86.2059,-86.0075,-86.0106,-85.9035,-85.7679,-85.6392,-85.5204,-85.4117
954,-86.8521,-86.6344,-86.4297,-86.206,-86.0076,-86.0107,-85.9036,-85.768,-85.6393,-85.5205,-85.4118
955,-86.8521,-86.6344,-86.4298,-86.206,-86.0077,-86.0108,-85.9037,-85.7681,-85.6394,-85.5206,-85.412
956,-86.8521,-86.6345,-86.4298,-86.2061,-86.0077,-86.0108,-85.9037,-85.7682,-85.6395,-85.5207,-85.4121
957,-86.8521,-86.6345,-86.4299,-86.2061,-86.0078,-86.0109,-85.9038,-85.7683,-85.6396,-85.5208,-85.4122
958,-86.8521,-86.6345,-86.4299,-86.2062,-86.0078,-86.011,-85.9039,-85.7684,-85.6397,-85.5209,-85.4123
959,-86.8521,-86.6346,-86.43,-86.2062,-86.0079,-86.011,-85.904,-85.7684,-85.6398,-85.521,-85.4124
960,-86.8521,-86.6346,-86.43,-86.2063,-86.008,-86.0111,-85.9041,-85.7685,-85.6399,-85.5211,-85.4125
961,-86.8521,-86.6346,-86.43,-86.2064,-86.008,-86.0112,-85.9041,-85.7686,-85.64,-85.5212,-85.4126
962,-86.8521,-86.6347,-86.4301,-86.2064,-86.0081,-86.0112,-85.9042,-85.7687,-85.6401,-85.5213,-85.4127
963,-86.8521,-86.6347,-86.4301,-86.2065,-86.0081,-86.0113,-85.9043,-85.7688,-85.6402,-85.5214,-85.4128
964,-86.8521,-86.6347,-86.4302,-86.2065,-86.0082,-86.0114,-85.9044,-85.7689,-85.6403,-85.5215,-85.413
965,-86.8521,-86.6348,-86.4302,-86.2066,-86.0083,-86.0114,-85.9044,-85.769,-85.6404,-85.5216,-85.4131
966,-86.8521,-86.6348,-86.4303,-86.2066,-86.0083,-86.0115,-85.9045,-85.769,-85.6405,-85.5217,-85.4132
967,-86.8521,-86.6348,-86.4303,-86.2067,-86.0084,-86.0116,-85.9046,-85.7691,-85.6406,-85.5218,-85.4133
968,-86.8521,-86.6349,-86.4304,-86.2067,-86.0084,-86.0116,-85.9047,-85.7692,-85.6406,-85.5219,-85.4134
969,-86.8521,-86.6349,-86.4304,-86.2068,-86.0085,-86.0117,-85.9047,-85.7693,-85.6407,-85.522,-85.4135
970,-86.8521,-86.6349,-86.4304,-86.2068,-86.0086,-86.0118,-85.9048,-85.7694,-85.6408,-85.5221,-85.4136
971,-86.8521,-86.635,-86.4305,-86.2069,-86.0086,-86.0118,-85.9049,-85.7695,-85.6409,-85.5222,-85.4137
972,-86.8521,-86.635,-86.4305,-86.2069,-86.0087,-86.0119,-85.905,-85.7695,-85.641,-85.5223,-85.4138
973,-86.8521,-86.635,-86.4306,-86.207,-86.0087,-86.012,-85.905,-85.7696,-85.6411,-85.5224,-85.4139
974,-86.8521,-86.6351,-86.4306,-86.207,-86.0088,-86.012,-85.9051,-85.7697,-85.6412,-85.5225,-85.414
975,-86.8521,-86.6351,-86.4307,-86.2071,-86.0089,-86.0121,-85.9052,-85.7698,-85.6413,-85.5226,-85.4141
976,-86.8521,-86.6351,-86.4307,-86.2071,-86.0089,-86.0122,-85.9053,-85.7699,-85.6414,-85.5227,-85.4142
977,-86.8521,-86.6352,-86.4307,-86.2072,-86.009,-86.0122,-85.9053,-85.7699,-85.6415,-85.5228,-85.4143
978,-86.8521,-86.6352,-86.4308,-86.2072,-86.009,-86.0123,-85.9054,-85.77,-85.6415,-85.5229,-85.4144
979,-86.8521,-86.6352,-86.4308,-86.2073,-86.0091,-86.0124,-85.9055,-85.7701,-85.6416,-85.523,-85.4145
980,-86.8521,-86.6353,-86.4309,-86.2073,-86.0092,-86.0124,-85.9056,-85.7702,-85.6417,-85.5231,-85.4146
981,-86.8521,-86.6353,-86.4309,-86.2074,-86.0092,-86.0125,-85.9056,-85.7703,-85.6418,-85.5232,-85.4147
982,-86.8521,-86.6353,-86.431,-86.2074,-86.0093,-86.0126,-85.9057,-85.7704,-85.6419,-85.5233,-85.4148
983,-86.8521,-86.6354,-86.431,-86.2075,-86.0093,-86.0126,-85.9058,-85.7704,-85.642,-85.5234,-85.415
984,-86.8521,-86.6354,-86.431,-86.2075,-86.0094,-86.0127,-85.9058,-85.7705,-85.6421,-85.5234,-85.4151
985,-86.8521,-86.6354,-86.4311,-86.2076,-86.0094,-86.0128,-85.9059,-85.7706,-85.6422,-85.5235,-85.4152
986,-86.8521,-86.6355,-86.4311,-86.2076,-86.0095,-86.0128,-85.906,-85.7707,-85.6422,-85.5236,-85.4153
987,-86.8522,-86.6355,-86.4312,-86.2077,-86.0096,-86.0129,-85.9061,-85.7707,-85.6423,-85.5237,-85.4154
988,-86.8522,-86.6355,-86.4312,-86.2077,-86.0096,-86.013,-85.9061,-85.7708,-85.6424,-85.5238,-85.4155
989,-86.8522,-86.6356,-86.4312,-86.2078,-86.0097,-86.013,-85.9062,-85.7709,-85.6425,-85.5239,-85.4156
990,-86.8522,-86.6356,-86.4313,-86.2078,-86.0097,-86.0131,-85.9063,-85.771,-85.6426,-85.524,-85.4157
991,-86.8522,-86.6356,-86.4313,-86.2079,-86.0098,-86.0131,-85.9063,-85.7711,-85.6427,-85.5241,-85.4158
992,-86.8522,-86.6356,-86.4314,-86.2079,-86.0098,-86.0132,-85.9064,-85.7711,-85.6428,-85.5242,-85.4159
993,-86.8522,-86.6357,-86.4314,-86.208,-86.0099,-86.0133,-85.9065,-85.7712,-85.6428,-85.5243,-85.416
994,-86.8522,-86.6357,-86.4314,-86.208,-86.01,-86.0133,-85.9066,-85.7713,-85.6429,-85.5244,-85.4161
995,-86.8522,-86.6357,-86.4315,-86.2081,-86.01,-86.0134,-85.9066,-85.7714,-85.643,-85.5245,-85.4161
996,-86.8522,-86.6358,-86.4315,-86.2081,-86.0101,-86.0135,-85.9067,-85.7714,-85.6431,-85.5246,-85.4162
997,-86.8522,-86.6358,-86.4316,-86.2081,-86.0101,-86.0135,-85.9068,-85.7715,-85.6432,-85.5246,-85.4163
998,-86.8522,-86.6358,-86.4316,-86.2082,-86.0102,-86.0136,-85.9068,-85.7716,-85.6433,-85.5247,-85.4164
999,-86.8522,-86.6359,-86.4316,-86.2082,-86.0102,-86.0136,-85.9069,-85.7717,-85.6433,-85.5248,-85.4165
1000,-86.8522,-86.6359,-86.4317,-86.2083,-86.0103,-86.0137,-85.907,-85.7717,-85.6434,-85.5249,-85.4166
