0,-85.3703,-85.3751,-85.3798,-85.3845,-85.3892,-85.3938,-85.3984,-85.403,-85.4075,-85.4121,-85.4166
1,-85.3704,-85.3752,-85.3799,-85.3846,-85.3893,-85.3939,-85.3985,-85.4031,-85.4076,-85.4122,-85.4167
2,-85.3705,-85.3753,-85.38,-85.3847,-85.3894,-85.394,-85.3986,-85.4032,-85.4077,-85.4123,-85.4168
3,-85.3706,-85.3754,-85.3802,-85.3849,-85.3895,-85.3941,-85.3987,-85.4033,-85.4078,-85.4124,-85.4169
4,-85.3707,-85.3755,-85.3803,-85.385,-85.3896,-85.3942,-85.3988,-85.4034,-85.4079,-85.4125,-85.417
5,-85.3708,-85.3756,-85.3804,-85.3851,-85.3897,-85.3943,-85.3989,-85.4035,-85.408,-85.4126,-85.4171
6,-85.3709,-85.3757,-85.3805,-85.3852,-85.3898,-85.3944,-85.399,-85.4036,-85.4081,-85.4127,-85.4172
7,-85.371,-85.3758,-85.3806,-85.3853,-85.3899,-85.3945,-85.3991,-85.4037,-85.4082,-85.4128,-85.4173
8,-85.3711,-85.3759,-85.3807,-85.3854,-85.39,-85.3946,-85.3992,-85.4038,-85.4083,-85.4129,-85.4174
9,-85.3712,-85.3761,-85.3808,-85.3855,-85.3901,-85.3947,-85.3993,-85.4039,-85.4084,-85.413,-85.4175
10,-85.3711,-85.3759,-85.3806,-85.3853,-85.39,-85.3946,-85.3992,-85.4037,-85.4083,-85.4128,-85.4173
11,23.8592,23.807,23.7612,23.7223,23.6793,23.6422,23.6056,23.5704,23.5383,23.5097,23.4781
12,32.782,32.7476,32.7143,32.6827,32.6507,32.6202,32.5907,32.5608,32.5323,32.5047,32.4762
13,25.9446,25.8965,25.8487,25.8014,25.7541,25.7072,25.6608,25.6143,25.5683,25.5226,25.4768
14,22.9143,22.8622,22.8102,22.7584,22.7066,22.655,22.6036,22.5522,22.5011,22.4502,22.3994
15,20.2597,20.236,20.2117,20.187,20.1618,20.1364,20.111,20.0852,20.0597,20.034,20.0083
16,17.8587,17.8426,17.8261,17.8092,17.7918,17.7744,17.7569,17.7393,17.7217,17.7043,17.6868
17,16.677,16.6592,16.641,16.6226,16.6037,16.5848,16.5657,16.5467,16.5277,16.509,16.4901
18,16.2101,16.1887,16.167,16.145,16.1227,16.1004,16.078,16.0556,16.0333,16.0112,15.9891
19,16.1524,16.1271,16.1017,16.0762,16.0502,16.0244,15.9985,15.9726,15.9469,15.9214,15.8959
20,16.3332,16.3045,16.2758,16.2469,16.2178,16.1888,16.1598,16.1307,16.1018,16.0733,16.0448
21,16.6513,16.6196,16.588,16.5562,16.5243,16.4923,16.4606,16.4288,16.3972,16.3659,16.3347
22,17.0452,17.0108,16.9764,16.942,16.9074,16.873,16.8387,16.8044,16.7704,16.7367,16.703
23,17.478,17.441,17.4039,17.367,17.33,17.2931,17.2564,17.2198,17.1834,17.1474,17.1114
24,17.9283,17.8886,17.8489,17.8094,17.7699,17.7306,17.6915,17.6525,17.6138,17.5755,17.5372
25,18.3843,18.3419,18.2994,18.2573,18.2151,18.1733,18.1317,18.0902,18.0491,18.0083,17.9677
26,18.8396,18.7942,18.7488,18.7039,18.659,18.6144,18.5701,18.5261,18.4824,18.439,18.3959
27,19.2907,19.2421,19.1937,19.1457,19.0979,19.0504,19.0033,18.9565,18.9101,18.864,18.8182
28,19.7354,19.6835,19.6319,19.5808,19.5298,19.4794,19.4293,19.3795,19.3302,19.2813,19.2327
29,20.1724,20.1171,20.0621,20.0077,19.9535,19.8999,19.8467,19.7939,19.7416,19.6898,19.6383
30,20.6006,20.5417,20.4833,20.4256,20.3681,20.3113,20.255,20.1991,20.1437,20.0889,20.0344
31,21.0191,20.9567,20.8948,20.8337,20.773,20.713,20.6535,20.5945,20.5361,20.4783,20.4209
32,21.4274,21.3615,21.2964,21.232,21.1681,21.105,21.0424,20.9805,20.9192,20.8585,20.7983
33,21.8257,21.7566,21.6883,21.6209,21.5541,21.488,21.4227,21.358,21.294,21.2307,21.1679
34,22.2152,22.1432,22.072,22.0019,21.9324,21.8638,21.7959,21.7288,21.6624,21.5968,21.5318
35,22.5976,22.523,22.4494,22.3769,22.3051,22.2342,22.1641,22.0947,22.0262,21.9584,21.8913
36,22.9741,22.8971,22.8211,22.7461,22.672,22.5987,22.5263,22.4546,22.3837,22.3135,22.244
37,23.3414,23.2616,23.1827,23.105,23.028,22.9519,22.8765,22.802,22.7282,22.6551,22.5827
38,23.6919,23.6087,23.5265,23.4453,23.365,23.2856,23.207,23.1291,23.052,22.9757,22.9
39,24.0183,23.9314,23.8456,23.761,23.6771,23.5943,23.5123,23.4311,23.3507,23.2711,23.1922
40,24.3171,24.2266,24.1373,24.0492,23.9621,23.8759,23.7907,23.7063,23.6228,23.5401,23.4581
41,24.5877,24.4938,24.4013,24.31,24.2197,24.1305,24.0423,23.9549,23.8685,23.7829,23.6981
42,24.8309,24.734,24.6384,24.5442,24.4511,24.3591,24.2681,24.1781,24.089,24.0008,23.9134
43,25.0482,24.9485,24.8503,24.7534,24.6577,24.5632,24.4697,24.3772,24.2857,24.1951,24.1053
44,25.2414,25.1392,25.0385,24.9393,24.8412,24.7444,24.6487,24.5539,24.4602,24.3674,24.2754
45,25.4122,25.3078,25.2049,25.1035,25.0033,24.9044,24.8065,24.7097,24.614,24.5192,24.4252
46,25.5626,25.4561,25.3511,25.2478,25.1456,25.0448,24.945,24.8464,24.7487,24.652,24.5562
47,25.6942,25.5858,25.479,25.3738,25.2699,25.1672,25.0657,24.9653,24.866,24.7676,24.67
48,25.8087,25.6985,25.5901,25.4832,25.3776,25.2733,25.1702,25.0682,24.9673,24.8673,24.7681
49,25.9077,25.7959,25.6859,25.5775,25.4704,25.3646,25.26,25.1565,25.054,24.9525,24.8519
50,25.9926,25.8794,25.768,25.6581,25.5496,25.4424,25.3364,25.2315,25.1276,25.0247,24.9228
51,26.065,25.9504,25.8376,25.7264,25.6166,25.5081,25.4007,25.2945,25.1894,25.0852,24.9819
52,26.126,26.0102,25.8961,25.7837,25.6726,25.5628,25.4543,25.3468,25.2404,25.135,25.0304
53,26.1769,26.0599,25.9446,25.831,25.7187,25.6078,25.4981,25.3894,25.2819,25.1752,25.0695
54,26.2186,26.1005,25.9841,25.8694,25.756,25.644,25.5332,25.4234,25.3147,25.207,25.1001
55,26.2523,26.1331,26.0156,25.8999,25.7855,25.6724,25.5605,25.4497,25.3399,25.2311,25.1231
56,26.2786,26.1584,26.04,25.9232,25.8078,25.6938,25.5809,25.469,25.3582,25.2484,25.1394
57,26.2985,26.1773,26.058,25.9403,25.8239,25.7089,25.595,25.4822,25.3705,25.2596,25.1496
58,26.3125,26.1905,26.0703,25.9517,25.8344,25.7185,25.6037,25.49,25.3772,25.2654,25.1545
59,26.3214,26.1986,26.0775,25.958,25.8399,25.7231,25.6074,25.4928,25.3792,25.2664,25.1545
60,26.3257,26.202,26.0801,25.9598,25.8409,25.7232,25.6067,25.4912,25.3767,25.2631,25.1503
61,26.3258,26.2014,26.0787,25.9576,25.8379,25.7194,25.6021,25.4858,25.3704,25.2559,25.1423
62,26.3221,26.197,26.0736,25.9518,25.8313,25.7121,25.5939,25.4768,25.3607,25.2453,25.1308
63,26.3152,26.1894,26.0653,25.9427,25.8215,25.7015,25.5827,25.4648,25.3478,25.2317,25.1163
64,26.3052,26.1787,26.054,25.9307,25.8088,25.6881,25.5685,25.4499,25.3322,25.2152,25.0991
65,26.2924,26.1654,26.04,25.9161,25.7935,25.6721,25.5518,25.4324,25.314,25.1963,25.0794
66,26.2772,26.1496,26.0236,25.8991,25.7758,25.6538,25.5328,25.4127,25.2935,25.1751,25.0574
67,26.2597,26.1315,26.0049,25.8798,25.756,25.6333,25.5116,25.3909,25.271,25.1519,25.0334
68,26.2402,26.1114,25.9843,25.8586,25.7341,25.6108,25.4885,25.3672,25.2466,25.1268,25.0076
69,26.2187,26.0894,25.9617,25.8355,25.7105,25.5866,25.4637,25.3417,25.2204,25.0999,24.9801
70,26.1954,26.0656,25.9375,25.8107,25.6851,25.5607,25.4372,25.3145,25.1927,25.0715,24.951
71,26.1705,26.0402,25.9116,25.7843,25.6582,25.5332,25.4091,25.2859,25.1634,25.0416,24.9204
72,26.144,26.0133,25.8842,25.7564,25.6298,25.5043,25.3796,25.2558,25.1328,25.0103,24.8885
73,26.116,25.985,25.8554,25.7272,25.6001,25.474,25.3488,25.2245,25.1008,24.9778,24.8553
74,26.0867,25.9552,25.8252,25.6966,25.569,25.4424,25.3167,25.1918,25.0676,24.944,24.8209
75,26.0561,25.9242,25.7938,25.6647,25.5367,25.4096,25.2834,25.158,25.0332,24.909,24.7853
76,26.0242,25.892,25.7611,25.6316,25.5032,25.3756,25.249,25.123,24.9977,24.8729,24.7487
77,25.9911,25.8585,25.7273,25.5974,25.4685,25.3405,25.2134,25.0869,24.9611,24.8358,24.7109
78,25.9568,25.8239,25.6924,25.562,25.4327,25.3043,25.1767,25.0498,24.9234,24.7975,24.6722
79,25.9214,25.7882,25.6563,25.5256,25.3959,25.2671,25.139,25.0116,24.8847,24.7583,24.6324
80,25.8849,25.7514,25.6191,25.4881,25.358,25.2288,25.1002,24.9723,24.845,24.7181,24.5916
81,25.8473,25.7135,25.581,25.4496,25.3191,25.1894,25.0605,24.9321,24.8043,24.6769,24.5499
82,25.8087,25.6746,25.5417,25.41,25.2792,25.1491,25.0198,24.891,24.7627,24.6348,24.5072
83,25.7691,25.6347,25.5015,25.3695,25.2383,25.1078,24.9781,24.8488,24.7201,24.5917,24.4636
84,25.7285,25.5938,25.4603,25.3279,25.1964,25.0656,24.9354,24.8057,24.6765,24.5477,24.4191
85,25.6868,25.5519,25.4181,25.2854,25.1535,25.0224,24.8918,24.7617,24.6321,24.5027,24.3736
86,25.6442,25.509,25.375,25.242,25.1097,24.9782,24.8472,24.7168,24.5866,24.4568,24.3273
87,25.6006,25.4652,25.3309,25.1976,25.065,24.9331,24.8018,24.6709,24.5403,24.41,24.28
88,25.5561,25.4204,25.2858,25.1522,25.0193,24.8871,24.7554,24.6241,24.4931,24.3623,24.2318
89,25.5106,25.3747,25.2398,25.1059,24.9727,24.8401,24.708,24.5763,24.4449,24.3137,24.1827
90,25.4641,25.328,25.1929,25.0587,24.9252,24.7923,24.6598,24.5277,24.3959,24.2642,24.1327
91,25.4168,25.2804,25.1451,25.0106,24.8768,24.7435,24.6106,24.4781,24.3459,24.2138,24.0818
92,25.3685,25.2319,25.0963,24.9615,24.8274,24.6938,24.5606,24.4277,24.295,24.1625,24.03
93,25.3193,25.1825,25.0466,24.9116,24.7771,24.6432,24.5096,24.3763,24.2432,24.1103,23.9773
94,25.2692,25.1321,24.996,24.8607,24.7259,24.5917,24.4577,24.3241,24.1906,24.0571,23.9237
95,25.2182,25.0809,24.9445,24.8089,24.6739,24.5392,24.405,24.2709,24.137,24.0031,23.8692
96,25.1662,25.0287,24.8921,24.7562,24.6209,24.4859,24.3513,24.2168,24.0825,23.9482,23.8138
97,25.1134,24.9757,24.8388,24.7027,24.567,24.4317,24.2967,24.1619,24.0271,23.8923,23.7575
98,25.0597,24.9218,24.7847,24.6482,24.5122,24.3766,24.2412,24.106,23.9708,23.8356,23.7003
99,25.0051,24.867,24.7296,24.5929,24.4566,24.3206,24.1849,24.0493,23.9137,23.778,23.6422
100,24.9496,24.8113,24.6736,24.5366,24.4,24.2637,24.1276,23.9916,23.8556,23.7195,23.5832
101,24.8933,24.7547,24.6168,24.4795,24.3426,24.206,24.0695,23.9331,23.7966,23.66,23.5233
102,24.8361,24.6973,24.5591,24.4215,24.2843,24.1473,24.0104,23.8736,23.7367,23.5997,23.4625
103,24.778,24.6389,24.5005,24.3627,24.2251,24.0878,23.9505,23.8133,23.676,23.5385,23.4007
104,24.7191,24.5798,24.4411,24.3029,24.165,24.0274,23.8897,23.7521,23.6143,23.4763,23.3381
105,24.6593,24.5197,24.3808,24.2423,24.1041,23.9661,23.8281,23.69,23.5518,23.4133,23.2746
106,24.5987,24.4589,24.3196,24.1809,24.0423,23.9039,23.7655,23.627,23.4884,23.3494,23.2102
107,24.5372,24.3971,24.2576,24.1185,23.9796,23.8409,23.7021,23.5632,23.424,23.2846,23.1448
108,24.4749,24.3346,24.1948,24.0554,23.9161,23.777,23.6378,23.4984,23.3588,23.2189,23.0786
109,24.4117,24.2712,24.1311,23.9913,23.8517,23.7122,23.5726,23.4328,23.2928,23.1523,23.0115
110,24.3478,24.2069,24.0665,23.9264,23.7865,23.6466,23.5066,23.3663,23.2258,23.0849,22.9435
111,24.283,24.1418,24.0011,23.8607,23.7204,23.5801,23.4396,23.299,23.1579,23.0165,22.8746
112,24.2174,24.0759,23.9349,23.7942,23.6535,23.5128,23.3719,23.2307,23.0892,22.9472,22.8048
113,24.1509,24.0092,23.8679,23.7268,23.5857,23.4446,23.3033,23.1616,23.0196,22.8771,22.734
114,24.0837,23.9417,23.8,23.6586,23.5171,23.3755,23.2338,23.0917,22.9491,22.8061,22.6624
115,24.0157,23.8733,23.7313,23.5895,23.4477,23.3057,23.1634,23.0208,22.8778,22.7342,22.59
116,23.9468,23.8042,23.6618,23.5196,23.3774,23.2349,23.0922,22.9491,22.8056,22.6614,22.5166
117,23.8772,23.7342,23.5915,23.4489,23.3062,23.1634,23.0202,22.8766,22.7325,22.5877,22.4423
118,23.8067,23.6634,23.5204,23.3774,23.2343,23.091,22.9473,22.8032,22.6585,22.5132,22.3671
119,23.7355,23.5919,23.4484,23.3051,23.1615,23.0177,22.8736,22.7289,22.5837,22.4377,22.291
120,23.6635,23.5195,23.3757,23.2319,23.0879,22.9437,22.799,22.6538,22.508,22.3614,22.2141
121,23.5907,23.4464,23.3022,23.1579,23.0135,22.8688,22.7236,22.5778,22.4314,22.2842,22.1362
122,23.5172,23.3725,23.2278,23.0832,22.9383,22.793,22.6473,22.501,22.354,22.2062,22.0575
123,23.4429,23.2978,23.1527,23.0076,22.8622,22.7165,22.5702,22.4233,22.2757,22.1272,21.9779
124,23.3678,23.2223,23.0768,22.9312,22.7854,22.6391,22.4922,22.3448,22.1965,22.0474,21.8973
125,23.2919,23.146,23.0001,22.8541,22.7077,22.5609,22.4135,22.2654,22.1165,21.9667,21.8159
126,23.2153,23.069,22.9226,22.7761,22.6292,22.4818,22.3338,22.1851,22.0356,21.8851,21.7336
127,23.1379,22.9912,22.8443,22.6973,22.5499,22.402,22.2534,22.1041,21.9538,21.8026,21.6504
128,23.0598,22.9126,22.7653,22.6178,22.4698,22.3213,22.1721,22.0221,21.8712,21.7193,21.5663
129,22.9809,22.8332,22.6854,22.5374,22.3889,22.2398,22.09,21.9393,21.7877,21.6351,21.4813
130,22.9012,22.7531,22.6048,22.4563,22.3072,22.1575,22.007,21.8557,21.7034,21.55,21.3954
131,22.8208,22.6722,22.5234,22.3743,22.2247,22.0744,21.9232,21.7712,21.6182,21.464,21.3086
132,22.7397,22.5906,22.4413,22.2916,22.1414,21.9904,21.8386,21.6859,21.5321,21.3771,21.2209
133,22.6578,22.5082,22.3583,22.2081,22.0572,21.9056,21.7532,21.5997,21.4452,21.2894,21.1323
134,22.5752,22.425,22.2746,22.1238,21.9723,21.82,21.6669,21.5127,21.3573,21.2007,21.0428
135,22.4918,22.3411,22.1902,22.0387,21.8866,21.7336,21.5797,21.4248,21.2686,21.1112,20.9523
136,22.4077,22.2565,22.1049,21.9528,21.8,21.6464,21.4918,21.336,21.1791,21.0207,20.861
137,22.3228,22.171,22.0189,21.8662,21.7127,21.5583,21.403,21.2464,21.0886,20.9294,20.7687
138,22.2372,22.0848,21.9321,21.7787,21.6246,21.4695,21.3133,21.156,20.9973,20.8372,20.6755
139,22.1508,21.9979,21.8445,21.6905,21.5356,21.3798,21.2228,21.0646,20.9051,20.744,20.5814
140,22.0637,21.9102,21.7561,21.6014,21.4458,21.2892,21.1315,20.9724,20.812,20.65,20.4863
141,21.9759,21.8217,21.667,21.5116,21.3552,21.1979,21.0393,20.8794,20.718,20.555,20.3904
142,21.8873,21.7325,21.5771,21.421,21.2639,21.1057,20.9462,20.7854,20.6231,20.4591,20.2934
143,21.798,21.6425,21.4864,21.3295,21.1716,21.0126,20.8523,20.6906,20.5273,20.3623,20.1955
144,21.7079,21.5518,21.3949,21.2373,21.0786,20.9187,20.7575,20.5949,20.4306,20.2646,20.0967
145,21.6171,21.4603,21.3027,21.1443,20.9848,20.824,20.6619,20.4983,20.333,20.1659,19.9969
146,21.5255,21.368,21.2097,21.0504,20.8901,20.7285,20.5654,20.4008,20.2345,20.0663,19.8961
147,21.4332,21.2749,21.1158,20.9558,20.7946,20.632,20.468,20.3024,20.135,19.9657,19.7944
148,21.3402,21.1811,21.0212,20.8603,20.6982,20.5348,20.3698,20.2031,20.0346,19.8642,19.6917
149,21.2463,21.0865,20.9258,20.7641,20.6011,20.4366,20.2706,20.1029,19.9333,19.7617,19.5879
150,21.1518,20.9911,20.8296,20.667,20.503,20.3376,20.1706,20.0018,19.8311,19.6582,19.4832
151,21.0564,20.895,20.7326,20.5691,20.4042,20.2378,20.0697,19.8998,19.7279,19.5538,19.3775
152,20.9603,20.798,20.6348,20.4703,20.3044,20.137,19.9678,19.7968,19.6237,19.4484,19.2707
153,20.8634,20.7003,20.5361,20.3707,20.2039,20.0354,19.8651,19.6929,19.5185,19.3419,19.1629
154,20.7658,20.6018,20.4367,20.2703,20.1024,19.9328,19.7614,19.588,19.4124,19.2345,19.0541
155,20.6673,20.5024,20.3364,20.169,20.0001,19.8294,19.6568,19.4822,19.3053,19.126,18.9442
156,20.5681,20.4023,20.2353,20.0669,19.8969,19.7251,19.5513,19.3754,19.1972,19.0165,18.8333
157,20.4681,20.3014,20.1333,19.9639,19.7928,19.6198,19.4448,19.2677,19.0881,18.906,18.7212
158,20.3673,20.1996,20.0306,19.86,19.6878,19.5136,19.3374,19.1589,18.978,18.7944,18.6081
159,20.2657,20.097,19.9269,19.7553,19.5819,19.4065,19.229,19.0492,18.8668,18.6818,18.4939
160,20.1634,19.9936,19.8225,19.6497,19.4751,19.2985,19.1197,18.9384,18.7546,18.5681,18.3786
161,20.0601,19.8894,19.7171,19.5432,19.3674,19.1895,19.0093,18.8267,18.6414,18.4533,18.2621
162,19.9561,19.7843,19.6109,19.4358,19.2588,19.0795,18.898,18.7139,18.5271,18.3373,18.1445
163,19.8513,19.6783,19.5038,19.3275,19.1492,18.9686,18.7856,18.6001,18.4117,18.2203,18.0257
164,19.7456,19.5715,19.3958,19.2183,19.0386,18.8567,18.6723,18.4852,18.2952,18.1021,17.9058
165,19.6391,19.4639,19.2869,19.1081,18.9271,18.7438,18.5579,18.3692,18.1776,17.9828,17.7847
166,19.5317,19.3553,19.1771,18.997,18.8147,18.6299,18.4425,18.2522,18.0589,17.8623,17.6623
167,19.4235,19.2459,19.0664,18.885,18.7012,18.515,18.326,18.1341,17.9391,17.7407,17.5387
168,19.3144,19.1356,18.9548,18.772,18.5868,18.399,18.2084,18.0149,17.8181,17.6178,17.4139
169,19.2045,19.0243,18.8422,18.658,18.4713,18.282,18.0898,17.8945,17.6959,17.4937,17.2878
170,19.0936,18.9122,18.7287,18.5431,18.3549,18.1639,17.9701,17.773,17.5725,17.3684,17.1604
171,18.9819,18.7991,18.6143,18.4271,18.2374,18.0448,17.8492,17.6503,17.448,17.2418,17.0318
172,18.8692,18.6851,18.4988,18.3102,18.1188,17.9246,17.7272,17.5265,17.3222,17.114,16.9017
173,18.7557,18.5702,18.3824,18.1922,17.9992,17.8033,17.6041,17.4015,17.1952,16.9849,16.7704
174,18.6412,18.4542,18.265,18.0732,17.8786,17.6808,17.4798,17.2753,17.0669,16.8544,16.6377
175,18.5258,18.3374,18.1465,17.9531,17.7568,17.5573,17.3544,17.1478,16.9373,16.7226,16.5035
176,18.4094,18.2195,18.0271,17.832,17.6339,17.4326,17.2277,17.0191,16.8065,16.5895,16.368
177,18.2921,18.1006,17.9066,17.7098,17.5099,17.3067,17.0998,16.8891,16.6743,16.455,16.231
178,18.1738,17.9808,17.7851,17.5865,17.3848,17.1796,16.9707,16.7579,16.5407,16.319,16.0925
179,18.0545,17.8599,17.6625,17.4621,17.2585,17.0513,16.8404,16.6253,16.4058,16.1817,15.9526
180,17.9343,17.7379,17.5388,17.3366,17.1311,16.9219,16.7087,16.4914,16.2695,16.0429,15.8111
181,17.813,17.6149,17.414,17.2099,17.0024,16.7911,16.5758,16.3561,16.1318,15.9026,15.668
182,17.6906,17.4909,17.2881,17.0821,16.8725,16.6591,16.4415,16.2195,15.9927,15.7607,15.5234
183,17.5673,17.3657,17.1611,16.9531,16.7415,16.5258,16.3059,16.0815,15.8521,15.6174,15.3772
184,17.4429,17.2395,17.0329,16.8229,16.6091,16.3913,16.169,15.942,15.7099,15.4725,15.2293
185,17.3174,17.1121,16.9036,16.6915,16.4755,16.2553,16.0306,15.8011,15.5663,15.326,15.0797
186,17.1908,16.9836,16.773,16.5588,16.3406,16.1181,15.8909,15.6587,15.4211,15.1778,14.9284
187,17.0631,16.8539,16.6413,16.4249,16.2044,15.9794,15.7497,15.5148,15.2743,15.028,14.7754
188,16.9343,16.7231,16.5084,16.2897,16.0669,15.8394,15.607,15.3693,15.126,14.8765,14.6206
189,16.8044,16.5911,16.3742,16.1533,15.928,15.698,15.4628,15.2223,14.9759,14.7233,14.464
190,16.6732,16.4579,16.2387,16.0155,15.7877,15.555,15.3172,15.0737,14.8242,14.5683,14.3055
191,16.541,16.3234,16.102,15.8763,15.646,15.4107,15.17,14.9235,14.6708,14.4115,14.1452
192,16.4075,16.1877,15.9639,15.7358,15.5029,15.2648,15.0212,14.7716,14.5157,14.2529,13.9829
193,16.2728,16.0508,15.8246,15.5939,15.3583,15.1174,14.8708,14.618,14.3588,14.0924,13.8186
194,16.1369,15.9125,15.6838,15.4506,15.2122,14.9684,14.7187,14.4627,14.2,13.93,13.6523
195,15.9997,15.7729,15.5417,15.3058,15.0646,14.8179,14.565,14.3057,14.0394,13.7657,13.4839
196,15.8612,15.632,15.3982,15.1596,14.9155,14.6657,14.4096,14.1469,13.8769,13.5993,13.3135
197,15.7215,15.4898,15.2533,15.0118,14.7648,14.5119,14.2525,13.9862,13.7125,13.4309,13.1408
198,15.5804,15.3461,15.107,14.8626,14.6126,14.3564,14.0935,13.8237,13.5462,13.2604,12.966
199,15.438,15.201,14.9591,14.7118,14.4586,14.1991,13.9328,13.6592,13.3778,13.0878,12.7889
200,15.2942,15.0546,14.8097,14.5594,14.3031,14.0402,13.7703,13.4928,13.2073,12.9131,12.6095
201,15.1491,14.9066,14.6589,14.4054,14.1458,13.8794,13.6058,13.3245,13.0348,12.7361,12.4278
202,15.0025,14.7572,14.5064,14.2498,13.9868,13.7168,13.4394,13.1541,12.8601,12.5568,12.2436
203,14.8544,14.6062,14.3524,14.0925,13.826,13.5524,13.2711,12.9816,12.6832,12.3752,12.057
204,14.705,14.4537,14.1967,13.9335,13.6635,13.3861,13.1008,12.807,12.504,12.1912,11.8678
205,14.554,14.2997,14.0394,13.7728,13.4991,13.2178,12.9284,12.6302,12.3226,12.0048,11.6761
206,14.4015,14.144,13.8805,13.6103,13.3328,13.0476,12.7539,12.4513,12.1388,11.8159,11.4817
207,14.2474,13.9868,13.7198,13.4459,13.1647,12.8753,12.5773,12.27,11.9527,11.6244,11.2846
208,14.0918,13.8278,13.5573,13.2798,12.9946,12.701,12.3986,12.0865,11.764,11.4304,11.0847
209,13.9346,13.6672,13.3931,13.1117,12.8225,12.5246,12.2176,11.9006,11.5729,11.2336,10.8819
210,13.7757,13.5049,13.2271,12.9418,12.6483,12.3461,12.0343,11.7123,11.3792,11.0341,10.6763
211,13.6152,13.3408,13.0592,12.7699,12.4722,12.1653,11.8487,11.5215,11.1829,10.8319,10.4676
212,13.453,13.1749,12.8894,12.596,12.2939,11.9823,11.6607,11.3282,10.9838,10.6267,10.2559
213,13.289,13.0072,12.7177,12.42,12.1134,11.7971,11.4703,11.1323,10.7821,10.4186,10.041
214,13.1233,12.8376,12.544,12.242,11.9307,11.6095,11.2774,10.9337,10.5775,10.2075,9.82289
215,12.9558,12.6661,12.3683,12.0618,11.7458,11.4195,11.082,10.7325,10.37,9.99334,9.60149
216,12.7865,12.4927,12.1906,11.8795,11.5586,11.227,10.884,10.5285,10.1595,9.77599,9.3767
217,12.6153,12.3174,12.0108,11.695,11.3691,11.0321,10.6833,10.3216,9.94607,9.5554,9.14844
218,12.4422,12.14,11.8289,11.5082,11.1771,10.8346,10.4799,10.1119,9.72951,9.33149,8.91661
219,12.2671,11.9605,11.6448,11.3191,10.9827,10.6345,10.2737,9.89918,9.50977,9.10418,8.68112
220,12.0901,11.779,11.4585,11.1277,10.7858,10.4318,10.0647,9.68343,9.28678,8.87338,8.44189
221,11.9111,11.5954,11.2699,10.9339,10.5863,10.2263,9.85277,9.46457,9.06046,8.63901,8.19881
222,11.73,11.4096,11.079,10.7376,10.3843,10.0181,9.63787,9.24253,8.83072,8.40097,7.95179
223,11.5469,11.2215,10.8858,10.5388,10.1795,9.80695,9.41992,9.01723,8.5975,8.15918,7.70072
224,11.3616,11.0312,10.6901,10.3374,9.97207,9.59293,9.19887,8.7886,8.36069,7.91353,7.44551
225,11.1741,10.8386,10.492,10.1335,9.76182,9.37594,8.97463,8.55655,8.12022,7.66394,7.18604
226,10.9844,10.6436,10.2914,9.92681,9.54872,9.15591,8.74713,8.32101,7.87599,7.41031,6.9222
227,10.7924,10.4462,10.0882,9.71745,9.33271,8.93276,8.5163,8.08189,7.62791,7.15253,6.6539
228,10.5982,10.2464,9.88245,9.5053,9.11373,8.70643,8.28206,7.83911,7.3759,6.89051,6.381
229,10.4016,10.0441,9.67401,9.29032,8.89171,8.47685,8.04433,7.59259,7.11985,6.62414,6.10341
230,10.2026,9.83921,9.46286,9.07243,8.66659,8.24395,7.80304,7.34223,6.85968,6.35331,5.821
231,10.0011,9.63173,9.24892,8.85157,8.4383,8.00765,7.5581,7.08795,6.59528,6.07793,5.53365
232,9.79716,9.42159,9.03216,8.62769,8.20677,7.76788,7.30943,6.82966,6.32656,5.79787,5.24125
233,9.59068,9.20875,8.81251,8.40073,7.97193,7.52456,7.05696,6.56727,6.05341,5.51303,4.94368
234,9.38161,8.99315,8.58991,8.17061,7.73372,7.27762,6.80058,6.30068,5.77574,5.2233,4.6408
235,9.1699,8.77474,8.3643,7.93727,7.49206,7.02698,6.54023,6.0298,5.49343,4.92856,4.3325
236,8.9555,8.55345,8.13562,7.70065,7.24688,6.77256,6.27581,5.75454,5.2064,4.62871,4.01866
237,8.73836,8.32925,7.90382,7.46068,6.99811,6.51428,6.00724,5.47481,4.91454,4.32363,3.69915
238,8.51843,8.10205,7.66883,7.21729,6.74567,6.25206,5.73443,5.19051,4.61774,4.01321,3.37384
239,8.29566,7.87182,7.43059,6.97043,6.4895,5.98582,5.45729,4.90155,4.31591,3.69733,3.0426
240,8.06999,7.6385,7.18904,6.72001,6.22951,5.71549,5.17575,4.60782,4.00893,3.37588,2.70531
241,7.84137,7.40202,6.94411,6.46598,5.96565,5.44099,4.88971,4.30925,3.6967,3.04874,2.36183
242,7.60975,7.16234,6.69575,6.20826,5.69782,5.16223,4.59908,4.00573,3.37912,2.7158,2.01203
243,7.37507,6.91939,6.44389,5.94679,5.42597,4.87913,4.30379,3.69717,3.05609,2.37694,1.65577
244,7.13729,6.67312,6.18847,5.68151,5.15002,4.59163,4.00375,3.38348,2.72751,2.03203,1.29292
245,6.89635,6.42346,5.92943,5.41234,4.8699,4.29964,3.69887,3.06456,2.39326,1.68097,0.923311
246,6.6522,6.17037,5.66671,5.13923,4.58555,4.00309,3.38907,2.74033,2.05324,1.32361,0.546799
247,6.40479,5.9138,5.40025,4.8621,4.29688,3.70191,3.07428,2.41069,1.70735,0.959837,0.163214
248,6.15406,5.65368,5.13,4.58091,4.00384,3.39602,2.7544,2.07555,1.35547,0.589502,-0.227626
249,5.89998,5.38996,4.8559,4.29558,3.70636,3.08534,2.42936,1.73482,0.997497,0.212461,-0.625917
250,5.64248,5.12259,4.57788,4.00606,3.40438,2.76982,2.09909,1.38839,0.633296,-0.171445,-1.03187
251,5.38153,4.85153,4.29591,3.7123,3.09783,2.44938,1.76349,1.03617,0.262746,-0.562388,-1.44574
252,5.11707,4.57672,4.00993,3.41423,2.78666,2.12395,1.42248,0.678058,-0.114292,-0.960559,-1.86778
253,4.84908,4.29812,3.71989,3.11181,2.4708,1.79346,1.07599,0.313939,-0.49797,-1.36617,-2.29829
254,4.57749,4.01569,3.42574,2.80498,2.1502,1.45785,0.723911,-0.0563043,-0.888452,-1.77945,-2.7376
255,4.30228,3.72938,3.12745,2.4937,1.82481,1.11704,0.366163,-0.432803,-1.28592,-2.20067,-3.1861
256,4.02341,3.43916,2.82496,2.17792,1.49455,0.77095,0.0026417,-0.815698,-1.69059,-2.63012,-3.6442
257,3.74084,3.14499,2.51824,1.85758,1.15938,0.419512,-0.366764,-1.20515,-2.10267,-3.06813,-4.11238
258,3.45455,2.84684,2.20725,1.53265,0.819232,0.0626389,-0.742177,-1.60134,-2.52244,-3.51508,-4.59114
259,3.1645,2.54467,1.89195,1.20308,0.474042,-0.299763,-1.12373,-2.00445,-2.95018,-3.97137,-5.08109
260,2.87067,2.23845,1.57231,0.868814,0.123742,-0.667796,-1.51158,-2.41473,-3.38622,-4.43748,-5.58286
261,2.57304,1.92817,1.24829,0.529806,-0.231746,-1.04157,-1.90589,-2.83242,-3.83093,-4.91393,-6.09717
262,2.27158,1.61378,0.919859,0.186001,-0.592503,-1.42122,-2.30687,-3.25781,-4.28471,-5.40128,-6.6248
263,1.96627,1.29527,0.586968,-0.162662,-0.958626,-1.80689,-2.71472,-3.69121,-4.74803,-5.90016,-7.16659
264,1.6571,0.972611,0.249581,-0.516251,-1.33022,-2.19875,-3.12969,-4.13299,-5.22138,-6.41127,-7.72348
265,1.34406,0.645772,-0.0923504,-0.874842,-1.70741,-2.59698,-3.55208,-4.58355,-5.70533,-6.93538,-8.29647
266,1.02712,0.314725,-0.438877,-1.23852,-2.09033,-3.00179,-3.98218,-5.04333,-6.20049,-7.47329,-8.88663
267,0.706262,-0.0205642,-0.790058,-1.60739,-2.47915,-3.41343,-4.42035,-5.51283,-6.70753,-8.0259,-9.49511
268,0.381476,-0.360133,-1.14596,-1.98156,-2.87403,-3.83216,-4.86697,-5.99258,-7.22718,-8.59418,-10.1231
269,0.0527371,-0.704025,-1.50667,-2.36118,-3.2752,-4.25829,-5.32249,-6.48319,-7.76024,-9.17914,-10.772
270,-0.27998,-1.05229,-1.87228,-2.74638,-3.68288,-4.69217,-5.78736,-6.98528,-8.30754,-9.78187,-11.443
271,-0.616706,-1.405,-2.2429,-3.13734,-4.09732,-5.13415,-6.26212,-7.49956,-8.87,-10.4035,-12.1376
272,-0.957479,-1.76222,-2.61864,-3.53426,-4.51884,-5.58467,-6.74733,-8.02678,-9.44859,-11.0453,-12.8572
273,-1.30234,-2.12405,-2.99967,-3.93737,-4.94774,-6.04416,-7.2436,-8.56775,-10.0443,-11.7084,-13.6033
274,-1.65136,-2.49057,-3.38613,-4.34691,-5.38439,-6.51314,-7.75159,-9.12331,-10.6583,-12.3942,-14.3772
275,-2.00459,-2.86191,-3.77823,-4.76316,-5.82919,-6.99212,-8.27201,-9.69438,-11.2916,-13.104,-15.1805
276,-2.36211,-3.23821,-4.17617,-5.18644,-6.28255,-7.4817,-8.80562,-10.2819,-11.9454,-13.8391,-16.0146
277,-2.72403,-3.61962,-4.58019,-5.61707,-6.74497,-7.9825,-9.35321,-10.8869,-12.6208,-14.6008,-16.8808
278,-3.09044,-4.00633,-4.99056,-6.05544,-7.21692,-8.49517,-9.91563,-11.5103,-13.3191,-15.3904,-17.7803
279,-3.46149,-4.39852,-5.40756,-6.50196,-7.69897,-9.02043,-10.4938,-12.1533,-14.0415,-16.2091,-18.7143
280,-3.83731,-4.79644,-5.83153,-6.95705,-8.19169,-9.559,-11.0885,-12.8169,-14.7891,-17.0581,-19.6837
281,-4.21808,-5.20031,-6.2628,-7.4212,-8.6957,-10.1117,-11.7008,-13.5022,-15.563,-17.9386,-20.6894
282,-4.60398,-5.61043,-6.70175,-7.8949,-9.21164,-10.6793,-12.3316,-14.2102,-16.3645,-18.8513,-21.7321
283,-4.99522,-6.02708,-7.14881,-8.3787,-9.74019,-11.2626,-12.9819,-14.942,-17.1944,-19.7972,-22.8122
284,-5.39203,-6.4506,-7.60439,-8.87316,-10.2821,-11.8625,-13.6526,-15.6986,-18.0537,-20.777,-23.9301
285,-5.79467,-6.88132,-8.06897,-9.37887,-10.838,-12.4798,-14.3447,-16.4809,-18.9431,-21.7911,-25.0862
286,-6.20341,-7.31964,-8.54304,-9.89646,-11.4088,-13.1154,-15.0592,-17.2899,-19.8635,-22.8399,-26.2805
287,-6.61856,-7.76595,-9.02712,-10.4266,-11.9951,-13.7703,-15.7968,-18.1262,-20.8152,-23.9237,-27.5133
288,-7.04042,-8.22067,-9.52175,-10.9699,-12.5977,-14.4451,-16.5584,-18.9906,-21.7987,-25.0426,-28.7848
289,-7.46936,-8.68426,-10.0275,-11.527,-13.2175,-15.1407,-17.3448,-19.8836,-22.8143,-26.1966,-30.0954
290,-7.90573,-9.15718,-10.5449,-12.0987,-13.8552,-15.8579,-18.1565,-20.8055,-23.862,-27.386,-31.4456
291,-8.34992,-9.63992,-11.0746,-12.6856,-14.5114,-16.5973,-18.9942,-21.7568,-24.942,-28.6107,-32.8365
292,-8.80233,-10.133,-11.6172,-13.2884,-15.1869,-17.3596,-19.8582,-22.7374,-26.0541,-29.871,-34.2695
293,-9.26339,-10.6369,-12.1732,-13.9077,-15.8824,-18.1454,-20.7489,-23.7476,-27.1984,-31.1674,-35.7464
294,-9.73352,-11.1522,-12.7434,-14.5442,-16.5984,-18.955,-21.6664,-24.7871,-28.3749,-32.5006,-37.27
295,-10.2132,-11.6793,-13.3282,-15.1985,-17.3354,-19.7887,-22.6109,-25.856,-29.5837,-33.8718,-38.8436
296,-10.7028,-12.2189,-13.9283,-15.8712,-18.094,-20.6469,-23.5822,-26.9541,-30.825,-35.2825,-40.4712
297,-11.2029,-12.7714,-14.5441,-16.5627,-18.8743,-21.5295,-24.5802,-28.0813,-32.0995,-36.7351,-42.158
298,-11.7139,-13.3374,-15.1763,-17.2734,-19.6767,-22.4367,-25.6049,-29.2376,-33.408,-38.2323,-43.9096
299,-12.2363,-13.9174,-15.8252,-18.0038,-20.5014,-23.3682,-26.6559,-30.4232,-34.7519,-39.7777,-45.7325
300,-12.7705,-14.5117,-16.4913,-18.754,-21.3482,-24.3239,-27.7331,-31.6384,-36.1329,-41.3756,-47.6332
301,-13.317,-15.121,-17.1749,-19.5242,-22.2173,-25.3036,-28.8364,-32.8838,-37.5533,-43.0312,-49.618
302,-13.8761,-15.7454,-17.8763,-20.3146,-23.1084,-26.3071,-29.9659,-34.1606,-39.0163,-44.75,-51.6915
303,-14.4484,-16.3854,-18.5957,-21.1251,-24.0213,-27.334,-31.1216,-35.47,-40.5253,-46.5385,-53.8552
304,-15.034,-17.0413,-19.3332,-21.9556,-24.9558,-28.3841,-32.304,-36.814,-42.085,-48.4027,-56.1049
305,-15.6335,-17.7132,-20.0889,-22.8059,-25.9114,-29.4575,-33.5139,-38.195,-43.7001,-50.3483,-58.4279
306,-16.2469,-18.4014,-20.8626,-23.6758,-26.888,-30.554,-34.7523,-39.616,-45.3764,-52.379,-60.8002
307,-16.8747,-19.1058,-21.6543,-24.5649,-27.8851,-31.6739,-36.0207,-41.0808,-47.1199,-54.495,-63.1856
308,-17.5168,-19.8265,-22.4638,-25.4729,-28.9028,-32.8177,-37.321,-42.5937,-48.9362,-56.6909,-65.5372
309,-18.1735,-20.5634,-23.2906,-26.3994,-29.9407,-33.9862,-38.6556,-44.1594,-50.8306,-58.9525,-67.803
310,-18.8447,-21.3163,-24.1346,-27.344,-30.9989,-35.1803,-40.0275,-45.7834,-52.806,-61.2554,-69.9332
311,-19.5304,-22.0849,-24.9953,-28.3066,-32.0778,-36.4016,-41.4403,-47.4713,-54.8622,-63.5641,-71.8879
312,-20.2305,-22.8691,-25.8723,-29.2869,-33.1778,-37.6519,-42.8981,-49.2286,-56.993,-65.8338,-73.642
313,-20.9448,-23.6684,-26.7652,-30.2847,-34.2995,-38.9337,-44.4056,-51.06,-59.1847,-68.0164,-75.1857
314,-21.6731,-24.4824,-27.6738,-31.3002,-35.4441,-40.2497,-45.9678,-52.9684,-61.4138,-70.0665,-76.5228
315,-22.4151,-25.3107,-28.5976,-32.3335,-36.6129,-41.6033,-47.5901,-54.9532,-63.6468,-71.9486,-77.6665
316,-23.1704,-26.153,-29.5365,-33.3851,-37.8078,-42.9983,-49.2776,-57.0092,-65.8422,-73.6404,-78.636
317,-23.9386,-27.0087,-30.4903,-34.4556,-39.0309,-44.4393,-51.0348,-59.1236,-67.9555,-75.1336,-79.4527
318,-24.7193,-27.8775,-31.4591,-35.5462,-40.2848,-45.9307,-52.8646,-61.2753,-69.9451,-76.432,-80.1378
319,-25.5121,-28.7592,-32.4431,-36.6579,-41.5727,-47.4778,-54.7673,-63.434,-71.7776,-77.5478,-80.7111
320,-26.3164,-29.6535,-33.4427,-37.7925,-42.8981,-49.0854,-56.7385,-65.5623,-73.432,-78.4985,-81.1902
321,-27.132,-30.5602,-34.4584,-38.952,-44.265,-50.7578,-58.768,-67.6192,-74.8997,-79.3037,-81.5904
322,-27.9584,-31.4794,-35.4912,-40.1387,-45.6778,-52.4984,-60.8378,-69.5655,-76.183,-79.983,-81.9247
323,-28.7953,-32.4111,-36.5422,-41.3553,-47.1411,-54.3082,-62.922,-71.3693,-77.2925,-80.5549,-82.2042
324,-29.6425,-33.3558,-37.6127,-42.6052,-48.6595,-56.1846,-64.9875,-73.0089,-78.2435,-81.0357,-82.438
325,-30.4998,-34.314,-38.7046,-43.8917,-50.2375,-58.1203,-66.9971,-74.474,-79.0539,-81.4397,-82.634
326,-31.3671,-35.2863,-39.8198,-45.219,-51.8787,-60.1014,-68.9139,-75.7645,-79.7418,-81.7794,-82.7985
327,-32.2446,-36.2736,-40.9609,-46.5912,-53.585,-62.1069,-70.7062,-76.8882,-80.3244,-82.0652,-82.9371
328,-33.1325,-37.2773,-42.1305,-48.0126,-55.356,-64.1089,-72.3507,-77.8583,-80.8172,-82.3058,-83.0541
329,-34.0312,-38.2987,-43.3319,-49.4877,-57.1872,-66.0745,-73.8341,-78.6907,-81.2339,-82.5088,-83.1534
330,-34.9412,-39.3397,-44.5684,-51.0203,-59.0694,-67.9694,-75.1528,-79.4018,-81.5863,-82.6804,-83.238
331,-35.8633,-40.4021,-45.8438,-52.6132,-60.987,-69.7619,-76.3114,-80.0078,-81.8847,-82.8258,-83.3106
332,-36.7985,-41.4884,-47.1622,-54.2678,-62.918,-71.4266,-77.32,-80.5236,-82.1374,-82.9494,-83.3732
333,-37.7479,-42.6013,-48.5277,-55.9826,-64.8349,-72.9463,-78.1919,-80.9624,-82.352,-83.0548,-83.4275
334,-38.7129,-43.7436,-49.9441,-57.7525,-66.7069,-74.313,-78.9422,-81.3357,-82.5344,-83.1452,-83.4751
335,-39.6953,-44.9187,-51.415,-59.5676,-68.5032,-75.5268,-79.5859,-81.6536,-82.6899,-83.2231,-83.5171
336,-40.6969,-46.1301,-52.9429,-61.4125,-70.1963,-76.5938,-80.1371,-81.9246,-82.8229,-83.2906,-83.5545
337,-41.7198,-47.3814,-54.5289,-63.2662,-71.7651,-77.5246,-80.6089,-82.1559,-82.937,-83.3495,-83.5881
338,-42.7666,-48.6765,-56.1714,-65.103,-73.1963,-78.3321,-81.0127,-82.3537,-83.0353,-83.4012,-83.6185
339,-43.8399,-50.019,-57.8659,-66.8947,-74.4843,-79.0299,-81.3585,-82.5232,-83.1203,-83.447,-83.6464
340,-44.9427,-51.4123,-59.6032,-68.6135,-75.6305,-79.6315,-81.6548,-82.669,-83.1943,-83.4879,-83.672
341,-46.0783,-52.8588,-61.3696,-70.2349,-76.6412,-80.1495,-81.9092,-82.7946,-83.2591,-83.5246,-83.6959
342,-47.2499,-54.3599,-63.1462,-71.7404,-77.5265,-80.5955,-82.128,-82.9033,-83.3162,-83.558,-83.7183
343,-48.4611,-55.9148,-64.91,-73.1179,-78.298,-80.9795,-82.3164,-82.9978,-83.3668,-83.5885,-83.7394
344,-49.7153,-57.5201,-66.6358,-74.3624,-78.9681,-81.3104,-82.4791,-83.0803,-83.412,-83.6166,-83.7595
345,-51.0157,-59.1688,-68.2982,-75.4749,-79.549,-81.5959,-82.6201,-83.1527,-83.4527,-83.6427,-83.7787
346,-52.3652,-60.8497,-69.8745,-76.461,-80.0521,-81.8426,-82.7425,-83.2166,-83.4897,-83.6671,-83.7972
347,-53.7654,-62.5473,-71.3466,-77.3293,-80.4877,-82.0562,-82.8493,-83.2734,-83.5234,-83.6902,-83.815
348,-55.2169,-64.2422,-72.7024,-78.0903,-80.8651,-82.2415,-82.9428,-83.3241,-83.5545,-83.7121,-83.8323
349,-56.7179,-65.9122,-73.9357,-78.7552,-81.1923,-82.4026,-83.0251,-83.3698,-83.5833,-83.7329,-83.8491
350,-58.2642,-67.5341,-75.0459,-79.3349,-81.4764,-82.5431,-83.0979,-83.4112,-83.6103,-83.7529,-83.8655
351,-59.8481,-69.0863,-76.037,-79.8398,-81.7234,-82.6661,-83.1626,-83.4491,-83.6356,-83.7722,-83.8815
352,-61.4583,-70.5502,-76.9157,-80.2796,-81.9386,-82.774,-83.2204,-83.4838,-83.6596,-83.7909,-83.8973
353,-63.0795,-71.912,-77.6909,-80.6629,-82.1264,-82.8692,-83.2725,-83.516,-83.6824,-83.809,-83.9127
354,-64.6936,-73.1634,-78.3726,-80.9971,-82.2908,-82.9534,-83.3196,-83.546,-83.7042,-83.8266,-83.9279
355,-66.2803,-74.301,-78.9707,-81.2889,-82.4351,-83.0284,-83.3626,-83.5741,-83.7252,-83.8438,-83.9429
356,-67.8189,-75.3259,-79.4947,-81.5442,-82.562,-83.0955,-83.402,-83.6007,-83.7455,-83.8607,-83.9577
357,-69.2903,-76.2426,-79.9538,-81.7678,-82.6742,-83.1558,-83.4383,-83.6258,-83.7651,-83.8772,-83.9723
358,-70.6788,-77.058,-80.3561,-81.9642,-82.7736,-83.2103,-83.4721,-83.6498,-83.7841,-83.8935,-83.9867
359,-71.9724,-77.7803,-80.7089,-82.137,-82.8622,-83.2598,-83.5037,-83.6728,-83.8027,-83.9094,-84.0009
360,-73.1642,-78.4184,-81.0186,-82.2894,-82.9413,-83.3052,-83.5334,-83.695,-83.8208,-83.9251,-84.015
361,-74.2513,-78.9811,-81.2909,-82.4243,-83.0124,-83.3469,-83.5615,-83.7163,-83.8385,-83.9406,-84.0289
362,-75.2347,-79.4769,-81.5307,-82.5441,-83.0766,-83.3855,-83.5881,-83.737,-83.8559,-83.9559,-84.0427
363,-76.1186,-79.9138,-81.7423,-82.6507,-83.1348,-83.4215,-83.6136,-83.7571,-83.873,-83.971,-84.0564
364,-76.9087,-80.2989,-81.9294,-82.7461,-83.1879,-83.4552,-83.638,-83.7767,-83.8898,-83.9859,-84.0699
365,-77.6125,-80.6387,-82.0953,-82.8316,-83.2367,-83.4868,-83.6614,-83.7958,-83.9063,-84.0007,-84.0833
366,-78.2376,-80.9389,-82.2427,-82.9088,-83.2816,-83.5168,-83.6841,-83.8145,-83.9226,-84.0152,-84.0965
367,-78.7921,-81.2045,-82.3741,-82.9786,-83.3232,-83.5453,-83.706,-83.8329,-83.9386,-84.0296,-84.1096
368,-79.2835,-81.4399,-82.4916,-83.0421,-83.362,-83.5725,-83.7273,-83.8508,-83.9544,-84.0439,-84.1227
369,-79.7189,-81.6489,-82.597,-83.1002,-83.3984,-83.5985,-83.7481,-83.8685,-83.97,-84.058,-84.1355
370,-80.105,-81.8349,-82.6919,-83.1535,-83.4326,-83.6236,-83.7683,-83.8859,-83.9854,-84.0719,-84.1483
371,-80.4476,-82.0009,-82.7776,-83.2027,-83.465,-83.6478,-83.7881,-83.903,-84.0007,-84.0857,-84.161
372,-80.7519,-82.1493,-82.8554,-83.2484,-83.4957,-83.6712,-83.8075,-83.9198,-84.0157,-84.0994,-84.1735
373,-81.0227,-82.2824,-82.9262,-83.2909,-83.525,-83.6939,-83.8265,-83.9364,-84.0306,-84.1129,-84.1859
374,-81.2641,-82.4021,-82.991,-83.3307,-83.5531,-83.7159,-83.8451,-83.9528,-84.0453,-84.1263,-84.1982
375,-81.4796,-82.5101,-83.0506,-83.3682,-83.5801,-83.7374,-83.8634,-83.9689,-84.0598,-84.1396,-84.2104
376,-81.6724,-82.6079,-83.1055,-83.4036,-83.606,-83.7584,-83.8814,-83.9848,-84.0742,-84.1527,-84.2225
377,-81.8454,-82.6967,-83.1565,-83.4372,-83.6311,-83.779,-83.8991,-84.0006,-84.0884,-84.1657,-84.2344
378,-82.0009,-82.7777,-83.2039,-83.4691,-83.6555,-83.7991,-83.9165,-84.0161,-84.1025,-84.1785,-84.2463
379,-82.141,-82.8518,-83.2483,-83.4997,-83.6791,-83.8188,-83.9337,-84.0314,-84.1164,-84.1912,-84.258
380,-82.2676,-82.9198,-83.2899,-83.5289,-83.7021,-83.8381,-83.9506,-84.0466,-84.1301,-84.2038,-84.2696
381,-82.3824,-82.9826,-83.3292,-83.5571,-83.7245,-83.8571,-83.9673,-84.0615,-84.1437,-84.2163,-84.2812
382,-82.4867,-83.0407,-83.3664,-83.5843,-83.7463,-83.8757,-83.9837,-84.0763,-84.1572,-84.2287,-84.2926
383,-82.5818,-83.0947,-83.4017,-83.6106,-83.7677,-83.8941,-84,-84.0909,-84.1705,-84.2409,-84.3039
384,-82.6688,-83.1451,-83.4354,-83.636,-83.7886,-83.9121,-84.016,-84.1054,-84.1836,-84.253,-84.315
385,-82.7487,-83.1923,-83.4676,-83.6607,-83.8091,-83.9299,-84.0318,-84.1197,-84.1967,-84.2649,-84.3261
386,-82.8222,-83.2367,-83.4985,-83.6848,-83.8292,-83.9474,-84.0474,-84.1338,-84.2095,-84.2768,-84.3371
387,-82.8902,-83.2787,-83.5282,-83.7082,-83.849,-83.9647,-84.0628,-84.1477,-84.2223,-84.2885,-84.348
388,-82.9533,-83.3184,-83.5569,-83.7311,-83.8684,-83.9817,-84.078,-84.1615,-84.2349,-84.3001,-84.3587
389,-83.012,-83.3561,-83.5846,-83.7534,-83.8874,-83.9984,-84.093,-84.1751,-84.2473,-84.3116,-84.3694
390,-83.0668,-83.3921,-83.6115,-83.7753,-83.9061,-84.015,-84.1079,-84.1886,-84.2597,-84.323,-84.3799
391,-83.1182,-83.4265,-83.6375,-83.7967,-83.9246,-84.0313,-84.1225,-84.2019,-84.2719,-84.3342,-84.3904
392,-83.1666,-83.4595,-83.6629,-83.8177,-83.9427,-84.0473,-84.137,-84.215,-84.2839,-84.3454,-84.4007
393,-83.2122,-83.4913,-83.6875,-83.8383,-83.9606,-84.0632,-84.1512,-84.228,-84.2959,-84.3564,-84.4109
394,-83.2554,-83.5218,-83.7116,-83.8584,-83.9781,-84.0788,-84.1653,-84.2409,-84.3077,-84.3673,-84.4211
395,-83.2965,-83.5514,-83.7351,-83.8783,-83.9954,-84.0942,-84.1793,-84.2536,-84.3193,-84.3781,-84.4311
396,-83.3356,-83.5799,-83.758,-83.8978,-84.0125,-84.1095,-84.193,-84.2661,-84.3309,-84.3888,-84.441
397,-83.3729,-83.6076,-83.7805,-83.9169,-84.0293,-84.1245,-84.2066,-84.2785,-84.3423,-84.3993,-84.4508
398,-83.4087,-83.6345,-83.8024,-83.9357,-84.0459,-84.1393,-84.22,-84.2908,-84.3536,-84.4098,-84.4606
399,-83.443,-83.6607,-83.824,-83.9542,-84.0622,-84.1539,-84.2333,-84.3029,-84.3647,-84.4201,-84.4702
400,-83.476,-83.6862,-83.8451,-83.9724,-84.0783,-84.1684,-84.2464,-84.3149,-84.3758,-84.4303,-84.4797
401,-83.5079,-83.711,-83.8658,-83.9904,-84.0942,-84.1826,-84.2593,-84.3267,-84.3867,-84.4405,-84.4892
402,-83.5387,-83.7352,-83.8861,-84.008,-84.1098,-84.1967,-84.2721,-84.3384,-84.3975,-84.4505,-84.4985
403,-83.5684,-83.7589,-83.906,-84.0254,-84.1252,-84.2106,-84.2847,-84.35,-84.4081,-84.4604,-84.5077
404,-83.5973,-83.7821,-83.9256,-84.0425,-84.1404,-84.2243,-84.2972,-84.3614,-84.4187,-84.4702,-84.5169
405,-83.6253,-83.8047,-83.9449,-84.0593,-84.1554,-84.2378,-84.3095,-84.3727,-84.4291,-84.4798,-84.5259
406,-83.6526,-83.8269,-83.9638,-84.0759,-84.1702,-84.2511,-84.3216,-84.3839,-84.4394,-84.4894,-84.5349
407,-83.6791,-83.8486,-83.9824,-84.0922,-84.1848,-84.2643,-84.3336,-84.3949,-84.4496,-84.4989,-84.5437
408,-83.7049,-83.8699,-84.0007,-84.1083,-84.1991,-84.2773,-84.3455,-84.4058,-84.4597,-84.5083,-84.5525
409,-83.7301,-83.8908,-84.0187,-84.1241,-84.2133,-84.2901,-84.3572,-84.4165,-84.4696,-84.5176,-84.5612
410,-83.7547,-83.9113,-84.0364,-84.1397,-84.2273,-84.3027,-84.3687,-84.4272,-84.4795,-84.5267,-84.5698
411,-83.7787,-83.9314,-84.0538,-84.1551,-84.2411,-84.3152,-84.3802,-84.4377,-84.4892,-84.5358,-84.5782
412,-83.8022,-83.9512,-84.0709,-84.1703,-84.2547,-84.3276,-84.3914,-84.4481,-84.4988,-84.5448,-84.5866
413,-83.8252,-83.9705,-84.0877,-84.1852,-84.2681,-84.3397,-84.4026,-84.4583,-84.5084,-84.5536,-84.595
414,-83.8476,-83.9896,-84.1043,-84.1999,-84.2813,-84.3517,-84.4135,-84.4685,-84.5178,-84.5624,-84.6032
415,-83.8697,-84.0083,-84.1207,-84.2144,-84.2943,-84.3636,-84.4244,-84.4785,-84.5271,-84.5711,-84.6113
416,-83.8912,-84.0267,-84.1367,-84.2287,-84.3072,-84.3753,-84.4351,-84.4884,-84.5363,-84.5797,-84.6194
417,-83.9124,-84.0447,-84.1525,-84.2428,-84.3199,-84.3868,-84.4457,-84.4982,-84.5454,-84.5882,-84.6273
418,-83.9331,-84.0625,-84.1681,-84.2567,-84.3324,-84.3982,-84.4562,-84.5078,-84.5543,-84.5966,-84.6352
419,-83.9534,-84.0799,-84.1834,-84.2703,-84.3447,-84.4094,-84.4665,-84.5174,-84.5632,-84.6049,-84.643
420,-83.9733,-84.0971,-84.1985,-84.2838,-84.3569,-84.4205,-84.4767,-84.5268,-84.572,-84.6131,-84.6507
421,-83.9929,-84.114,-84.2134,-84.2971,-84.3689,-84.4315,-84.4868,-84.5361,-84.5807,-84.6212,-84.6583
422,-84.0121,-84.1306,-84.228,-84.3102,-84.3807,-84.4423,-84.4967,-84.5453,-84.5892,-84.6292,-84.6659
423,-84.031,-84.1469,-84.2424,-84.3231,-84.3924,-84.453,-84.5065,-84.5544,-84.5977,-84.6372,-84.6734
424,-84.0495,-84.1629,-84.2566,-84.3358,-84.4039,-84.4635,-84.5162,-84.5634,-84.6061,-84.645,-84.6807
425,-84.0676,-84.1787,-84.2706,-84.3483,-84.4153,-84.4739,-84.5258,-84.5723,-84.6144,-84.6528,-84.688
426,-84.0855,-84.1942,-84.2843,-84.3606,-84.4265,-84.4841,-84.5352,-84.5811,-84.6226,-84.6604,-84.6953
427,-84.103,-84.2095,-84.2979,-84.3728,-84.4375,-84.4943,-84.5446,-84.5898,-84.6307,-84.668,-84.7024
428,-84.1202,-84.2246,-84.3112,-84.3848,-84.4484,-84.5042,-84.5538,-84.5983,-84.6387,-84.6755,-84.7095
429,-84.1372,-84.2393,-84.3244,-84.3966,-84.4592,-84.5141,-84.5629,-84.6068,-84.6466,-84.683,-84.7165
430,-84.1538,-84.2539,-84.3373,-84.4083,-84.4698,-84.5238,-84.5719,-84.6151,-84.6544,-84.6903,-84.7234
431,-84.1701,-84.2682,-84.3501,-84.4198,-84.4803,-84.5334,-84.5808,-84.6234,-84.6621,-84.6976,-84.7302
432,-84.1862,-84.2823,-84.3626,-84.4311,-84.4906,-84.5429,-84.5896,-84.6316,-84.6698,-84.7047,-84.737
433,-84.202,-84.2962,-84.375,-84.4423,-84.5008,-84.5523,-84.5982,-84.6396,-84.6773,-84.7118,-84.7437
434,-84.2175,-84.3098,-84.3872,-84.4533,-84.5108,-84.5615,-84.6068,-84.6476,-84.6848,-84.7188,-84.7503
435,-84.2327,-84.3232,-84.3992,-84.4641,-84.5207,-84.5706,-84.6152,-84.6555,-84.6921,-84.7258,-84.7569
436,-84.2477,-84.3365,-84.411,-84.4748,-84.5305,-84.5796,-84.6236,-84.6633,-84.6994,-84.7326,-84.7634
437,-84.2625,-84.3495,-84.4226,-84.4854,-84.5401,-84.5885,-84.6318,-84.6709,-84.7066,-84.7394,-84.7698
438,-84.277,-84.3623,-84.4341,-84.4958,-84.5496,-84.5973,-84.6399,-84.6785,-84.7138,-84.7461,-84.7761
439,-84.2912,-84.3749,-84.4454,-84.506,-84.559,-84.6059,-84.648,-84.686,-84.7208,-84.7528,-84.7824
440,-84.3052,-84.3873,-84.4565,-84.5161,-84.5683,-84.6145,-84.6559,-84.6935,-84.7277,-84.7593,-84.7886
441,-84.319,-84.3995,-84.4675,-84.5261,-84.5774,-84.6229,-84.6638,-84.7008,-84.7346,-84.7658,-84.7947
442,-84.3326,-84.4115,-84.4783,-84.5359,-84.5864,-84.6312,-84.6715,-84.708,-84.7414,-84.7722,-84.8008
443,-84.3459,-84.4234,-84.489,-84.5456,-84.5953,-84.6395,-84.6792,-84.7152,-84.7481,-84.7786,-84.8068
444,-84.359,-84.435,-84.4995,-84.5552,-84.6041,-84.6476,-84.6867,-84.7222,-84.7548,-84.7848,-84.8127
445,-84.3719,-84.4465,-84.5098,-84.5646,-84.6128,-84.6556,-84.6942,-84.7292,-84.7614,-84.791,-84.8186
446,-84.3846,-84.4578,-84.52,-84.5739,-84.6213,-84.6635,-84.7015,-84.7361,-84.7678,-84.7972,-84.8244
447,-84.3971,-84.4689,-84.5301,-84.5831,-84.6297,-84.6713,-84.7088,-84.7429,-84.7743,-84.8032,-84.8302
448,-84.4094,-84.4799,-84.54,-84.5921,-84.638,-84.679,-84.716,-84.7497,-84.7806,-84.8092,-84.8358
449,-84.4214,-84.4907,-84.5497,-84.601,-84.6462,-84.6866,-84.7231,-84.7563,-84.7869,-84.8151,-84.8415
450,-84.4333,-84.5013,-84.5593,-84.6098,-84.6543,-84.6942,-84.7301,-84.7629,-84.7931,-84.821,-84.847
451,-84.445,-84.5117,-84.5688,-84.6185,-84.6623,-84.7016,-84.737,-84.7694,-84.7992,-84.8268,-84.8525
452,-84.4565,-84.5221,-84.5781,-84.627,-84.6702,-84.7089,-84.7439,-84.7758,-84.8053,-84.8325,-84.858
453,-84.4678,-84.5322,-84.5874,-84.6354,-84.678,-84.7161,-84.7507,-84.7822,-84.8112,-84.8382,-84.8633
454,-84.479,-84.5422,-84.5964,-84.6438,-84.6857,-84.7233,-84.7573,-84.7885,-84.8172,-84.8438,-84.8687
455,-84.49,-84.5521,-84.6054,-84.652,-84.6933,-84.7303,-84.7639,-84.7947,-84.823,-84.8493,-84.8739
456,-84.5008,-84.5618,-84.6142,-84.6601,-84.7008,-84.7373,-84.7704,-84.8008,-84.8288,-84.8548,-84.8791
457,-84.5114,-84.5713,-84.6229,-84.668,-84.7081,-84.7442,-84.7769,-84.8069,-84.8345,-84.8602,-84.8843
458,-84.5218,-84.5807,-84.6315,-84.6759,-84.7154,-84.751,-84.7833,-84.8128,-84.8402,-84.8656,-84.8894
459,-84.5321,-84.59,-84.6399,-84.6837,-84.7226,-84.7577,-84.7895,-84.8188,-84.8458,-84.8709,-84.8944
460,-84.5423,-84.5991,-84.6482,-84.6914,-84.7297,-84.7643,-84.7957,-84.8246,-84.8513,-84.8761,-84.8994
461,-84.5522,-84.6081,-84.6565,-84.6989,-84.7367,-84.7708,-84.8019,-84.8304,-84.8568,-84.8813,-84.9043
462,-84.5621,-84.617,-84.6646,-84.7064,-84.7437,-84.7773,-84.8079,-84.8361,-84.8622,-84.8865,-84.9092
463,-84.5717,-84.6258,-84.6726,-84.7137,-84.7505,-84.7837,-84.8139,-84.8417,-84.8675,-84.8915,-84.914
464,-84.5813,-84.6344,-84.6804,-84.721,-84.7572,-84.79,-84.8198,-84.8473,-84.8728,-84.8965,-84.9188
465,-84.5906,-84.6429,-84.6882,-84.7282,-84.7639,-84.7962,-84.8257,-84.8528,-84.878,-84.9015,-84.9235
466,-84.5999,-84.6512,-84.6959,-84.7352,-84.7705,-84.8024,-84.8315,-84.8583,-84.8832,-84.9064,-84.9282
467,-84.609,-84.6595,-84.7034,-84.7422,-84.777,-84.8084,-84.8372,-84.8637,-84.8883,-84.9113,-84.9328
468,-84.6179,-84.6676,-84.7109,-84.7491,-84.7834,-84.8144,-84.8428,-84.869,-84.8933,-84.916,-84.9374
469,-84.6268,-84.6756,-84.7182,-84.7559,-84.7897,-84.8203,-84.8484,-84.8743,-84.8983,-84.9208,-84.9419
470,-84.6354,-84.6835,-84.7255,-84.7626,-84.796,-84.8262,-84.8539,-84.8795,-84.9032,-84.9255,-84.9464
471,-84.644,-84.6913,-84.7326,-84.7692,-84.8021,-84.832,-84.8593,-84.8846,-84.9081,-84.9301,-84.9508
472,-84.6524,-84.699,-84.7397,-84.7758,-84.8082,-84.8377,-84.8647,-84.8897,-84.9129,-84.9347,-84.9552
473,-84.6607,-84.7066,-84.7466,-84.7822,-84.8142,-84.8433,-84.87,-84.8947,-84.9177,-84.9393,-84.9595
474,-84.6689,-84.714,-84.7535,-84.7886,-84.8202,-84.8489,-84.8753,-84.8997,-84.9224,-84.9437,-84.9638
475,-84.677,-84.7214,-84.7603,-84.7949,-84.826,-84.8544,-84.8805,-84.9046,-84.9271,-84.9482,-84.9681
476,-84.6849,-84.7286,-84.767,-84.8011,-84.8318,-84.8599,-84.8856,-84.9095,-84.9317,-84.9526,-84.9723
477,-84.6928,-84.7358,-84.7736,-84.8072,-84.8376,-84.8652,-84.8907,-84.9143,-84.9363,-84.9569,-84.9764
478,-84.7005,-84.7428,-84.7801,-84.8132,-84.8432,-84.8705,-84.8957,-84.919,-84.9408,-84.9612,-84.9805
479,-84.7081,-84.7498,-84.7865,-84.8192,-84.8488,-84.8758,-84.9006,-84.9237,-84.9452,-84.9655,-84.9846
480,-84.7156,-84.7567,-84.7928,-84.8251,-84.8543,-84.881,-84.9055,-84.9283,-84.9497,-84.9697,-84.9886
481,-84.723,-84.7634,-84.7991,-84.8309,-84.8597,-84.8861,-84.9104,-84.9329,-84.954,-84.9739,-84.9926
482,-84.7303,-84.7701,-84.8052,-84.8367,-84.8651,-84.8911,-84.9152,-84.9375,-84.9583,-84.978,-84.9965
483,-84.7374,-84.7767,-84.8113,-84.8423,-84.8704,-84.8962,-84.9199,-84.942,-84.9626,-84.982,-85.0004
484,-84.7445,-84.7832,-84.8173,-84.8479,-84.8757,-84.9011,-84.9246,-84.9464,-84.9668,-84.9861,-85.0043
485,-84.7515,-84.7896,-84.8233,-84.8535,-84.8809,-84.906,-84.9292,-84.9508,-84.971,-84.9901,-85.0081
486,-84.7584,-84.7959,-84.8291,-84.8589,-84.886,-84.9108,-84.9337,-84.9551,-84.9751,-84.994,-85.0119
487,-84.7651,-84.8021,-84.8349,-84.8643,-84.891,-84.9156,-84.9383,-84.9594,-84.9792,-84.9979,-85.0156
488,-84.7718,-84.8083,-84.8406,-84.8696,-84.896,-84.9203,-84.9427,-84.9636,-84.9833,-85.0018,-85.0193
489,-84.7784,-84.8143,-84.8462,-84.8749,-84.901,-84.9249,-84.9471,-84.9678,-84.9872,-85.0056,-85.0229
490,-84.7849,-84.8203,-84.8518,-84.8801,-84.9059,-84.9295,-84.9515,-84.972,-84.9912,-85.0093,-85.0266
491,-84.7913,-84.8262,-84.8573,-84.8852,-84.9107,-84.9341,-84.9558,-84.9761,-84.9951,-85.0131,-85.0301
492,-84.7976,-84.8321,-84.8627,-84.8903,-84.9154,-84.9386,-84.9601,-84.9801,-84.999,-85.0168,-85.0337
493,-84.8039,-84.8378,-84.868,-84.8953,-84.9201,-84.943,-84.9643,-84.9841,-85.0028,-85.0204,-85.0372
494,-84.81,-84.8435,-84.8733,-84.9002,-84.9248,-84.9474,-84.9684,-84.9881,-85.0066,-85.0241,-85.0406
495,-84.8161,-84.8491,-84.8785,-84.9051,-84.9294,-84.9518,-84.9726,-84.992,-85.0103,-85.0276,-85.0441
496,-84.822,-84.8546,-84.8837,-84.9099,-84.9339,-84.9561,-84.9766,-84.9959,-85.014,-85.0312,-85.0475
497,-84.8279,-84.8601,-84.8887,-84.9147,-84.9384,-84.9603,-84.9807,-84.9997,-85.0177,-85.0347,-85.0508
498,-84.8338,-84.8654,-84.8938,-84.9194,-84.9428,-84.9645,-84.9847,-85.0035,-85.0213,-85.0381,-85.0542
499,-84.8395,-84.8708,-84.8987,-84.924,-84.9472,-84.9686,-84.9886,-85.0073,-85.0249,-85.0416,-85.0575
500,-84.8452,-84.876,-84.9036,-84.9286,-84.9516,-84.9727,-84.9925,-85.011,-85.0284,-85.045,-85.0607
501,-84.8508,-84.8812,-84.9084,-84.9332,-84.9558,-84.9768,-84.9963,-85.0147,-85.0319,-85.0483,-85.0639
502,-84.8563,-84.8863,-84.9132,-84.9376,-84.9601,-84.9808,-85.0001,-85.0183,-85.0354,-85.0517,-85.0671
503,-84.8617,-84.8913,-84.9179,-84.9421,-84.9642,-84.9848,-85.0039,-85.0219,-85.0388,-85.0549,-85.0703
504,-84.8671,-84.8963,-84.9226,-84.9465,-84.9684,-84.9887,-85.0076,-85.0254,-85.0422,-85.0582,-85.0734
505,-84.8724,-84.9012,-84.9272,-84.9508,-84.9725,-84.9926,-85.0113,-85.0289,-85.0456,-85.0614,-85.0765
506,-84.8776,-84.9061,-84.9317,-84.955,-84.9765,-84.9964,-85.015,-85.0324,-85.0489,-85.0646,-85.0796
507,-84.8828,-84.9109,-84.9362,-84.9593,-84.9805,-85.0002,-85.0186,-85.0359,-85.0522,-85.0678,-85.0826
508,-84.8878,-84.9156,-84.9406,-84.9634,-84.9844,-85.0039,-85.0221,-85.0393,-85.0555,-85.0709,-85.0856
509,-84.8929,-84.9203,-84.945,-84.9676,-84.9883,-85.0076,-85.0256,-85.0426,-85.0587,-85.074,-85.0886
510,-84.8978,-84.9249,-84.9493,-84.9716,-84.9922,-85.0113,-85.0291,-85.046,-85.0619,-85.077,-85.0915
511,-84.9027,-84.9295,-84.9536,-84.9757,-84.996,-85.0149,-85.0326,-85.0493,-85.065,-85.0801,-85.0944
512,-84.9076,-84.934,-84.9578,-84.9796,-84.9998,-85.0185,-85.036,-85.0525,-85.0682,-85.0831,-85.0973
513,-84.9123,-84.9384,-84.962,-84.9836,-85.0035,-85.022,-85.0394,-85.0557,-85.0712,-85.086,-85.1001
514,-84.917,-84.9428,-84.9661,-84.9875,-85.0072,-85.0255,-85.0427,-85.0589,-85.0743,-85.0889,-85.103
515,-84.9217,-84.9472,-84.9702,-84.9913,-85.0108,-85.029,-85.046,-85.0621,-85.0773,-85.0919,-85.1057
516,-84.9263,-84.9514,-84.9742,-84.9951,-85.0144,-85.0324,-85.0493,-85.0652,-85.0803,-85.0947,-85.1085
517,-84.9308,-84.9557,-84.9782,-84.9989,-85.018,-85.0358,-85.0525,-85.0683,-85.0833,-85.0976,-85.1112
518,-84.9353,-84.9599,-84.9821,-85.0026,-85.0215,-85.0391,-85.0557,-85.0713,-85.0862,-85.1004,-85.114
519,-84.9397,-84.964,-84.986,-85.0062,-85.025,-85.0424,-85.0589,-85.0744,-85.0891,-85.1032,-85.1166
520,-84.9441,-84.9681,-84.9899,-85.0099,-85.0284,-85.0457,-85.062,-85.0774,-85.092,-85.1059,-85.1193
521,-84.9484,-84.9721,-84.9936,-85.0134,-85.0318,-85.0489,-85.0651,-85.0803,-85.0948,-85.1087,-85.1219
522,-84.9526,-84.9761,-84.9974,-85.017,-85.0352,-85.0522,-85.0681,-85.0833,-85.0976,-85.1114,-85.1245
523,-84.9568,-84.98,-85.0011,-85.0205,-85.0385,-85.0553,-85.0712,-85.0861,-85.1004,-85.114,-85.1271
524,-84.961,-84.9839,-85.0048,-85.024,-85.0418,-85.0585,-85.0742,-85.089,-85.1032,-85.1167,-85.1296
525,-84.9651,-84.9877,-85.0084,-85.0274,-85.045,-85.0616,-85.0771,-85.0919,-85.1059,-85.1193,-85.1322
526,-84.9691,-84.9915,-85.012,-85.0308,-85.0483,-85.0646,-85.08,-85.0947,-85.1086,-85.1219,-85.1347
527,-84.9731,-84.9953,-85.0155,-85.0341,-85.0514,-85.0677,-85.0829,-85.0974,-85.1113,-85.1245,-85.1371
528,-84.9771,-84.999,-85.019,-85.0374,-85.0546,-85.0707,-85.0858,-85.1002,-85.1139,-85.127,-85.1396
529,-84.981,-85.0027,-85.0224,-85.0407,-85.0577,-85.0736,-85.0887,-85.1029,-85.1165,-85.1295,-85.142
530,-84.9848,-85.0063,-85.0259,-85.0439,-85.0608,-85.0766,-85.0915,-85.1056,-85.1191,-85.132,-85.1444
531,-84.9887,-85.0099,-85.0292,-85.0471,-85.0638,-85.0795,-85.0943,-85.1083,-85.1217,-85.1345,-85.1468
532,-84.9924,-85.0134,-85.0326,-85.0503,-85.0668,-85.0823,-85.097,-85.1109,-85.1242,-85.1369,-85.1491
533,-84.9961,-85.0169,-85.0359,-85.0534,-85.0698,-85.0852,-85.0997,-85.1135,-85.1267,-85.1393,-85.1515
534,-84.9998,-85.0203,-85.0391,-85.0565,-85.0728,-85.088,-85.1024,-85.1161,-85.1292,-85.1417,-85.1538
535,-85.0034,-85.0238,-85.0424,-85.0596,-85.0757,-85.0908,-85.1051,-85.1187,-85.1317,-85.1441,-85.1561
536,-85.007,-85.0271,-85.0456,-85.0626,-85.0786,-85.0935,-85.1077,-85.1212,-85.1341,-85.1464,-85.1583
537,-85.0106,-85.0305,-85.0487,-85.0656,-85.0814,-85.0963,-85.1103,-85.1237,-85.1365,-85.1488,-85.1606
538,-85.0141,-85.0338,-85.0518,-85.0686,-85.0842,-85.099,-85.1129,-85.1262,-85.1389,-85.1511,-85.1628
539,-85.0175,-85.037,-85.0549,-85.0715,-85.087,-85.1016,-85.1155,-85.1287,-85.1413,-85.1533,-85.165
540,-85.021,-85.0402,-85.058,-85.0744,-85.0898,-85.1043,-85.118,-85.1311,-85.1436,-85.1556,-85.1672
541,-85.0243,-85.0434,-85.061,-85.0773,-85.0925,-85.1069,-85.1205,-85.1335,-85.1459,-85.1578,-85.1693
542,-85.0277,-85.0466,-85.064,-85.0801,-85.0952,-85.1095,-85.123,-85.1359,-85.1482,-85.16,-85.1714
543,-85.031,-85.0497,-85.0669,-85.0829,-85.0979,-85.112,-85.1255,-85.1382,-85.1505,-85.1622,-85.1736
544,-85.0342,-85.0528,-85.0698,-85.0857,-85.1006,-85.1146,-85.1279,-85.1406,-85.1527,-85.1644,-85.1757
545,-85.0375,-85.0558,-85.0727,-85.0884,-85.1032,-85.1171,-85.1303,-85.1429,-85.1549,-85.1665,-85.1777
546,-85.0407,-85.0588,-85.0756,-85.0911,-85.1058,-85.1196,-85.1327,-85.1452,-85.1571,-85.1687,-85.1798
547,-85.0438,-85.0618,-85.0784,-85.0938,-85.1083,-85.122,-85.135,-85.1474,-85.1593,-85.1708,-85.1818
548,-85.0469,-85.0647,-85.0812,-85.0965,-85.1109,-85.1245,-85.1374,-85.1497,-85.1615,-85.1728,-85.1838
549,-85.05,-85.0676,-85.0839,-85.0991,-85.1134,-85.1269,-85.1397,-85.1519,-85.1636,-85.1749,-85.1858
550,-85.053,-85.0705,-85.0867,-85.1017,-85.1159,-85.1292,-85.1419,-85.1541,-85.1657,-85.177,-85.1878
551,-85.0561,-85.0734,-85.0894,-85.1043,-85.1183,-85.1316,-85.1442,-85.1563,-85.1678,-85.179,-85.1897
552,-85.059,-85.0762,-85.092,-85.1068,-85.1208,-85.1339,-85.1464,-85.1584,-85.1699,-85.181,-85.1917
553,-85.062,-85.079,-85.0947,-85.1094,-85.1232,-85.1362,-85.1487,-85.1606,-85.172,-85.183,-85.1936
554,-85.0649,-85.0817,-85.0973,-85.1119,-85.1256,-85.1385,-85.1509,-85.1627,-85.174,-85.1849,-85.1955
555,-85.0678,-85.0844,-85.0999,-85.1143,-85.1279,-85.1408,-85.153,-85.1648,-85.176,-85.1869,-85.1974
556,-85.0706,-85.0871,-85.1024,-85.1168,-85.1302,-85.143,-85.1552,-85.1668,-85.178,-85.1888,-85.1992
557,-85.0734,-85.0898,-85.105,-85.1192,-85.1326,-85.1452,-85.1573,-85.1689,-85.18,-85.1907,-85.2011
558,-85.0762,-85.0924,-85.1075,-85.1216,-85.1348,-85.1474,-85.1594,-85.1709,-85.1819,-85.1926,-85.2029
559,-85.079,-85.095,-85.11,-85.1239,-85.1371,-85.1496,-85.1615,-85.1729,-85.1839,-85.1945,-85.2047
560,-85.0817,-85.0976,-85.1124,-85.1263,-85.1393,-85.1517,-85.1636,-85.1749,-85.1858,-85.1963,-85.2065
561,-85.0844,-85.1002,-85.1148,-85.1286,-85.1416,-85.1539,-85.1656,-85.1769,-85.1877,-85.1982,-85.2083
562,-85.087,-85.1027,-85.1172,-85.1309,-85.1438,-85.156,-85.1676,-85.1788,-85.1896,-85.2,-85.21
563,-85.0897,-85.1052,-85.1196,-85.1331,-85.1459,-85.1581,-85.1696,-85.1808,-85.1914,-85.2018,-85.2118
564,-85.0923,-85.1076,-85.122,-85.1354,-85.1481,-85.1601,-85.1716,-85.1827,-85.1933,-85.2036,-85.2135
565,-85.0948,-85.1101,-85.1243,-85.1376,-85.1502,-85.1622,-85.1736,-85.1846,-85.1951,-85.2053,-85.2152
566,-85.0974,-85.1125,-85.1266,-85.1398,-85.1523,-85.1642,-85.1755,-85.1864,-85.1969,-85.2071,-85.2169
567,-85.0999,-85.1149,-85.1289,-85.142,-85.1544,-85.1662,-85.1775,-85.1883,-85.1987,-85.2088,-85.2186
568,-85.1024,-85.1173,-85.1311,-85.1441,-85.1565,-85.1682,-85.1794,-85.1901,-85.2005,-85.2105,-85.2202
569,-85.1048,-85.1196,-85.1333,-85.1463,-85.1585,-85.1701,-85.1813,-85.192,-85.2023,-85.2122,-85.2219
570,-85.1073,-85.1219,-85.1356,-85.1484,-85.1605,-85.1721,-85.1831,-85.1938,-85.204,-85.2139,-85.2235
571,-85.1097,-85.1242,-85.1377,-85.1505,-85.1625,-85.174,-85.185,-85.1956,-85.2057,-85.2156,-85.2251
572,-85.1121,-85.1265,-85.1399,-85.1525,-85.1645,-85.1759,-85.1868,-85.1973,-85.2074,-85.2172,-85.2267
573,-85.1144,-85.1287,-85.142,-85.1546,-85.1665,-85.1778,-85.1886,-85.1991,-85.2091,-85.2189,-85.2283
574,-85.1168,-85.1309,-85.1442,-85.1566,-85.1684,-85.1797,-85.1904,-85.2008,-85.2108,-85.2205,-85.2299
575,-85.1191,-85.1331,-85.1463,-85.1586,-85.1703,-85.1815,-85.1922,-85.2025,-85.2125,-85.2221,-85.2315
576,-85.1214,-85.1353,-85.1483,-85.1606,-85.1723,-85.1834,-85.194,-85.2042,-85.2141,-85.2237,-85.233
577,-85.1236,-85.1374,-85.1504,-85.1626,-85.1741,-85.1852,-85.1957,-85.2059,-85.2157,-85.2253,-85.2345
578,-85.1259,-85.1396,-85.1524,-85.1645,-85.176,-85.187,-85.1975,-85.2076,-85.2174,-85.2268,-85.236
579,-85.1281,-85.1417,-85.1544,-85.1664,-85.1779,-85.1887,-85.1992,-85.2092,-85.219,-85.2284,-85.2375
580,-85.1303,-85.1438,-85.1564,-85.1683,-85.1797,-85.1905,-85.2009,-85.2109,-85.2205,-85.2299,-85.239
581,-85.1324,-85.1458,-85.1584,-85.1702,-85.1815,-85.1923,-85.2026,-85.2125,-85.2221,-85.2314,-85.2405
582,-85.1346,-85.1479,-85.1603,-85.1721,-85.1833,-85.194,-85.2042,-85.2141,-85.2237,-85.2329,-85.2419
583,-85.1367,-85.1499,-85.1623,-85.174,-85.1851,-85.1957,-85.2059,-85.2157,-85.2252,-85.2344,-85.2434
584,-85.1388,-85.1519,-85.1642,-85.1758,-85.1868,-85.1974,-85.2075,-85.2173,-85.2267,-85.2359,-85.2448
585,-85.1409,-85.1539,-85.1661,-85.1776,-85.1886,-85.1991,-85.2091,-85.2188,-85.2282,-85.2374,-85.2462
586,-85.1429,-85.1558,-85.1679,-85.1794,-85.1903,-85.2007,-85.2107,-85.2204,-85.2297,-85.2388,-85.2476
587,-85.145,-85.1578,-85.1698,-85.1812,-85.192,-85.2024,-85.2123,-85.2219,-85.2312,-85.2403,-85.249
588,-85.147,-85.1597,-85.1716,-85.1829,-85.1937,-85.204,-85.2139,-85.2235,-85.2327,-85.2417,-85.2504
589,-85.149,-85.1616,-85.1735,-85.1847,-85.1954,-85.2056,-85.2155,-85.225,-85.2342,-85.2431,-85.2518
590,-85.1509,-85.1635,-85.1753,-85.1864,-85.197,-85.2072,-85.217,-85.2264,-85.2356,-85.2445,-85.2531
591,-85.1529,-85.1653,-85.177,-85.1881,-85.1987,-85.2088,-85.2185,-85.2279,-85.237,-85.2459,-85.2545
592,-85.1548,-85.1672,-85.1788,-85.1898,-85.2003,-85.2104,-85.22,-85.2294,-85.2384,-85.2472,-85.2558
593,-85.1567,-85.169,-85.1805,-85.1915,-85.2019,-85.2119,-85.2215,-85.2308,-85.2398,-85.2486,-85.2571
594,-85.1586,-85.1708,-85.1823,-85.1932,-85.2035,-85.2135,-85.223,-85.2323,-85.2412,-85.2499,-85.2584
595,-85.1605,-85.1726,-85.184,-85.1948,-85.2051,-85.215,-85.2245,-85.2337,-85.2426,-85.2513,-85.2597
596,-85.1624,-85.1744,-85.1857,-85.1964,-85.2067,-85.2165,-85.226,-85.2351,-85.244,-85.2526,-85.261
597,-85.1642,-85.1761,-85.1874,-85.198,-85.2082,-85.218,-85.2274,-85.2365,-85.2453,-85.2539,-85.2623
598,-85.166,-85.1779,-85.189,-85.1996,-85.2098,-85.2195,-85.2288,-85.2379,-85.2467,-85.2552,-85.2635
599,-85.1678,-85.1796,-85.1907,-85.2012,-85.2113,-85.2209,-85.2303,-85.2393,-85.248,-85.2565,-85.2648
600,-85.1696,-85.1813,-85.1923,-85.2028,-85.2128,-85.2224,-85.2317,-85.2406,-85.2493,-85.2578,-85.266
601,-85.1713,-85.183,-85.1939,-85.2043,-85.2143,-85.2238,-85.233,-85.242,-85.2506,-85.259,-85.2673
602,-85.1731,-85.1846,-85.1955,-85.2059,-85.2158,-85.2253,-85.2344,-85.2433,-85.2519,-85.2603,-85.2685
603,-85.1748,-85.1863,-85.1971,-85.2074,-85.2172,-85.2267,-85.2358,-85.2446,-85.2532,-85.2615,-85.2697
604,-85.1765,-85.1879,-85.1987,-85.2089,-85.2187,-85.2281,-85.2371,-85.2459,-85.2545,-85.2628,-85.2709
605,-85.1782,-85.1895,-85.2002,-85.2104,-85.2201,-85.2295,-85.2385,-85.2472,-85.2557,-85.264,-85.2721
606,-85.1799,-85.1911,-85.2018,-85.2119,-85.2215,-85.2308,-85.2398,-85.2485,-85.257,-85.2652,-85.2732
607,-85.1816,-85.1927,-85.2033,-85.2133,-85.223,-85.2322,-85.2411,-85.2498,-85.2582,-85.2664,-85.2744
608,-85.1832,-85.1943,-85.2048,-85.2148,-85.2244,-85.2336,-85.2424,-85.251,-85.2594,-85.2676,-85.2755
609,-85.1848,-85.1959,-85.2063,-85.2162,-85.2257,-85.2349,-85.2437,-85.2523,-85.2606,-85.2687,-85.2767
610,-85.1864,-85.1974,-85.2078,-85.2176,-85.2271,-85.2362,-85.245,-85.2535,-85.2618,-85.2699,-85.2778
611,-85.188,-85.1989,-85.2092,-85.2191,-85.2285,-85.2375,-85.2463,-85.2548,-85.263,-85.2711,-85.2789
612,-85.1896,-85.2004,-85.2107,-85.2205,-85.2298,-85.2388,-85.2475,-85.256,-85.2642,-85.2722,-85.28
613,-85.1912,-85.2019,-85.2121,-85.2218,-85.2312,-85.2401,-85.2488,-85.2572,-85.2654,-85.2733,-85.2811
614,-85.1927,-85.2034,-85.2135,-85.2232,-85.2325,-85.2414,-85.25,-85.2584,-85.2665,-85.2745,-85.2822
615,-85.1943,-85.2049,-85.215,-85.2246,-85.2338,-85.2427,-85.2512,-85.2596,-85.2677,-85.2756,-85.2833
616,-85.1958,-85.2063,-85.2164,-85.2259,-85.2351,-85.2439,-85.2525,-85.2607,-85.2688,-85.2767,-85.2844
617,-85.1973,-85.2078,-85.2177,-85.2272,-85.2364,-85.2451,-85.2537,-85.2619,-85.2699,-85.2778,-85.2855
618,-85.1988,-85.2092,-85.2191,-85.2286,-85.2376,-85.2464,-85.2548,-85.2631,-85.2711,-85.2789,-85.2865
619,-85.2003,-85.2106,-85.2205,-85.2299,-85.2389,-85.2476,-85.256,-85.2642,-85.2722,-85.2799,-85.2876
620,-85.2017,-85.212,-85.2218,-85.2312,-85.2401,-85.2488,-85.2572,-85.2653,-85.2733,-85.281,-85.2886
621,-85.2032,-85.2134,-85.2231,-85.2325,-85.2414,-85.25,-85.2583,-85.2665,-85.2744,-85.2821,-85.2896
622,-85.2046,-85.2148,-85.2245,-85.2337,-85.2426,-85.2512,-85.2595,-85.2676,-85.2754,-85.2831,-85.2906
623,-85.206,-85.2161,-85.2258,-85.235,-85.2438,-85.2524,-85.2606,-85.2687,-85.2765,-85.2841,-85.2916
624,-85.2074,-85.2175,-85.2271,-85.2362,-85.245,-85.2535,-85.2618,-85.2698,-85.2776,-85.2852,-85.2926
625,-85.2088,-85.2188,-85.2284,-85.2375,-85.2462,-85.2547,-85.2629,-85.2708,-85.2786,-85.2862,-85.2936
626,-85.2102,-85.2202,-85.2296,-85.2387,-85.2474,-85.2558,-85.264,-85.2719,-85.2797,-85.2872,-85.2946
627,-85.2116,-85.2215,-85.2309,-85.2399,-85.2486,-85.257,-85.2651,-85.273,-85.2807,-85.2882,-85.2956
628,-85.2129,-85.2228,-85.2321,-85.2411,-85.2497,-85.2581,-85.2662,-85.274,-85.2817,-85.2892,-85.2966
629,-85.2142,-85.224,-85.2334,-85.2423,-85.2509,-85.2592,-85.2672,-85.2751,-85.2827,-85.2902,-85.2975
630,-85.2156,-85.2253,-85.2346,-85.2435,-85.252,-85.2603,-85.2683,-85.2761,-85.2837,-85.2912,-85.2985
631,-85.2169,-85.2266,-85.2358,-85.2447,-85.2532,-85.2614,-85.2694,-85.2771,-85.2847,-85.2921,-85.2994
632,-85.2182,-85.2278,-85.237,-85.2458,-85.2543,-85.2625,-85.2704,-85.2782,-85.2857,-85.2931,-85.3003
633,-85.2195,-85.2291,-85.2382,-85.247,-85.2554,-85.2636,-85.2715,-85.2792,-85.2867,-85.294,-85.3013
634,-85.2208,-85.2303,-85.2394,-85.2481,-85.2565,-85.2646,-85.2725,-85.2802,-85.2877,-85.295,-85.3022
635,-85.222,-85.2315,-85.2406,-85.2492,-85.2576,-85.2657,-85.2735,-85.2812,-85.2886,-85.2959,-85.3031
636,-85.2233,-85.2327,-85.2417,-85.2504,-85.2587,-85.2667,-85.2745,-85.2821,-85.2896,-85.2968,-85.304
637,-85.2245,-85.2339,-85.2429,-85.2515,-85.2597,-85.2678,-85.2755,-85.2831,-85.2905,-85.2978,-85.3049
638,-85.2258,-85.2351,-85.244,-85.2526,-85.2608,-85.2688,-85.2765,-85.2841,-85.2915,-85.2987,-85.3058
639,-85.227,-85.2363,-85.2451,-85.2536,-85.2619,-85.2698,-85.2775,-85.285,-85.2924,-85.2996,-85.3066
640,-85.2282,-85.2374,-85.2463,-85.2547,-85.2629,-85.2708,-85.2785,-85.286,-85.2933,-85.3005,-85.3075
641,-85.2294,-85.2386,-85.2474,-85.2558,-85.2639,-85.2718,-85.2795,-85.2869,-85.2942,-85.3014,-85.3084
642,-85.2306,-85.2397,-85.2485,-85.2569,-85.265,-85.2728,-85.2804,-85.2879,-85.2951,-85.3022,-85.3092
643,-85.2317,-85.2408,-85.2495,-85.2579,-85.266,-85.2738,-85.2814,-85.2888,-85.296,-85.3031,-85.3101
644,-85.2329,-85.242,-85.2506,-85.2589,-85.267,-85.2748,-85.2823,-85.2897,-85.2969,-85.304,-85.3109
645,-85.2341,-85.2431,-85.2517,-85.26,-85.268,-85.2757,-85.2833,-85.2906,-85.2978,-85.3048,-85.3118
646,-85.2352,-85.2442,-85.2527,-85.261,-85.269,-85.2767,-85.2842,-85.2915,-85.2987,-85.3057,-85.3126
647,-85.2363,-85.2453,-85.2538,-85.262,-85.2699,-85.2776,-85.2851,-85.2924,-85.2995,-85.3065,-85.3134
648,-85.2375,-85.2463,-85.2548,-85.263,-85.2709,-85.2786,-85.286,-85.2933,-85.3004,-85.3074,-85.3142
649,-85.2386,-85.2474,-85.2559,-85.264,-85.2719,-85.2795,-85.2869,-85.2942,-85.3012,-85.3082,-85.315
650,-85.2397,-85.2485,-85.2569,-85.265,-85.2728,-85.2804,-85.2878,-85.295,-85.3021,-85.309,-85.3158
651,-85.2408,-85.2495,-85.2579,-85.266,-85.2738,-85.2813,-85.2887,-85.2959,-85.3029,-85.3098,-85.3166
652,-85.2418,-85.2506,-85.2589,-85.2669,-85.2747,-85.2822,-85.2896,-85.2967,-85.3038,-85.3106,-85.3174
653,-85.2429,-85.2516,-85.2599,-85.2679,-85.2756,-85.2831,-85.2905,-85.2976,-85.3046,-85.3114,-85.3182
654,-85.244,-85.2526,-85.2609,-85.2689,-85.2766,-85.284,-85.2913,-85.2984,-85.3054,-85.3122,-85.319
655,-85.245,-85.2536,-85.2619,-85.2698,-85.2775,-85.2849,-85.2922,-85.2993,-85.3062,-85.313,-85.3197
656,-85.2461,-85.2546,-85.2628,-85.2707,-85.2784,-85.2858,-85.293,-85.3001,-85.307,-85.3138,-85.3205
657,-85.2471,-85.2556,-85.2638,-85.2717,-85.2793,-85.2867,-85.2939,-85.3009,-85.3078,-85.3146,-85.3212
658,-85.2481,-85.2566,-85.2647,-85.2726,-85.2802,-85.2875,-85.2947,-85.3017,-85.3086,-85.3153,-85.322
659,-85.2491,-85.2576,-85.2657,-85.2735,-85.281,-85.2884,-85.2955,-85.3025,-85.3094,-85.3161,-85.3227
660,-85.2501,-85.2586,-85.2666,-85.2744,-85.2819,-85.2892,-85.2964,-85.3033,-85.3102,-85.3169,-85.3235
661,-85.2511,-85.2595,-85.2675,-85.2753,-85.2828,-85.2901,-85.2972,-85.3041,-85.3109,-85.3176,-85.3242
662,-85.2521,-85.2605,-85.2685,-85.2762,-85.2836,-85.2909,-85.298,-85.3049,-85.3117,-85.3184,-85.3249
663,-85.2531,-85.2614,-85.2694,-85.2771,-85.2845,-85.2917,-85.2988,-85.3057,-85.3124,-85.3191,-85.3256
664,-85.2541,-85.2623,-85.2703,-85.2779,-85.2853,-85.2925,-85.2996,-85.3065,-85.3132,-85.3198,-85.3263
665,-85.255,-85.2633,-85.2712,-85.2788,-85.2862,-85.2934,-85.3004,-85.3072,-85.3139,-85.3205,-85.327
666,-85.256,-85.2642,-85.2721,-85.2796,-85.287,-85.2942,-85.3011,-85.308,-85.3147,-85.3213,-85.3277
667,-85.2569,-85.2651,-85.2729,-85.2805,-85.2878,-85.295,-85.3019,-85.3087,-85.3154,-85.322,-85.3284
668,-85.2579,-85.266,-85.2738,-85.2813,-85.2886,-85.2958,-85.3027,-85.3095,-85.3161,-85.3227,-85.3291
669,-85.2588,-85.2669,-85.2747,-85.2822,-85.2895,-85.2965,-85.3035,-85.3102,-85.3169,-85.3234,-85.3298
670,-85.2597,-85.2678,-85.2755,-85.283,-85.2903,-85.2973,-85.3042,-85.311,-85.3176,-85.3241,-85.3305
671,-85.2606,-85.2687,-85.2764,-85.2838,-85.2911,-85.2981,-85.305,-85.3117,-85.3183,-85.3248,-85.3312
672,-85.2615,-85.2695,-85.2772,-85.2846,-85.2918,-85.2989,-85.3057,-85.3124,-85.319,-85.3255,-85.3318
673,-85.2624,-85.2704,-85.278,-85.2854,-85.2926,-85.2996,-85.3064,-85.3131,-85.3197,-85.3261,-85.3325
674,-85.2633,-85.2712,-85.2789,-85.2862,-85.2934,-85.3004,-85.3072,-85.3138,-85.3204,-85.3268,-85.3331
675,-85.2642,-85.2721,-85.2797,-85.287,-85.2942,-85.3011,-85.3079,-85.3145,-85.3211,-85.3275,-85.3338
676,-85.2651,-85.2729,-85.2805,-85.2878,-85.2949,-85.3018,-85.3086,-85.3152,-85.3217,-85.3281,-85.3344
677,-85.2659,-85.2738,-85.2813,-85.2886,-85.2957,-85.3026,-85.3093,-85.3159,-85.3224,-85.3288,-85.3351
678,-85.2668,-85.2746,-85.2821,-85.2894,-85.2964,-85.3033,-85.31,-85.3166,-85.3231,-85.3294,-85.3357
679,-85.2676,-85.2754,-85.2829,-85.2901,-85.2972,-85.304,-85.3107,-85.3173,-85.3237,-85.3301,-85.3363
680,-85.2685,-85.2762,-85.2837,-85.2909,-85.2979,-85.3047,-85.3114,-85.318,-85.3244,-85.3307,-85.337
681,-85.2693,-85.277,-85.2845,-85.2917,-85.2986,-85.3055,-85.3121,-85.3186,-85.325,-85.3314,-85.3376
682,-85.2701,-85.2778,-85.2852,-85.2924,-85.2994,-85.3062,-85.3128,-85.3193,-85.3257,-85.332,-85.3382
683,-85.271,-85.2786,-85.286,-85.2931,-85.3001,-85.3069,-85.3135,-85.32,-85.3263,-85.3326,-85.3388
684,-85.2718,-85.2794,-85.2868,-85.2939,-85.3008,-85.3075,-85.3141,-85.3206,-85.327,-85.3332,-85.3394
685,-85.2726,-85.2802,-85.2875,-85.2946,-85.3015,-85.3082,-85.3148,-85.3213,-85.3276,-85.3338,-85.34
686,-85.2734,-85.281,-85.2883,-85.2953,-85.3022,-85.3089,-85.3155,-85.3219,-85.3282,-85.3345,-85.3406
687,-85.2742,-85.2817,-85.289,-85.296,-85.3029,-85.3096,-85.3161,-85.3225,-85.3288,-85.3351,-85.3412
688,-85.275,-85.2825,-85.2897,-85.2968,-85.3036,-85.3103,-85.3168,-85.3232,-85.3295,-85.3357,-85.3418
689,-85.2757,-85.2832,-85.2905,-85.2975,-85.3043,-85.3109,-85.3174,-85.3238,-85.3301,-85.3363,-85.3424
690,-85.2765,-85.284,-85.2912,-85.2982,-85.3049,-85.3116,-85.3181,-85.3244,-85.3307,-85.3368,-85.3429
691,-85.2773,-85.2847,-85.2919,-85.2989,-85.3056,-85.3122,-85.3187,-85.325,-85.3313,-85.3374,-85.3435
692,-85.278,-85.2855,-85.2926,-85.2995,-85.3063,-85.3129,-85.3193,-85.3257,-85.3319,-85.338,-85.3441
693,-85.2788,-85.2862,-85.2933,-85.3002,-85.3069,-85.3135,-85.3199,-85.3263,-85.3325,-85.3386,-85.3446
694,-85.2795,-85.2869,-85.294,-85.3009,-85.3076,-85.3142,-85.3206,-85.3269,-85.3331,-85.3392,-85.3452
695,-85.2803,-85.2876,-85.2947,-85.3016,-85.3083,-85.3148,-85.3212,-85.3275,-85.3336,-85.3397,-85.3457
696,-85.281,-85.2883,-85.2954,-85.3022,-85.3089,-85.3154,-85.3218,-85.3281,-85.3342,-85.3403,-85.3463
697,-85.2817,-85.289,-85.2961,-85.3029,-85.3095,-85.316,-85.3224,-85.3286,-85.3348,-85.3408,-85.3468
698,-85.2825,-85.2897,-85.2967,-85.3035,-85.3102,-85.3166,-85.323,-85.3292,-85.3354,-85.3414,-85.3474
699,-85.2832,-85.2904,-85.2974,-85.3042,-85.3108,-85.3173,-85.3236,-85.3298,-85.3359,-85.342,-85.3479
700,-85.2839,-85.2911,-85.2981,-85.3048,-85.3114,-85.3179,-85.3242,-85.3304,-85.3365,-85.3425,-85.3484
701,-85.2846,-85.2918,-85.2987,-85.3055,-85.312,-85.3185,-85.3248,-85.3309,-85.337,-85.343,-85.349
702,-85.2853,-85.2925,-85.2994,-85.3061,-85.3127,-85.3191,-85.3253,-85.3315,-85.3376,-85.3436,-85.3495
703,-85.286,-85.2931,-85.3,-85.3067,-85.3133,-85.3197,-85.3259,-85.3321,-85.3381,-85.3441,-85.35
704,-85.2867,-85.2938,-85.3007,-85.3074,-85.3139,-85.3202,-85.3265,-85.3326,-85.3387,-85.3446,-85.3505
705,-85.2873,-85.2944,-85.3013,-85.308,-85.3145,-85.3208,-85.3271,-85.3332,-85.3392,-85.3452,-85.351
706,-85.288,-85.2951,-85.3019,-85.3086,-85.3151,-85.3214,-85.3276,-85.3337,-85.3397,-85.3457,-85.3515
707,-85.2887,-85.2957,-85.3026,-85.3092,-85.3157,-85.322,-85.3282,-85.3343,-85.3403,-85.3462,-85.352
708,-85.2894,-85.2964,-85.3032,-85.3098,-85.3162,-85.3225,-85.3287,-85.3348,-85.3408,-85.3467,-85.3525
709,-85.29,-85.297,-85.3038,-85.3104,-85.3168,-85.3231,-85.3293,-85.3353,-85.3413,-85.3472,-85.353
710,-85.2907,-85.2976,-85.3044,-85.311,-85.3174,-85.3237,-85.3298,-85.3359,-85.3418,-85.3477,-85.3535
711,-85.2913,-85.2983,-85.305,-85.3116,-85.318,-85.3242,-85.3304,-85.3364,-85.3423,-85.3482,-85.354
712,-85.292,-85.2989,-85.3056,-85.3122,-85.3185,-85.3248,-85.3309,-85.3369,-85.3429,-85.3487,-85.3545
713,-85.2926,-85.2995,-85.3062,-85.3127,-85.3191,-85.3253,-85.3314,-85.3374,-85.3434,-85.3492,-85.355
714,-85.2932,-85.3001,-85.3068,-85.3133,-85.3197,-85.3259,-85.332,-85.3379,-85.3439,-85.3497,-85.3555
715,-85.2938,-85.3007,-85.3074,-85.3139,-85.3202,-85.3264,-85.3325,-85.3385,-85.3444,-85.3502,-85.3559
716,-85.2945,-85.3013,-85.308,-85.3144,-85.3208,-85.3269,-85.333,-85.339,-85.3449,-85.3507,-85.3564
717,-85.2951,-85.3019,-85.3085,-85.315,-85.3213,-85.3275,-85.3335,-85.3395,-85.3453,-85.3511,-85.3569
718,-85.2957,-85.3025,-85.3091,-85.3156,-85.3218,-85.328,-85.334,-85.34,-85.3458,-85.3516,-85.3573
719,-85.2963,-85.3031,-85.3097,-85.3161,-85.3224,-85.3285,-85.3345,-85.3405,-85.3463,-85.3521,-85.3578
720,-85.2969,-85.3037,-85.3103,-85.3167,-85.3229,-85.329,-85.335,-85.3409,-85.3468,-85.3525,-85.3583
721,-85.2975,-85.3043,-85.3108,-85.3172,-85.3234,-85.3295,-85.3355,-85.3414,-85.3473,-85.353,-85.3587
722,-85.2981,-85.3048,-85.3114,-85.3177,-85.324,-85.33,-85.336,-85.3419,-85.3477,-85.3535,-85.3592
723,-85.2987,-85.3054,-85.3119,-85.3183,-85.3245,-85.3305,-85.3365,-85.3424,-85.3482,-85.3539,-85.3596
724,-85.2993,-85.306,-85.3125,-85.3188,-85.325,-85.331,-85.337,-85.3429,-85.3487,-85.3544,-85.36
725,-85.2998,-85.3065,-85.313,-85.3193,-85.3255,-85.3315,-85.3375,-85.3433,-85.3491,-85.3548,-85.3605
726,-85.3004,-85.3071,-85.3135,-85.3198,-85.326,-85.332,-85.338,-85.3438,-85.3496,-85.3553,-85.3609
727,-85.301,-85.3076,-85.3141,-85.3204,-85.3265,-85.3325,-85.3384,-85.3443,-85.35,-85.3557,-85.3613
728,-85.3015,-85.3082,-85.3146,-85.3209,-85.327,-85.333,-85.3389,-85.3447,-85.3505,-85.3562,-85.3618
729,-85.3021,-85.3087,-85.3151,-85.3214,-85.3275,-85.3335,-85.3394,-85.3452,-85.3509,-85.3566,-85.3622
730,-85.3026,-85.3092,-85.3156,-85.3219,-85.328,-85.334,-85.3399,-85.3456,-85.3514,-85.357,-85.3626
731,-85.3032,-85.3098,-85.3162,-85.3224,-85.3285,-85.3344,-85.3403,-85.3461,-85.3518,-85.3574,-85.363
732,-85.3037,-85.3103,-85.3167,-85.3229,-85.329,-85.3349,-85.3408,-85.3465,-85.3522,-85.3579,-85.3635
733,-85.3043,-85.3108,-85.3172,-85.3234,-85.3294,-85.3354,-85.3412,-85.347,-85.3527,-85.3583,-85.3639
734,-85.3048,-85.3113,-85.3177,-85.3239,-85.3299,-85.3358,-85.3417,-85.3474,-85.3531,-85.3587,-85.3643
735,-85.3054,-85.3119,-85.3182,-85.3244,-85.3304,-85.3363,-85.3421,-85.3479,-85.3535,-85.3591,-85.3647
736,-85.3059,-85.3124,-85.3187,-85.3248,-85.3309,-85.3368,-85.3426,-85.3483,-85.354,-85.3595,-85.3651
737,-85.3064,-85.3129,-85.3192,-85.3253,-85.3313,-85.3372,-85.343,-85.3487,-85.3544,-85.36,-85.3655
738,-85.3069,-85.3134,-85.3197,-85.3258,-85.3318,-85.3377,-85.3435,-85.3492,-85.3548,-85.3604,-85.3659
739,-85.3074,-85.3139,-85.3201,-85.3263,-85.3322,-85.3381,-85.3439,-85.3496,-85.3552,-85.3608,-85.3663
740,-85.308,-85.3144,-85.3206,-85.3267,-85.3327,-85.3386,-85.3443,-85.35,-85.3556,-85.3612,-85.3667
741,-85.3085,-85.3149,-85.3211,-85.3272,-85.3332,-85.339,-85.3447,-85.3504,-85.356,-85.3616,-85.3671
742,-85.309,-85.3154,-85.3216,-85.3277,-85.3336,-85.3394,-85.3452,-85.3508,-85.3564,-85.362,-85.3674
743,-85.3095,-85.3158,-85.3221,-85.3281,-85.334,-85.3399,-85.3456,-85.3512,-85.3568,-85.3624,-85.3678
744,-85.31,-85.3163,-85.3225,-85.3286,-85.3345,-85.3403,-85.346,-85.3517,-85.3572,-85.3627,-85.3682
745,-85.3105,-85.3168,-85.323,-85.329,-85.3349,-85.3407,-85.3464,-85.3521,-85.3576,-85.3631,-85.3686
746,-85.3109,-85.3173,-85.3234,-85.3295,-85.3354,-85.3411,-85.3468,-85.3525,-85.358,-85.3635,-85.369
747,-85.3114,-85.3177,-85.3239,-85.3299,-85.3358,-85.3416,-85.3472,-85.3529,-85.3584,-85.3639,-85.3693
748,-85.3119,-85.3182,-85.3243,-85.3303,-85.3362,-85.342,-85.3477,-85.3533,-85.3588,-85.3643,-85.3697
749,-85.3124,-85.3187,-85.3248,-85.3308,-85.3366,-85.3424,-85.3481,-85.3536,-85.3592,-85.3646,-85.3701
750,-85.3129,-85.3191,-85.3252,-85.3312,-85.3371,-85.3428,-85.3485,-85.354,-85.3596,-85.365,-85.3704
751,-85.3133,-85.3196,-85.3257,-85.3316,-85.3375,-85.3432,-85.3489,-85.3544,-85.3599,-85.3654,-85.3708
752,-85.3138,-85.32,-85.3261,-85.3321,-85.3379,-85.3436,-85.3492,-85.3548,-85.3603,-85.3658,-85.3712
753,-85.3143,-85.3205,-85.3266,-85.3325,-85.3383,-85.344,-85.3496,-85.3552,-85.3607,-85.3661,-85.3715
754,-85.3147,-85.3209,-85.327,-85.3329,-85.3387,-85.3444,-85.35,-85.3556,-85.3611,-85.3665,-85.3719
755,-85.3152,-85.3214,-85.3274,-85.3333,-85.3391,-85.3448,-85.3504,-85.3559,-85.3614,-85.3668,-85.3722
756,-85.3156,-85.3218,-85.3278,-85.3337,-85.3395,-85.3452,-85.3508,-85.3563,-85.3618,-85.3672,-85.3726
757,-85.3161,-85.3222,-85.3283,-85.3342,-85.3399,-85.3456,-85.3512,-85.3567,-85.3621,-85.3676,-85.3729
758,-85.3165,-85.3227,-85.3287,-85.3346,-85.3403,-85.346,-85.3516,-85.3571,-85.3625,-85.3679,-85.3733
759,-85.317,-85.3231,-85.3291,-85.335,-85.3407,-85.3464,-85.3519,-85.3574,-85.3629,-85.3683,-85.3736
760,-85.3174,-85.3235,-85.3295,-85.3354,-85.3411,-85.3467,-85.3523,-85.3578,-85.3632,-85.3686,-85.3739
761,-85.3178,-85.324,-85.3299,-85.3358,-85.3415,-85.3471,-85.3527,-85.3581,-85.3636,-85.3689,-85.3743
762,-85.3183,-85.3244,-85.3303,-85.3362,-85.3419,-85.3475,-85.353,-85.3585,-85.3639,-85.3693,-85.3746
763,-85.3187,-85.3248,-85.3307,-85.3366,-85.3423,-85.3479,-85.3534,-85.3589,-85.3643,-85.3696,-85.3749
764,-85.3191,-85.3252,-85.3311,-85.3369,-85.3426,-85.3482,-85.3538,-85.3592,-85.3646,-85.37,-85.3753
765,-85.3195,-85.3256,-85.3315,-85.3373,-85.343,-85.3486,-85.3541,-85.3596,-85.365,-85.3703,-85.3756
766,-85.32,-85.326,-85.3319,-85.3377,-85.3434,-85.349,-85.3545,-85.3599,-85.3653,-85.3706,-85.3759
767,-85.3204,-85.3264,-85.3323,-85.3381,-85.3438,-85.3493,-85.3548,-85.3603,-85.3656,-85.371,-85.3762
768,-85.3208,-85.3268,-85.3327,-85.3385,-85.3441,-85.3497,-85.3552,-85.3606,-85.366,-85.3713,-85.3766
769,-85.3212,-85.3272,-85.3331,-85.3388,-85.3445,-85.35,-85.3555,-85.3609,-85.3663,-85.3716,-85.3769
770,-85.3216,-85.3276,-85.3335,-85.3392,-85.3449,-85.3504,-85.3559,-85.3613,-85.3666,-85.3719,-85.3772
771,-85.322,-85.328,-85.3339,-85.3396,-85.3452,-85.3508,-85.3562,-85.3616,-85.367,-85.3722,-85.3775
772,-85.3224,-85.3284,-85.3342,-85.34,-85.3456,-85.3511,-85.3566,-85.3619,-85.3673,-85.3726,-85.3778
773,-85.3228,-85.3288,-85.3346,-85.3403,-85.3459,-85.3514,-85.3569,-85.3623,-85.3676,-85.3729,-85.3781
774,-85.3232,-85.3292,-85.335,-85.3407,-85.3463,-85.3518,-85.3572,-85.3626,-85.3679,-85.3732,-85.3784
775,-85.3236,-85.3295,-85.3354,-85.341,-85.3466,-85.3521,-85.3576,-85.3629,-85.3682,-85.3735,-85.3787
776,-85.324,-85.3299,-85.3357,-85.3414,-85.347,-85.3525,-85.3579,-85.3633,-85.3686,-85.3738,-85.379
777,-85.3244,-85.3303,-85.3361,-85.3418,-85.3473,-85.3528,-85.3582,-85.3636,-85.3689,-85.3741,-85.3793
778,-85.3247,-85.3307,-85.3364,-85.3421,-85.3477,-85.3531,-85.3585,-85.3639,-85.3692,-85.3744,-85.3796
779,-85.3251,-85.331,-85.3368,-85.3425,-85.348,-85.3535,-85.3589,-85.3642,-85.3695,-85.3747,-85.3799
780,-85.3255,-85.3314,-85.3372,-85.3428,-85.3483,-85.3538,-85.3592,-85.3645,-85.3698,-85.375,-85.3802
781,-85.3259,-85.3318,-85.3375,-85.3431,-85.3487,-85.3541,-85.3595,-85.3648,-85.3701,-85.3753,-85.3805
782,-85.3262,-85.3321,-85.3379,-85.3435,-85.349,-85.3545,-85.3598,-85.3651,-85.3704,-85.3756,-85.3808
783,-85.3266,-85.3325,-85.3382,-85.3438,-85.3493,-85.3548,-85.3601,-85.3655,-85.3707,-85.3759,-85.3811
784,-85.327,-85.3328,-85.3386,-85.3442,-85.3497,-85.3551,-85.3605,-85.3658,-85.371,-85.3762,-85.3814
785,-85.3273,-85.3332,-85.3389,-85.3445,-85.35,-85.3554,-85.3608,-85.3661,-85.3713,-85.3765,-85.3817
786,-85.3277,-85.3335,-85.3392,-85.3448,-85.3503,-85.3557,-85.3611,-85.3664,-85.3716,-85.3768,-85.382
787,-85.3281,-85.3339,-85.3396,-85.3452,-85.3506,-85.3561,-85.3614,-85.3667,-85.3719,-85.3771,-85.3822
788,-85.3284,-85.3342,-85.3399,-85.3455,-85.351,-85.3564,-85.3617,-85.367,-85.3722,-85.3774,-85.3825
789,-85.3288,-85.3346,-85.3403,-85.3458,-85.3513,-85.3567,-85.362,-85.3673,-85.3725,-85.3776,-85.3828
790,-85.3291,-85.3349,-85.3406,-85.3461,-85.3516,-85.357,-85.3623,-85.3676,-85.3728,-85.3779,-85.3831
791,-85.3295,-85.3353,-85.3409,-85.3465,-85.3519,-85.3573,-85.3626,-85.3678,-85.373,-85.3782,-85.3833
792,-85.3298,-85.3356,-85.3412,-85.3468,-85.3522,-85.3576,-85.3629,-85.3681,-85.3733,-85.3785,-85.3836
793,-85.3302,-85.3359,-85.3416,-85.3471,-85.3525,-85.3579,-85.3632,-85.3684,-85.3736,-85.3788,-85.3839
794,-85.3305,-85.3363,-85.3419,-85.3474,-85.3528,-85.3582,-85.3635,-85.3687,-85.3739,-85.379,-85.3841
795,-85.3308,-85.3366,-85.3422,-85.3477,-85.3531,-85.3585,-85.3638,-85.369,-85.3742,-85.3793,-85.3844
796,-85.3312,-85.3369,-85.3425,-85.348,-85.3534,-85.3588,-85.3641,-85.3693,-85.3744,-85.3796,-85.3847
797,-85.3315,-85.3372,-85.3428,-85.3483,-85.3537,-85.3591,-85.3643,-85.3696,-85.3747,-85.3798,-85.3849
798,-85.3318,-85.3376,-85.3432,-85.3486,-85.354,-85.3594,-85.3646,-85.3698,-85.375,-85.3801,-85.3852
799,-85.3322,-85.3379,-85.3435,-85.3489,-85.3543,-85.3597,-85.3649,-85.3701,-85.3753,-85.3804,-85.3855
800,-85.3325,-85.3382,-85.3438,-85.3492,-85.3546,-85.3599,-85.3652,-85.3704,-85.3755,-85.3806,-85.3857
801,-85.3328,-85.3385,-85.3441,-85.3495,-85.3549,-85.3602,-85.3655,-85.3707,-85.3758,-85.3809,-85.386
802,-85.3331,-85.3388,-85.3444,-85.3498,-85.3552,-85.3605,-85.3657,-85.3709,-85.3761,-85.3812,-85.3862
803,-85.3335,-85.3391,-85.3447,-85.3501,-85.3555,-85.3608,-85.366,-85.3712,-85.3763,-85.3814,-85.3865
804,-85.3338,-85.3394,-85.345,-85.3504,-85.3558,-85.3611,-85.3663,-85.3715,-85.3766,-85.3817,-85.3867
805,-85.3341,-85.3398,-85.3453,-85.3507,-85.3561,-85.3613,-85.3666,-85.3717,-85.3768,-85.3819,-85.387
806,-85.3344,-85.3401,-85.3456,-85.351,-85.3564,-85.3616,-85.3668,-85.372,-85.3771,-85.3822,-85.3872
807,-85.3347,-85.3404,-85.3459,-85.3513,-85.3566,-85.3619,-85.3671,-85.3722,-85.3774,-85.3824,-85.3875
808,-85.335,-85.3407,-85.3462,-85.3516,-85.3569,-85.3622,-85.3674,-85.3725,-85.3776,-85.3827,-85.3877
809,-85.3353,-85.341,-85.3465,-85.3519,-85.3572,-85.3624,-85.3676,-85.3728,-85.3779,-85.3829,-85.388
810,-85.3356,-85.3413,-85.3468,-85.3522,-85.3575,-85.3627,-85.3679,-85.373,-85.3781,-85.3832,-85.3882
811,-85.3359,-85.3415,-85.347,-85.3524,-85.3577,-85.363,-85.3682,-85.3733,-85.3784,-85.3834,-85.3884
812,-85.3362,-85.3418,-85.3473,-85.3527,-85.358,-85.3632,-85.3684,-85.3735,-85.3786,-85.3837,-85.3887
813,-85.3365,-85.3421,-85.3476,-85.353,-85.3583,-85.3635,-85.3687,-85.3738,-85.3789,-85.3839,-85.3889
814,-85.3368,-85.3424,-85.3479,-85.3533,-85.3585,-85.3638,-85.3689,-85.374,-85.3791,-85.3841,-85.3892
815,-85.3371,-85.3427,-85.3482,-85.3535,-85.3588,-85.364,-85.3692,-85.3743,-85.3794,-85.3844,-85.3894
816,-85.3374,-85.343,-85.3484,-85.3538,-85.3591,-85.3643,-85.3694,-85.3745,-85.3796,-85.3846,-85.3896
817,-85.3377,-85.3433,-85.3487,-85.3541,-85.3593,-85.3645,-85.3697,-85.3748,-85.3798,-85.3849,-85.3898
818,-85.338,-85.3436,-85.349,-85.3543,-85.3596,-85.3648,-85.3699,-85.375,-85.3801,-85.3851,-85.3901
819,-85.3383,-85.3438,-85.3493,-85.3546,-85.3599,-85.365,-85.3702,-85.3753,-85.3803,-85.3853,-85.3903
820,-85.3386,-85.3441,-85.3495,-85.3549,-85.3601,-85.3653,-85.3704,-85.3755,-85.3805,-85.3856,-85.3905
821,-85.3389,-85.3444,-85.3498,-85.3551,-85.3604,-85.3655,-85.3707,-85.3757,-85.3808,-85.3858,-85.3908
822,-85.3391,-85.3447,-85.3501,-85.3554,-85.3606,-85.3658,-85.3709,-85.376,-85.381,-85.386,-85.391
823,-85.3394,-85.3449,-85.3503,-85.3556,-85.3609,-85.366,-85.3712,-85.3762,-85.3812,-85.3862,-85.3912
824,-85.3397,-85.3452,-85.3506,-85.3559,-85.3611,-85.3663,-85.3714,-85.3764,-85.3815,-85.3865,-85.3914
825,-85.34,-85.3455,-85.3509,-85.3562,-85.3614,-85.3665,-85.3716,-85.3767,-85.3817,-85.3867,-85.3916
826,-85.3402,-85.3457,-85.3511,-85.3564,-85.3616,-85.3668,-85.3719,-85.3769,-85.3819,-85.3869,-85.3919
827,-85.3405,-85.346,-85.3514,-85.3567,-85.3619,-85.367,-85.3721,-85.3771,-85.3822,-85.3871,-85.3921
828,-85.3408,-85.3463,-85.3516,-85.3569,-85.3621,-85.3672,-85.3723,-85.3774,-85.3824,-85.3873,-85.3923
829,-85.341,-85.3465,-85.3519,-85.3572,-85.3624,-85.3675,-85.3726,-85.3776,-85.3826,-85.3876,-85.3925
830,-85.3413,-85.3468,-85.3521,-85.3574,-85.3626,-85.3677,-85.3728,-85.3778,-85.3828,-85.3878,-85.3927
831,-85.3416,-85.347,-85.3524,-85.3577,-85.3628,-85.368,-85.373,-85.3781,-85.383,-85.388,-85.3929
832,-85.3418,-85.3473,-85.3526,-85.3579,-85.3631,-85.3682,-85.3733,-85.3783,-85.3833,-85.3882,-85.3931
833,-85.3421,-85.3475,-85.3529,-85.3581,-85.3633,-85.3684,-85.3735,-85.3785,-85.3835,-85.3884,-85.3934
834,-85.3424,-85.3478,-85.3531,-85.3584,-85.3635,-85.3687,-85.3737,-85.3787,-85.3837,-85.3886,-85.3936
835,-85.3426,-85.3481,-85.3534,-85.3586,-85.3638,-85.3689,-85.3739,-85.3789,-85.3839,-85.3888,-85.3938
836,-85.3429,-85.3483,-85.3536,-85.3589,-85.364,-85.3691,-85.3742,-85.3792,-85.3841,-85.3891,-85.394
837,-85.3431,-85.3485,-85.3539,-85.3591,-85.3642,-85.3693,-85.3744,-85.3794,-85.3843,-85.3893,-85.3942
838,-85.3434,-85.3488,-85.3541,-85.3593,-85.3645,-85.3696,-85.3746,-85.3796,-85.3845,-85.3895,-85.3944
839,-85.3436,-85.349,-85.3543,-85.3596,-85.3647,-85.3698,-85.3748,-85.3798,-85.3848,-85.3897,-85.3946
840,-85.3439,-85.3493,-85.3546,-85.3598,-85.3649,-85.37,-85.375,-85.38,-85.385,-85.3899,-85.3948
841,-85.3441,-85.3495,-85.3548,-85.36,-85.3652,-85.3702,-85.3752,-85.3802,-85.3852,-85.3901,-85.395
842,-85.3444,-85.3498,-85.355,-85.3602,-85.3654,-85.3704,-85.3755,-85.3804,-85.3854,-85.3903,-85.3952
843,-85.3446,-85.35,-85.3553,-85.3605,-85.3656,-85.3707,-85.3757,-85.3806,-85.3856,-85.3905,-85.3954
844,-85.3449,-85.3502,-85.3555,-85.3607,-85.3658,-85.3709,-85.3759,-85.3808,-85.3858,-85.3907,-85.3956
845,-85.3451,-85.3505,-85.3557,-85.3609,-85.366,-85.3711,-85.3761,-85.3811,-85.386,-85.3909,-85.3958
846,-85.3453,-85.3507,-85.356,-85.3611,-85.3663,-85.3713,-85.3763,-85.3813,-85.3862,-85.3911,-85.396
847,-85.3456,-85.3509,-85.3562,-85.3614,-85.3665,-85.3715,-85.3765,-85.3815,-85.3864,-85.3913,-85.3961
848,-85.3458,-85.3512,-85.3564,-85.3616,-85.3667,-85.3717,-85.3767,-85.3817,-85.3866,-85.3915,-85.3963
849,-85.3461,-85.3514,-85.3566,-85.3618,-85.3669,-85.3719,-85.3769,-85.3819,-85.3868,-85.3917,-85.3965
850,-85.3463,-85.3516,-85.3569,-85.362,-85.3671,-85.3721,-85.3771,-85.3821,-85.387,-85.3919,-85.3967
851,-85.3465,-85.3519,-85.3571,-85.3622,-85.3673,-85.3723,-85.3773,-85.3823,-85.3872,-85.392,-85.3969
852,-85.3468,-85.3521,-85.3573,-85.3625,-85.3675,-85.3726,-85.3775,-85.3825,-85.3874,-85.3922,-85.3971
853,-85.347,-85.3523,-85.3575,-85.3627,-85.3677,-85.3728,-85.3777,-85.3827,-85.3876,-85.3924,-85.3973
854,-85.3472,-85.3525,-85.3577,-85.3629,-85.368,-85.373,-85.3779,-85.3829,-85.3877,-85.3926,-85.3975
855,-85.3474,-85.3528,-85.358,-85.3631,-85.3682,-85.3732,-85.3781,-85.383,-85.3879,-85.3928,-85.3976
856,-85.3477,-85.353,-85.3582,-85.3633,-85.3684,-85.3734,-85.3783,-85.3832,-85.3881,-85.393,-85.3978
857,-85.3479,-85.3532,-85.3584,-85.3635,-85.3686,-85.3736,-85.3785,-85.3834,-85.3883,-85.3932,-85.398
858,-85.3481,-85.3534,-85.3586,-85.3637,-85.3688,-85.3738,-85.3787,-85.3836,-85.3885,-85.3934,-85.3982
859,-85.3483,-85.3536,-85.3588,-85.3639,-85.369,-85.374,-85.3789,-85.3838,-85.3887,-85.3935,-85.3984
860,-85.3486,-85.3538,-85.359,-85.3641,-85.3692,-85.3742,-85.3791,-85.384,-85.3889,-85.3937,-85.3985
861,-85.3488,-85.3541,-85.3592,-85.3643,-85.3694,-85.3744,-85.3793,-85.3842,-85.3891,-85.3939,-85.3987
862,-85.349,-85.3543,-85.3594,-85.3645,-85.3696,-85.3745,-85.3795,-85.3844,-85.3892,-85.3941,-85.3989
863,-85.3492,-85.3545,-85.3596,-85.3647,-85.3698,-85.3747,-85.3797,-85.3846,-85.3894,-85.3943,-85.3991
864,-85.3494,-85.3547,-85.3598,-85.3649,-85.37,-85.3749,-85.3799,-85.3847,-85.3896,-85.3944,-85.3993
865,-85.3496,-85.3549,-85.3601,-85.3651,-85.3702,-85.3751,-85.38,-85.3849,-85.3898,-85.3946,-85.3994
866,-85.3498,-85.3551,-85.3603,-85.3653,-85.3704,-85.3753,-85.3802,-85.3851,-85.39,-85.3948,-85.3996
867,-85.3501,-85.3553,-85.3605,-85.3655,-85.3705,-85.3755,-85.3804,-85.3853,-85.3901,-85.395,-85.3998
868,-85.3503,-85.3555,-85.3607,-85.3657,-85.3707,-85.3757,-85.3806,-85.3855,-85.3903,-85.3951,-85.3999
869,-85.3505,-85.3557,-85.3609,-85.3659,-85.3709,-85.3759,-85.3808,-85.3857,-85.3905,-85.3953,-85.4001
870,-85.3507,-85.3559,-85.3611,-85.3661,-85.3711,-85.3761,-85.381,-85.3858,-85.3907,-85.3955,-85.4003
871,-85.3509,-85.3561,-85.3612,-85.3663,-85.3713,-85.3762,-85.3811,-85.386,-85.3908,-85.3957,-85.4004
872,-85.3511,-85.3563,-85.3614,-85.3665,-85.3715,-85.3764,-85.3813,-85.3862,-85.391,-85.3958,-85.4006
873,-85.3513,-85.3565,-85.3616,-85.3667,-85.3717,-85.3766,-85.3815,-85.3864,-85.3912,-85.396,-85.4008
874,-85.3515,-85.3567,-85.3618,-85.3669,-85.3719,-85.3768,-85.3817,-85.3865,-85.3914,-85.3962,-85.4009
875,-85.3517,-85.3569,-85.362,-85.3671,-85.372,-85.377,-85.3819,-85.3867,-85.3915,-85.3963,-85.4011
876,-85.3519,-85.3571,-85.3622,-85.3673,-85.3722,-85.3772,-85.382,-85.3869,-85.3917,-85.3965,-85.4013
877,-85.3521,-85.3573,-85.3624,-85.3674,-85.3724,-85.3773,-85.3822,-85.3871,-85.3919,-85.3967,-85.4014
878,-85.3523,-85.3575,-85.3626,-85.3676,-85.3726,-85.3775,-85.3824,-85.3872,-85.392,-85.3968,-85.4016
879,-85.3525,-85.3577,-85.3628,-85.3678,-85.3728,-85.3777,-85.3826,-85.3874,-85.3922,-85.397,-85.4018
880,-85.3527,-85.3579,-85.363,-85.368,-85.373,-85.3779,-85.3827,-85.3876,-85.3924,-85.3972,-85.4019
881,-85.3529,-85.3581,-85.3632,-85.3682,-85.3731,-85.378,-85.3829,-85.3877,-85.3925,-85.3973,-85.4021
882,-85.3531,-85.3583,-85.3633,-85.3684,-85.3733,-85.3782,-85.3831,-85.3879,-85.3927,-85.3975,-85.4022
883,-85.3533,-85.3584,-85.3635,-85.3685,-85.3735,-85.3784,-85.3832,-85.3881,-85.3929,-85.3976,-85.4024
884,-85.3535,-85.3586,-85.3637,-85.3687,-85.3737,-85.3786,-85.3834,-85.3882,-85.393,-85.3978,-85.4025
885,-85.3537,-85.3588,-85.3639,-85.3689,-85.3738,-85.3787,-85.3836,-85.3884,-85.3932,-85.398,-85.4027
886,-85.3538,-85.359,-85.3641,-85.3691,-85.374,-85.3789,-85.3837,-85.3886,-85.3933,-85.3981,-85.4029
887,-85.354,-85.3592,-85.3642,-85.3692,-85.3742,-85.3791,-85.3839,-85.3887,-85.3935,-85.3983,-85.403
888,-85.3542,-85.3594,-85.3644,-85.3694,-85.3743,-85.3792,-85.3841,-85.3889,-85.3937,-85.3984,-85.4032
889,-85.3544,-85.3595,-85.3646,-85.3696,-85.3745,-85.3794,-85.3842,-85.389,-85.3938,-85.3986,-85.4033
890,-85.3546,-85.3597,-85.3648,-85.3698,-85.3747,-85.3796,-85.3844,-85.3892,-85.394,-85.3987,-85.4035
891,-85.3548,-85.3599,-85.365,-85.3699,-85.3749,-85.3797,-85.3846,-85.3894,-85.3941,-85.3989,-85.4036
892,-85.355,-85.3601,-85.3651,-85.3701,-85.375,-85.3799,-85.3847,-85.3895,-85.3943,-85.399,-85.4038
893,-85.3551,-85.3603,-85.3653,-85.3703,-85.3752,-85.3801,-85.3849,-85.3897,-85.3944,-85.3992,-85.4039
894,-85.3553,-85.3604,-85.3655,-85.3704,-85.3754,-85.3802,-85.385,-85.3898,-85.3946,-85.3993,-85.4041
895,-85.3555,-85.3606,-85.3656,-85.3706,-85.3755,-85.3804,-85.3852,-85.39,-85.3948,-85.3995,-85.4042
896,-85.3557,-85.3608,-85.3658,-85.3708,-85.3757,-85.3805,-85.3854,-85.3901,-85.3949,-85.3996,-85.4044
897,-85.3559,-85.361,-85.366,-85.3709,-85.3758,-85.3807,-85.3855,-85.3903,-85.3951,-85.3998,-85.4045
898,-85.356,-85.3611,-85.3662,-85.3711,-85.376,-85.3809,-85.3857,-85.3904,-85.3952,-85.3999,-85.4047
899,-85.3562,-85.3613,-85.3663,-85.3713,-85.3762,-85.381,-85.3858,-85.3906,-85.3954,-85.4001,-85.4048
900,-85.3564,-85.3615,-85.3665,-85.3714,-85.3763,-85.3812,-85.386,-85.3908,-85.3955,-85.4002,-85.405
901,-85.3566,-85.3617,-85.3667,-85.3716,-85.3765,-85.3813,-85.3861,-85.3909,-85.3957,-85.4004,-85.4051
902,-85.3567,-85.3618,-85.3668,-85.3718,-85.3767,-85.3815,-85.3863,-85.3911,-85.3958,-85.4005,-85.4052
903,-85.3569,-85.362,-85.367,-85.3719,-85.3768,-85.3816,-85.3864,-85.3912,-85.3959,-85.4007,-85.4054
904,-85.3571,-85.3622,-85.3672,-85.3721,-85.377,-85.3818,-85.3866,-85.3914,-85.3961,-85.4008,-85.4055
905,-85.3572,-85.3623,-85.3673,-85.3723,-85.3771,-85.382,-85.3867,-85.3915,-85.3962,-85.401,-85.4057
906,-85.3574,-85.3625,-85.3675,-85.3724,-85.3773,-85.3821,-85.3869,-85.3917,-85.3964,-85.4011,-85.4058
907,-85.3576,-85.3627,-85.3676,-85.3726,-85.3774,-85.3823,-85.387,-85.3918,-85.3965,-85.4012,-85.4059
908,-85.3577,-85.3628,-85.3678,-85.3727,-85.3776,-85.3824,-85.3872,-85.3919,-85.3967,-85.4014,-85.4061
909,-85.3579,-85.363,-85.368,-85.3729,-85.3777,-85.3826,-85.3873,-85.3921,-85.3968,-85.4015,-85.4062
910,-85.3581,-85.3631,-85.3681,-85.373,-85.3779,-85.3827,-85.3875,-85.3922,-85.397,-85.4017,-85.4064
911,-85.3582,-85.3633,-85.3683,-85.3732,-85.378,-85.3829,-85.3876,-85.3924,-85.3971,-85.4018,-85.4065
912,-85.3584,-85.3635,-85.3684,-85.3733,-85.3782,-85.383,-85.3878,-85.3925,-85.3972,-85.4019,-85.4066
913,-85.3586,-85.3636,-85.3686,-85.3735,-85.3784,-85.3832,-85.3879,-85.3927,-85.3974,-85.4021,-85.4068
914,-85.3587,-85.3638,-85.3687,-85.3737,-85.3785,-85.3833,-85.3881,-85.3928,-85.3975,-85.4022,-85.4069
915,-85.3589,-85.3639,-85.3689,-85.3738,-85.3787,-85.3834,-85.3882,-85.3929,-85.3977,-85.4024,-85.407
916,-85.3591,-85.3641,-85.3691,-85.374,-85.3788,-85.3836,-85.3884,-85.3931,-85.3978,-85.4025,-85.4072
917,-85.3592,-85.3643,-85.3692,-85.3741,-85.3789,-85.3837,-85.3885,-85.3932,-85.3979,-85.4026,-85.4073
918,-85.3594,-85.3644,-85.3694,-85.3743,-85.3791,-85.3839,-85.3886,-85.3934,-85.3981,-85.4028,-85.4074
919,-85.3595,-85.3646,-85.3695,-85.3744,-85.3792,-85.384,-85.3888,-85.3935,-85.3982,-85.4029,-85.4076
920,-85.3597,-85.3647,-85.3697,-85.3746,-85.3794,-85.3842,-85.3889,-85.3936,-85.3983,-85.403,-85.4077
921,-85.3599,-85.3649,-85.3698,-85.3747,-85.3795,-85.3843,-85.3891,-85.3938,-85.3985,-85.4032,-85.4078
922,-85.36,-85.365,-85.37,-85.3748,-85.3797,-85.3845,-85.3892,-85.3939,-85.3986,-85.4033,-85.408
923,-85.3602,-85.3652,-85.3701,-85.375,-85.3798,-85.3846,-85.3893,-85.3941,-85.3987,-85.4034,-85.4081
924,-85.3603,-85.3653,-85.3703,-85.3751,-85.38,-85.3847,-85.3895,-85.3942,-85.3989,-85.4036,-85.4082
925,-85.3605,-85.3655,-85.3704,-85.3753,-85.3801,-85.3849,-85.3896,-85.3943,-85.399,-85.4037,-85.4083
926,-85.3606,-85.3656,-85.3706,-85.3754,-85.3802,-85.385,-85.3897,-85.3945,-85.3991,-85.4038,-85.4085
927,-85.3608,-85.3658,-85.3707,-85.3756,-85.3804,-85.3852,-85.3899,-85.3946,-85.3993,-85.4039,-85.4086
928,-85.3609,-85.3659,-85.3709,-85.3757,-85.3805,-85.3853,-85.39,-85.3947,-85.3994,-85.4041,-85.4087
929,-85.3611,-85.3661,-85.371,-85.3759,-85.3807,-85.3854,-85.3902,-85.3949,-85.3995,-85.4042,-85.4089
930,-85.3612,-85.3662,-85.3711,-85.376,-85.3808,-85.3856,-85.3903,-85.395,-85.3997,-85.4043,-85.409
931,-85.3614,-85.3664,-85.3713,-85.3761,-85.3809,-85.3857,-85.3904,-85.3951,-85.3998,-85.4045,-85.4091
932,-85.3615,-85.3665,-85.3714,-85.3763,-85.3811,-85.3858,-85.3906,-85.3952,-85.3999,-85.4046,-85.4092
933,-85.3617,-85.3667,-85.3716,-85.3764,-85.3812,-85.386,-85.3907,-85.3954,-85.4001,-85.4047,-85.4094
934,-85.3618,-85.3668,-85.3717,-85.3766,-85.3814,-85.3861,-85.3908,-85.3955,-85.4002,-85.4048,-85.4095
935,-85.362,-85.3669,-85.3719,-85.3767,-85.3815,-85.3862,-85.3909,-85.3956,-85.4003,-85.405,-85.4096
936,-85.3621,-85.3671,-85.372,-85.3768,-85.3816,-85.3864,-85.3911,-85.3958,-85.4004,-85.4051,-85.4097
937,-85.3623,-85.3672,-85.3721,-85.377,-85.3818,-85.3865,-85.3912,-85.3959,-85.4006,-85.4052,-85.4098
938,-85.3624,-85.3674,-85.3723,-85.3771,-85.3819,-85.3866,-85.3913,-85.396,-85.4007,-85.4053,-85.41
939,-85.3625,-85.3675,-85.3724,-85.3772,-85.382,-85.3868,-85.3915,-85.3961,-85.4008,-85.4055,-85.4101
940,-85.3627,-85.3677,-85.3725,-85.3774,-85.3822,-85.3869,-85.3916,-85.3963,-85.4009,-85.4056,-85.4102
941,-85.3628,-85.3678,-85.3727,-85.3775,-85.3823,-85.387,-85.3917,-85.3964,-85.4011,-85.4057,-85.4103
942,-85.363,-85.3679,-85.3728,-85.3776,-85.3824,-85.3871,-85.3919,-85.3965,-85.4012,-85.4058,-85.4104
943,-85.3631,-85.3681,-85.373,-85.3778,-85.3825,-85.3873,-85.392,-85.3966,-85.4013,-85.4059,-85.4106
944,-85.3633,-85.3682,-85.3731,-85.3779,-85.3827,-85.3874,-85.3921,-85.3968,-85.4014,-85.4061,-85.4107
945,-85.3634,-85.3683,-85.3732,-85.378,-85.3828,-85.3875,-85.3922,-85.3969,-85.4015,-85.4062,-85.4108
946,-85.3635,-85.3685,-85.3734,-85.3782,-85.3829,-85.3877,-85.3924,-85.397,-85.4017,-85.4063,-85.4109
947,-85.3637,-85.3686,-85.3735,-85.3783,-85.3831,-85.3878,-85.3925,-85.3971,-85.4018,-85.4064,-85.411
948,-85.3638,-85.3688,-85.3736,-85.3784,-85.3832,-85.3879,-85.3926,-85.3973,-85.4019,-85.4065,-85.4112
949,-85.364,-85.3689,-85.3738,-85.3786,-85.3833,-85.388,-85.3927,-85.3974,-85.402,-85.4067,-85.4113
950,-85.3641,-85.369,-85.3739,-85.3787,-85.3834,-85.3882,-85.3928,-85.3975,-85.4021,-85.4068,-85.4114
951,-85.3642,-85.3692,-85.374,-85.3788,-85.3836,-85.3883,-85.393,-85.3976,-85.4023,-85.4069,-85.4115
952,-85.3644,-85.3693,-85.3741,-85.379,-85.3837,-85.3884,-85.3931,-85.3977,-85.4024,-85.407,-85.4116
953,-85.3645,-85.3694,-85.3743,-85.3791,-85.3838,-85.3885,-85.3932,-85.3979,-85.4025,-85.4071,-85.4117
954,-85.3646,-85.3696,-85.3744,-85.3792,-85.384,-85.3887,-85.3933,-85.398,-85.4026,-85.4072,-85.4118
955,-85.3648,-85.3697,-85.3745,-85.3793,-85.3841,-85.3888,-85.3935,-85.3981,-85.4027,-85.4073,-85.412
956,-85.3649,-85.3698,-85.3747,-85.3795,-85.3842,-85.3889,-85.3936,-85.3982,-85.4028,-85.4075,-85.4121
957,-85.365,-85.3699,-85.3748,-85.3796,-85.3843,-85.389,-85.3937,-85.3983,-85.403,-85.4076,-85.4122
958,-85.3652,-85.3701,-85.3749,-85.3797,-85.3844,-85.3891,-85.3938,-85.3985,-85.4031,-85.4077,-85.4123
959,-85.3653,-85.3702,-85.375,-85.3798,-85.3846,-85.3893,-85.3939,-85.3986,-85.4032,-85.4078,-85.4124
960,-85.3654,-85.3703,-85.3752,-85.38,-85.3847,-85.3894,-85.394,-85.3987,-85.4033,-85.4079,-85.4125
961,-85.3656,-85.3705,-85.3753,-85.3801,-85.3848,-85.3895,-85.3942,-85.3988,-85.4034,-85.408,-85.4126
962,-85.3657,-85.3706,-85.3754,-85.3802,-85.3849,-85.3896,-85.3943,-85.3989,-85.4035,-85.4081,-85.4127
963,-85.3658,-85.3707,-85.3755,-85.3803,-85.3851,-85.3897,-85.3944,-85.399,-85.4036,-85.4082,-85.4128
964,-85.3659,-85.3708,-85.3757,-85.3804,-85.3852,-85.3899,-85.3945,-85.3991,-85.4038,-85.4084,-85.413
965,-85.3661,-85.371,-85.3758,-85.3806,-85.3853,-85.39,-85.3946,-85.3993,-85.4039,-85.4085,-85.4131
966,-85.3662,-85.3711,-85.3759,-85.3807,-85.3854,-85.3901,-85.3947,-85.3994,-85.404,-85.4086,-85.4132
967,-85.3663,-85.3712,-85.376,-85.3808,-85.3855,-85.3902,-85.3949,-85.3995,-85.4041,-85.4087,-85.4133
968,-85.3665,-85.3713,-85.3762,-85.3809,-85.3856,-85.3903,-85.395,-85.3996,-85.4042,-85.4088,-85.4134
969,-85.3666,-85.3715,-85.3763,-85.381,-85.3858,-85.3904,-85.3951,-85.3997,-85.4043,-85.4089,-85.4135
970,-85.3667,-85.3716,-85.3764,-85.3812,-85.3859,-85.3906,-85.3952,-85.3998,-85.4044,-85.409,-85.4136
971,-85.3668,-85.3717,-85.3765,-85.3813,-85.386,-85.3907,-85.3953,-85.3999,-85.4045,-85.4091,-85.4137
972,-85.367,-85.3718,-85.3766,-85.3814,-85.3861,-85.3908,-85.3954,-85.4,-85.4046,-85.4092,-85.4138
973,-85.3671,-85.372,-85.3768,-85.3815,-85.3862,-85.3909,-85.3955,-85.4002,-85.4048,-85.4093,-85.4139
974,-85.3672,-85.3721,-85.3769,-85.3816,-85.3863,-85.391,-85.3956,-85.4003,-85.4049,-85.4094,-85.414
975,-85.3673,-85.3722,-85.377,-85.3818,-85.3865,-85.3911,-85.3958,-85.4004,-85.405,-85.4096,-85.4141
976,-85.3674,-85.3723,-85.3771,-85.3819,-85.3866,-85.3912,-85.3959,-85.4005,-85.4051,-85.4097,-85.4142
977,-85.3676,-85.3724,-85.3772,-85.382,-85.3867,-85.3913,-85.396,-85.4006,-85.4052,-85.4098,-85.4143
978,-85.3677,-85.3726,-85.3774,-85.3821,-85.3868,-85.3915,-85.3961,-85.4007,-85.4053,-85.4099,-85.4144
979,-85.3678,-85.3727,-85.3775,-85.3822,-85.3869,-85.3916,-85.3962,-85.4008,-85.4054,-85.41,-85.4145
980,-85.3679,-85.3728,-85.3776,-85.3823,-85.387,-85.3917,-85.3963,-85.4009,-85.4055,-85.4101,-85.4146
981,-85.3681,-85.3729,-85.3777,-85.3824,-85.3871,-85.3918,-85.3964,-85.401,-85.4056,-85.4102,-85.4147
982,-85.3682,-85.373,-85.3778,-85.3826,-85.3873,-85.3919,-85.3965,-85.4011,-85.4057,-85.4103,-85.4148
983,-85.3683,-85.3732,-85.3779,-85.3827,-85.3874,-85.392,-85.3966,-85.4012,-85.4058,-85.4104,-85.415
984,-85.3684,-85.3733,-85.3781,-85.3828,-85.3875,-85.3921,-85.3967,-85.4013,-85.4059,-85.4105,-85.4151
985,-85.3685,-85.3734,-85.3782,-85.3829,-85.3876,-85.3922,-85.3969,-85.4014,-85.406,-85.4106,-85.4152
986,-85.3687,-85.3735,-85.3783,-85.383,-85.3877,-85.3923,-85.397,-85.4016,-85.4061,-85.4107,-85.4153
987,-85.3688,-85.3736,-85.3784,-85.3831,-85.3878,-85.3924,-85.3971,-85.4017,-85.4062,-85.4108,-85.4154
988,-85.3689,-85.3737,-85.3785,-85.3832,-85.3879,-85.3926,-85.3972,-85.4018,-85.4063,-85.4109,-85.4155
989,-85.369,-85.3738,-85.3786,-85.3833,-85.388,-85.3927,-85.3973,-85.4019,-85.4064,-85.411,-85.4156
990,-85.3691,-85.374,-85.3787,-85.3835,-85.3881,-85.3928,-85.3974,-85.402,-85.4065,-85.4111,-85.4157
991,-85.3692,-85.3741,-85.3788,-85.3836,-85.3882,-85.3929,-85.3975,-85.4021,-85.4066,-85.4112,-85.4158
992,-85.3693,-85.3742,-85.379,-85.3837,-85.3883,-85.393,-85.3976,-85.4022,-85.4067,-85.4113,-85.4159
993,-85.3695,-85.3743,-85.3791,-85.3838,-85.3885,-85.3931,-85.3977,-85.4023,-85.4068,-85.4114,-85.416
994,-85.3696,-85.3744,-85.3792,-85.3839,-85.3886,-85.3932,-85.3978,-85.4024,-85.4069,-85.4115,-85.4161
995,-85.3697,-85.3745,-85.3793,-85.384,-85.3887,-85.3933,-85.3979,-85.4025,-85.4071,-85.4116,-85.4161
996,-85.3698,-85.3746,-85.3794,-85.3841,-85.3888,-85.3934,-85.398,-85.4026,-85.4072,-85.4117,-85.4162
997,-85.3699,-85.3747,-85.3795,-85.3842,-85.3889,-85.3935,-85.3981,-85.4027,-85.4073,-85.4118,-85.4163
998,-85.37,-85.3749,-85.3796,-85.3843,-85.389,-85.3936,-85.3982,-85.4028,-85.4074,-85.4119,-85.4164
999,-85.3701,-85.375,-85.3797,-85.3844,-85.3891,-85.3937,-85.3983,-85.4029,-85.4074,-85.412,-85.4165
1000,-85.3703,-85.3751,-85.3798,-85.3845,-85.3892,-85.3938,-85.3984,-85.403,-85.4075,-85.4121,-85.4166
